Year,Month,Day,Hour,Minute,Temperature,Relative Humidity  [2 m above gnd],Mean Sea Level Pressure  [MSL],Total Precipitation  [sfc],Total Cloud Cover  [sfc],High Cloud Cover  [high cld lay],Medium Cloud Cover  [mid cld lay],Low Cloud Cover  [low cld lay],Sunshine Duration  [sfc],Shortwave Radiation  [sfc],Wind Speed  [10 m above gnd],Wind Direction  [10 m above gnd]
2018,7,9,0,0,20.51,68,1019.2,0,0,0,0,0,0,0,11.59,334.23
2018,7,9,1,0,19.37,74,1019.4,0,0,0,0,0,0,0,10.59,342.18
2018,7,9,2,0,18.28,79,1019,0,0,0,0,0,0,0,8.05,333.43
2018,7,9,3,0,17.43,83,1019.2,0,0,0,0,0,0,0,7.13,315
2018,7,9,4,0,16.65,83,1019.2,0,0,0,0,0,0,0,12.1,306.53
2018,7,9,5,0,15.36,82,1019,0,0,0,0,0,7.81,0,13.9,306.57
2018,7,9,6,0,14.72,81,1019.2,0,10,21,0,10,53.62,45.39,14.17,297.22
2018,7,9,7,0,14.97,79,1018.8,0,11.7,39,0,0,52.53,173.55,13.53,295.2
2018,7,9,8,0,16.51,74,1018.8,0,8.4,28,2,0,54.64,315.95,14.37,292.07
2018,7,9,9,0,18.19,68,1018.8,0,66,0,66,10,17.87,429.87,15.32,293.55
2018,7,9,10,0,20.03,61,1018.3,0,50,0,50,0,28.09,547.35,15.48,287.59
2018,7,9,11,0,21.67,54,1018.2,0,0,0,0,0,60,677.29,17.42,288.06
2018,7,9,12,0,22.79,49,1017.8,0,0,0,0,0,60,764.51,18.69,285.64
2018,7,9,13,0,23.66,41,1017.2,0,0,0,0,0,60,813.46,18.84,296.08
2018,7,9,14,0,23.68,46,1017,0,10,0,0,10,53.62,809.9,17.42,288.06
2018,7,9,15,0,24.61,46,1016.2,0,10,0,0,10,53.62,747.6,17.87,288.8
2018,7,9,16,0,25,44,1015.3,0,10,1,0,10,53.62,586.51,17.19,289.57
2018,7,9,17,0,25.55,42,1015,0,10,21,0,10,53.62,586.51,16.62,287.65
2018,7,9,18,0,25.05,43,1014.4,0,47,100,47,22,30,374.69,18.46,290.56
2018,7,9,19,0,24.1,43,1014.4,0,100,100,100,10,0,193.13,22.47,305.22
2018,7,9,20,0,22.64,45,1014.9,0,100,100,100,0,0,182.45,22.47,305.22
2018,7,9,21,0,20.49,51,1014.9,0,100,100,100,0,0,78.32,22.4,315
2018,7,9,22,0,18.8,56,1015.4,0,100,100,100,0,0,5.34,19.91,310.6
2018,7,9,23,0,17.75,58,1016.1,0,100,46,100,6,0,0,18.28,302.12
2018,7,10,0,0,16.79,60,1016,0,100,100,100,0,0,0,17.28,305.68
2018,7,10,1,0,16.11,63,1015.9,0,100,29,100,100,0,0,16.18,302.28
2018,7,10,2,0,15.35,66,1015.6,0,100,100,100,2,0,0,14.17,297.22
2018,7,10,3,0,14.84,68,1015.7,0,100,100,100,48,0,0,14.12,289.36
2018,7,10,4,0,14.39,72,1015.8,0,100,4,94,100,0,0,13.85,278.97
2018,7,10,5,0,13.94,75,1015.5,0,100,0,15,100,0,0,13.56,280.71
2018,7,10,6,0,13.74,75,1015.5,0,10,0,0,10,53.62,27.59,11.37,280.95
2018,7,10,7,0,13.92,74,1015.7,0,10,0,0,10,53.62,161.09,10.18,278.13
2018,7,10,8,0,14.61,70,1015.7,0,10,0,0,10,53.62,296.37,9.06,263.16
2018,7,10,9,0,15.63,62,1015.4,0,10,0,0,10,53.62,433.43,9.34,242.45
2018,7,10,10,0,16.72,56,1015.5,0,10,0,0,10,53.62,560.7,8.5,233.62
2018,7,10,11,0,17.83,50,1015.8,0,2,0,0,2,58.72,671.95,5.86,227.49
2018,7,10,12,0,18.79,45,1015.4,0,100,0,0,100,0,766.29,3.4,212.01
2018,7,10,13,0,19.13,44,1015.5,0,10,0,0,10,53.62,632.79,0.36,180
2018,7,10,14,0,15.72,71,1015.9,0.2,100,100,100,100,0,213.6,13.9,126.57
2018,7,10,15,0,16.88,65,1015.4,0.3,100,73,100,100,0,436.99,11.84,109.54
2018,7,10,16,0,17.22,61,1015.2,0.2,100,100,100,100,0,472.59,8.83,101.77
2018,7,10,17,0,16.87,62,1015.5,0.2,100,100,100,100,0,212.71,4.69,147.53
2018,7,10,18,0,16.64,64,1015.7,0.1,100,100,100,100,0,97.01,3.22,243.43
2018,7,10,19,0,16.57,65,1015.5,0.2,100,100,100,100,0,56.96,8.67,274.76
2018,7,10,20,0,14.9,81,1015.4,1,100,100,100,100,0,14.24,2.9,187.13
2018,7,10,21,0,14.43,88,1015,3.7,100,100,100,100,0,10.68,7.2,360
2018,7,10,22,0,14.39,88,1015.1,5,100,11,100,100,0,0,8.35,352.57
2018,7,10,23,0,14.43,88,1015.3,5.2,100,100,100,11,0,0,8.05,333.43
2018,7,11,0,0,14.34,88,1014.6,6,100,28,100,100,0,0,9.9,340.91
2018,7,11,1,0,14.21,89,1014.2,5.6,100,46,100,100,0,0,7.13,315
2018,7,11,2,0,14.11,90,1013.8,2.4,100,100,63,100,0,0,9,286.26
2018,7,11,3,0,14.05,90,1013.4,0.3,100,100,100,100,0,0,11.57,275.36
2018,7,11,4,0,14.03,90,1012.9,0,100,26,100,100,0,0,11.57,264.64
2018,7,11,5,0,13.99,91,1012.7,0,100,100,100,100,0,0,11.25,230.19
2018,7,11,6,0,13.83,91,1012.8,0,100,100,100,100,0,3.56,10.23,219.29
2018,7,11,7,0,14.56,87,1012.2,0,51,21,34,51,27.45,82.77,11.09,234.25
2018,7,11,8,0,15.46,82,1012.3,0,100,100,100,100,0,247.42,7.93,219.47
2018,7,11,9,0,16.15,79,1012.2,0,100,100,100,100,0,230.51,5.8,209.74
2018,7,11,10,0,17.01,75,1012.6,0,100,1,100,100,0,184.23,5.59,194.93
2018,7,11,11,0,18.72,68,1012.5,0,100,0,100,100,0,445.89,4.68,202.62
2018,7,11,12,0,19.57,64,1012.8,0,100,0,77,100,0,442.33,4.35,204.44
2018,7,11,13,0,19.31,63,1012.9,0,100,0,68,100,0,220.72,3.42,198.43
2018,7,11,14,0,18.5,69,1013.8,0.7,100,0,0,100,0,208.26,2.1,30.96
2018,7,11,15,0,18.7,67,1014,0.3,100,0,0,100,0,264.33,2.31,141.34
2018,7,11,16,0,18.72,65,1014.1,0.2,56,0,0,56,24.26,221.61,3.22,153.43
2018,7,11,17,0,18.86,63,1014,0,85,0,85,52,5.74,253.65,3.55,156.04
2018,7,11,18,0,18.88,62,1014.1,0,10,0,0,10,53.62,171.77,3.88,158.2
2018,7,11,19,0,19.19,60,1014.2,0,100,0,0,100,0,193.13,4.69,175.6
2018,7,11,20,0,18.94,60,1014.1,0,100,0,26,100,0,161.09,5.05,184.09
2018,7,11,21,0,18.57,61,1014.1,0,100,0,0,100,0,72.09,4.69,184.4
2018,7,11,22,0,18.32,61,1014.6,0,100,1,0,100,0,3.56,3.32,192.53
2018,7,11,23,0,17.94,61,1014.4,0,10.5,35,7,0,0,0,3.32,229.4
2018,7,12,0,0,17.71,63,1014.6,0,100,100,100,10,0,0,2.41,243.43
2018,7,12,1,0,17.49,64,1014.5,0,92,1,92,0,0,0,3.96,270
2018,7,12,2,0,16.99,67,1014.3,0,10,0,0,10,0,0,4.55,288.43
2018,7,12,3,0,16.51,70,1014.2,0,11.4,38,0,0,0,0,5.32,298.3
2018,7,12,4,0,16.09,72,1014.2,0,61,100,61,0,0,0,3.62,275.71
2018,7,12,5,0,15.55,75,1014,0,30,1,30,0,3.08,0,3.24,270
2018,7,12,6,0,15.44,76,1014.1,0,30,100,11,0,40.85,43.61,4.9,252.9
2018,7,12,7,0,16.66,72,1014,0,39,100,39,0,35.11,164.65,4.35,294.44
2018,7,12,8,0,17.63,64,1013.8,0,100,100,100,0,0,266.11,8.05,296.57
2018,7,12,9,0,18.16,63,1013.8,0,100,100,100,10,0,331.97,9.11,288.43
2018,7,12,10,0,17.88,65,1014.3,0,100,100,100,93,0,225.17,9.02,298.61
2018,7,12,11,0,19.31,63,1014,0,100,15,100,26,0,269.67,12.48,303.23
2018,7,12,12,0,19.16,64,1014,0,100,8,100,100,0,616.77,14.34,298.5
2018,7,12,13,0,19.14,65,1014.2,0,100,7,100,100,0,356,16.42,296
2018,7,12,14,0,18.85,79,1012.2,0.1,100,100,100,100,0,128.16,23.8,349.54
2018,7,12,15,0,19.15,77,1012.7,0,100,66,22,100,0,148.63,19.93,339.93
2018,7,12,16,0,20.25,69,1012.4,0,100,0,0,100,0,147.74,19.32,333.43
2018,7,12,17,0,20.72,66,1012.9,0,100,5,0,100,0,129.05,20.83,350.05
2018,7,12,18,0,20.16,70,1013.5,0,100,87,25,100,0,121.93,18.01,357.71
2018,7,12,19,0,20.23,73,1013.8,0,100,32,2,100,0,113.92,12.61,1.64
2018,7,12,20,0,20.33,74,1013.7,0,100,100,100,100,0,107.69,9.75,355.76
2018,7,12,21,0,19.98,75,1013.6,0,100,100,100,100,0,66.75,8.35,352.57
2018,7,12,22,0,19.94,73,1014.1,0,100,11,40,100,0,1.78,5.48,336.8
2018,7,12,23,0,19.71,73,1014.5,0,100,0,0,100,0,0,4.1,322.13
2018,7,13,0,0,18.96,76,1014.5,0,100,7,1,100,0,0,5.4,306.87
2018,7,13,1,0,18.19,80,1014.9,0,100,12,6,100,0,0,6.61,330.64
2018,7,13,2,0,17.67,83,1014.9,0,100,16,22,100,0,0,6.37,317.29
2018,7,13,3,0,17.34,85,1014.8,0,100,16,0,100,0,0,6.61,299.36
2018,7,13,4,0,16.7,84,1015,0,53,18,53,0,0,0,6.62,292.38
2018,7,13,5,0,16.12,83,1014.9,0,2.7,9,1,0,3.26,0,5.35,289.65
2018,7,13,6,0,16.51,80,1015.1,0,100,4,0,100,0,32.93,7.63,289.29
2018,7,13,7,0,16.69,79,1015.3,0,26,0,10,26,43.4,120.15,9.18,281.31
2018,7,13,8,0,17.01,80,1015.6,0,100,0,10,100,0,97.01,9.73,267.88
2018,7,13,9,0,18.26,77,1015.6,0,100,0,0,100,0,161.98,12.96,270
2018,7,13,10,0,19.92,70,1016,0,100,0,0,100,0,326.63,15.19,275.44
2018,7,13,11,0,23.03,59,1015.8,0,0,0,0,0,60,593.63,17.65,281.77
2018,7,13,12,0,25.19,50,1015.3,0,33,0,33,0,38.94,744.04,21.87,302.91
2018,7,13,13,0,26.15,44,1015.4,0,57,0,57,10,23.62,770.74,24.95,316.17
2018,7,13,14,0,26.43,45,1015.8,0,10,0,0,10,53.62,770.74,21.03,308.05
2018,7,13,15,0,25.84,45,1015.8,0,100,0,10,100,0,470.81,18.08,314.19
2018,7,13,16,0,25.11,47,1016.1,0.2,100,0,10,100,0,195.8,18.58,315.78
2018,7,13,17,0,25.08,46,1016.5,0.3,65,0,65,65,18.51,283.02,17.34,318.37
2018,7,13,18,0,24.49,48,1016.6,0,88,0,88,26,3.83,168.21,15.08,326.69
2018,7,13,19,0,24.82,47,1016.6,0,0,0,0,0,60,334.64,15.08,326.69
2018,7,13,20,0,24.32,49,1016.5,0,80,0,80,0,8.94,184.23,11.72,312.51
2018,7,13,21,0,23.5,51,1016.1,0,0,0,0,0,27.4,87.22,9.36,292.62
2018,7,13,22,0,22.82,53,1016.5,0,0,0,0,0,0,3.56,9.36,292.62
2018,7,13,23,0,21.89,58,1017,0,10,0,10,10,0,0,9.83,298.44
2018,7,14,0,0,20.79,61,1017,0,0,0,0,0,0,0,8.4,300.96
2018,7,14,1,0,19.9,65,1016.9,0,0,0,0,0,0,0,7.59,301.43
2018,7,14,2,0,18.77,70,1017.4,0,0,0,0,0,0,0,8.67,318.37
2018,7,14,3,0,18.05,72,1017.6,0,91,0,91,0,0,0,11.02,321.63
2018,7,14,4,0,17.08,75,1017.5,0,4,0,4,0,0,0,12.89,324.09
2018,7,14,5,0,16.12,80,1017.6,0,55,0,55,55,0.9,0,12.5,318.5
2018,7,14,6,0,15.89,83,1017.7,0,72,0,72,72,14.04,28.48,13.24,315
2018,7,14,7,0,16.41,82,1017.7,0,0,0,0,0,60,140.62,13.25,317.2
2018,7,14,8,0,17.59,79,1018.3,0,50,0,50,0,28.09,300.82,12.98,316.12
2018,7,14,9,0,19.04,74,1018.2,0,0,0,0,0,60,437.88,12.48,303.23
2018,7,14,10,0,20.63,69,1018.4,0,0,0,0,0,60,564.26,13.22,299.36
2018,7,14,11,0,22.23,60,1018.1,0,0,0,0,0,60,674.62,15.88,302.97
2018,7,14,12,0,23.17,52,1018.1,0,10,0,0,10,53.62,719.12,16.87,303.69
2018,7,14,13,0,23.93,48,1017.7,0,10,0,0,10,53.62,800.11,17.79,305.94
2018,7,14,14,0,24.23,50,1017.7,0,0,0,0,0,60,812.57,15.78,315
2018,7,14,15,0,24.72,47,1017.4,0,0,0,0,0,60,765.4,15.53,314.06
2018,7,14,16,0,24.91,45,1017,0,0,0,0,0,60,715.56,15.28,316.91
2018,7,14,17,0,24.85,45,1016.7,0,10,0,0,10,53.62,581.17,14.57,320.01
2018,7,14,18,0,24.66,44,1016.7,0,10,0,0,10,53.62,482.38,14.51,330.26
2018,7,14,19,0,24.19,46,1016.7,0,10,0,0,10,53.62,336.42,12.98,340.56
2018,7,14,20,0,23.48,48,1016.9,0,10,0,0,10,53.62,203.81,13.44,352.3
2018,7,14,21,0,22.32,54,1016.8,0,10,0,0,10,23.63,80.99,13.7,3.01
2018,7,14,22,0,20.85,59,1017.2,0,0,0,0,0,0,2.67,12.78,9.73
2018,7,14,23,0,19.69,60,1017.7,0,0,0,0,0,0,0,11.5,20.14
2018,7,15,0,0,18.7,63,1017.9,0,10,0,0,10,0,0,9.57,19.8
2018,7,15,1,0,17.88,66,1017.9,0,10,0,0,10,0,0,7.99,7.77
2018,7,15,2,0,17.25,69,1017.7,0,10,0,0,10,0,0,6.13,3.37
2018,7,15,3,0,16.76,72,1018,0,0,0,0,0,0,0,6.16,353.29
2018,7,15,4,0,16.2,73,1017.9,0,1,0,0,1,0,0,6.64,347.47
2018,7,15,5,0,15.84,74,1017.8,0,0,0,0,0,0.93,0,5.59,345.07
2018,7,15,6,0,15.83,75,1017.9,0,0,0,0,0,60,34.71,5.96,334.98
2018,7,15,7,0,16.86,69,1017.8,0,0,0,0,0,60,157.53,7.73,332.24
2018,7,15,8,0,17.91,69,1017.8,0,0,0,0,0,60,299.04,8.09,327.72
2018,7,15,9,0,19.19,64,1017.7,0,0,0,0,0,60,441.44,9.69,318.01
2018,7,15,10,0,20.33,59,1018,0,10,0,0,10,53.62,557.14,12.22,315
2018,7,15,11,0,21.39,55,1017.9,0,10,0,0,10,53.62,654.15,13.55,320.39
2018,7,15,12,0,22.35,51,1017.7,0,0,0,0,0,60,736.03,13.48,325.89
2018,7,15,13,0,23.19,48,1017.2,0,10,0,0,10,53.62,800.11,13.22,330.64
2018,7,15,14,0,22.2,53,1017,0,10,0,0,10,53.62,647.03,10.74,346.43
2018,7,15,15,0,23.03,50,1016.7,0,52,0,0,52,26.81,645.25,11.53,345.53
2018,7,15,16,0,23.31,49,1016.2,0,0,0,0,0,60,719.12,10.95,350.54
2018,7,15,17,0,23.54,49,1016.1,0,1,0,0,1,59.36,620.33,9.78,353.66
2018,7,15,18,0,23.4,47,1015.9,0,100,0,0,100,0,441.44,10.14,353.88
2018,7,15,19,0,23.26,49,1015.6,0,100,0,0,100,0,250.98,9.96,347.47
2018,7,15,20,0,22.77,51,1015.5,0,0,0,0,0,60,218.94,9.79,342.9
2018,7,15,21,0,21.98,54,1015.5,0,0,0,0,0,25.43,82.77,8.56,337.75
2018,7,15,22,0,21.21,57,1015.8,0,10,0,0,10,0,2.67,7.13,315
2018,7,15,23,0,20.46,60,1016.5,0,10,0,0,10,0,0,7.39,316.97
2018,7,16,0,0,19.52,64,1016.5,0,10,0,0,10,0,0,7.34,348.69
2018,7,16,1,0,18.3,69,1016.3,0,10,0,0,10,0,0,7.17,17.53
2018,7,16,2,0,17.55,74,1016.2,0,0,0,0,0,0,0,5.01,21.04
2018,7,16,3,0,17.04,77,1016.2,0,0.3,1,0,0,0,0,4.32,360
2018,7,16,4,0,16.56,80,1016.1,0,5.7,19,0,0,0,0,4.74,351.25
2018,7,16,5,0,16.11,82,1015.7,0,5.4,18,0,0,56.25,0,4.33,355.24
2018,7,16,6,0,16.22,83,1015.8,0,11.4,38,0,0,52.72,38.27,3.88,338.2
2018,7,16,7,0,17.63,80,1015.8,0,12,40,0,0,52.34,165.54,2.41,296.57
2018,7,16,8,0,19.34,72,1015.6,0,11.4,38,0,0,52.72,304.38,5.12,309.29
2018,7,16,9,0,20.77,65,1015.2,0,12.6,42,12,0,51.96,439.66,7.39,313.03
2018,7,16,10,0,21.95,59,1015.3,0,53,42,53,0,26.17,561.59,7.65,311.19
2018,7,16,11,0,22.99,55,1014.8,0,100,100,100,0,0,639.02,7.65,311.19
2018,7,16,12,0,24.16,51,1014.4,0,100,100,100,0,0,663.94,7.79,326.31
2018,7,16,13,0,25.3,48,1013.8,0,87,58,87,0,4.47,745.82,9.61,347.01
2018,7,16,14,0,25.72,45,1012.8,0,10,8,0,10,53.62,777.86,6.92,8.97
2018,7,16,15,0,26.37,41,1012.6,0,10,0,0,10,53.62,728.91,7.24,26.57
2018,7,16,16,0,26.72,39,1012,0,10,0,10,10,53.62,687.08,8.79,34.99
2018,7,16,17,0,26.89,38,1011.9,0,0,0,0,0,60,599.86,9,36.87
2018,7,16,18,0,26.79,39,1011.6,0,4.5,15,0,0,57.13,494.84,9.5,37.3
2018,7,16,19,0,26.54,39,1011.6,0,10.2,34,0,0,53.49,362.23,9.73,38.99
2018,7,16,20,0,26.06,40,1011.4,0,30,100,0,0,40.85,219.83,9.89,33.11
2018,7,16,21,0,25.32,43,1011.1,0,30,100,0,0,16.6,85.44,5.94,14.04
2018,7,16,22,0,24.94,44,1011.1,0,10.2,34,5,0,0,2.67,6.85,3.01
2018,7,16,23,0,23.33,54,1011.5,0,7.5,25,1,0,0,0,9.11,18.43
2018,7,17,0,0,21.38,65,1011.5,0,63,19,63,0,0,0,11.27,26.57
2018,7,17,1,0,20.23,68,1011.6,0,18,35,18,0,0,0,9.98,25.64
2018,7,17,2,0,19.36,72,1011.2,0,61,100,61,0,0,0,8.56,14.62
2018,7,17,3,0,18.66,75,1011.2,0,22,31,22,0,0,0,8.28,360
2018,7,17,4,0,17.86,79,1011.1,0,8.1,27,0,0,0,0,7.86,344.05
2018,7,17,5,0,17.07,82,1011,0,19.8,66,0,1,46.09,0,7.41,330.95
2018,7,17,6,0,17.34,80,1010.9,0,30,100,0,13,40.85,33.82,7.1,329.53
2018,7,17,7,0,18.54,72,1010.7,0,100,100,0,100,0,109.47,8.43,340.02
2018,7,17,8,0,20.44,63,1010.7,0,5.1,17,0,0,56.74,266.11,10.74,346.43
2018,7,17,9,0,22.36,56,1010.7,0,1.2,4,0,0,59.23,433.43,13.28,347.47
2018,7,17,10,0,24.06,50,1010.8,0,9.9,33,2,0,53.68,556.25,14.62,350.07
2018,7,17,11,0,25.28,45,1010.5,0,10.2,34,0,0,53.49,658.6,14.76,347.32
2018,7,17,12,0,25.96,43,1010,0,68,100,68,0,16.6,703.1,15.68,350.75
2018,7,17,13,0,26.03,44,1010.1,0,100,100,100,0,0,579.39,16.22,357.46
2018,7,17,14,0,21.44,63,1012.2,0,100,100,100,100,0,130.83,16.56,1.25
2018,7,17,15,0,21.21,65,1012.1,0,100,100,100,100,0,187.79,18.72,360
2018,7,17,16,0,20.41,71,1011.9,0,100,100,100,100,0,281.24,19.11,3.24
2018,7,17,17,0,20.43,74,1011.8,0,100,100,100,0,0,375.58,18.75,356.7
2018,7,17,18,0,18.31,88,1012.3,0,100,100,100,100,0,165.54,13.63,347.8
2018,7,17,19,0,19.88,83,1011.8,0.1,100,100,100,4,0,78.32,10.93,342.76
2018,7,17,20,0,20.87,75,1011.7,0.3,100,100,100,8,0,147.74,16.2,358.73
2018,7,17,21,0,18.93,82,1012,0.4,100,100,100,100,0,37.38,14.62,350.07
2018,7,17,22,0,18.09,87,1012.2,0.1,100,32,100,100,0,0.89,10.99,328.39
2018,7,17,23,0,18.18,85,1012.2,0,100,100,100,0,0,0,10.2,312.14
2018,7,18,0,0,17.86,85,1011.8,0,63,100,63,0,0,0,11.09,305.75
2018,7,18,1,0,17.71,85,1011.5,0,70,100,70,0,0,0,11.53,308.66
2018,7,18,2,0,17.77,86,1011.4,0,73,100,73,2,0,0,12.74,317.29
2018,7,18,3,0,17.96,86,1011.7,0,100,100,11,100,0,0,14.84,320.91
2018,7,18,4,0,17.9,88,1011.8,0,100,100,100,100,0,0,15.48,324.46
2018,7,18,5,0,17.71,91,1011.6,0,100,100,100,100,0,0,14.84,320.91
2018,7,18,6,0,17.51,92,1012.1,0,100,100,100,0,0,9.79,14.53,311.99
2018,7,18,7,0,17.55,91,1012.1,0,100,100,100,10,0,56.96,16.28,305.1
2018,7,18,8,0,18.49,87,1012.4,0,100,100,100,100,0,97.9,14.8,318.95
2018,7,18,9,0,19.79,82,1012.7,0,100,100,100,0,0,198.47,15.63,321.55
2018,7,18,10,0,21.6,76,1013.1,0,100,43,100,45,0,380.92,16.64,308.85
2018,7,18,11,0,22.81,71,1012.9,0,100,14,100,0,0,546.46,20.88,324.12
2018,7,18,12,0,22.52,70,1013.3,0.5,77,10,77,63,10.85,362.23,21.61,330.02
2018,7,18,13,0,23.37,67,1013.5,0.6,70,7,70,64,15.32,428.98,22.1,329.68
2018,7,18,14,0,25.44,53,1013.4,0.2,10,28,10,10,53.62,542.01,23.84,321.75
2018,7,18,15,0,25.98,49,1013.4,0,10.5,35,1,10,53.3,562.48,23.27,325.08
2018,7,18,16,0,26.27,47,1013,0,76,100,76,10,11.49,637.24,23.17,327.05
2018,7,18,17,0,26.47,46,1013.2,0,100,100,100,10,0,500.18,22.22,333.02
2018,7,18,18,0,26.34,47,1013.3,0,100,100,100,10,0,402.28,21.66,338.55
2018,7,18,19,0,25.9,47,1013.1,0,100,100,100,10,0,313.28,21.29,341.26
2018,7,18,20,0,25.23,48,1013.5,0,100,100,100,10,0,196.69,19.47,340.56
2018,7,18,21,0,24.2,52,1013.7,0,100,100,100,0,0,72.98,17.07,335.06
2018,7,18,22,0,23.12,56,1014.1,0,45,100,45,0,0,1.78,15.78,325.22
2018,7,18,23,0,22.1,58,1014.6,0,30,100,0,0,0,0,17.1,319.27
2018,7,19,0,0,20.78,62,1014.8,0,30,100,0,0,0,0,18.33,315
2018,7,19,1,0,19.39,69,1014.7,0,30,100,0,0,0,0,18.86,311.91
2018,7,19,2,0,18.39,73,1015,0,30,100,0,0,0,0,19.17,309.67
2018,7,19,3,0,17.61,74,1015.1,0,30,100,0,0,0,0,19.08,305.79
2018,7,19,4,0,16.86,77,1015.2,0,26.1,87,0,0,0,0,19.17,304.29
2018,7,19,5,0,16.03,79,1015.1,0,11.1,37,0,0,49.16,0,18.09,301.16
2018,7,19,6,0,15.6,80,1015,0,10.2,34,0,5,53.49,32.93,17.91,300.17
2018,7,19,7,0,16.11,79,1015,0,100,25,0,100,0,105.02,18.19,297.07
2018,7,19,8,0,17.13,78,1015.2,0,100,19,10,100,0,184.23,18.04,298.61
2018,7,19,9,0,18.64,74,1015.2,0,100,18,100,100,0,190.46,19.58,302.23
2018,7,19,10,0,19.82,70,1015.5,0.2,100,19,100,100,0,204.7,21.67,311.63
2018,7,19,11,0,20.1,68,1015.6,0.7,100,18,8,100,0,357.78,24.7,316.77
2018,7,19,12,0,18.83,74,1016.1,0.7,100,11,0,100,0,249.2,25.31,320.19
2018,7,19,13,0,17.35,80,1016.4,1.8,100,23,10,100,0,94.34,24.52,319.76
2018,7,19,14,0,24.25,49,1015.9,0,10,0,0,10,53.62,656.82,18.29,349.8
2018,7,19,15,0,25.25,44,1016,0,6,0,0,6,56.17,548.24,17.46,351.7
2018,7,19,16,0,25.7,41,1015.6,0,0,0,0,0,60,703.99,17.65,348.23
2018,7,19,17,0,25.75,40,1015.4,0,0,0,0,0,60,612.32,17.42,341.94
2018,7,19,18,0,25.47,39,1015.5,0,0,0,0,0,60,491.28,17.99,340.11
2018,7,19,19,0,24.81,39,1015.4,0,0,0,0,0,60,354.22,17.42,341.94
2018,7,19,20,0,23.88,39,1015.1,0,0,0,0,0,60,211.82,16.62,342.35
2018,7,19,21,0,22.55,42,1015.8,0,0,0,0,0,20.95,75.65,14.24,339.27
2018,7,19,22,0,21.26,44,1016.3,0,0,0,0,0,0,0.89,11.63,338.2
2018,7,19,23,0,20.34,45,1016.8,0,0,0,0,0,0,0,8.43,340.02
2018,7,20,0,0,19.72,46,1016.7,0,0,0,0,0,0,0,6.44,333.43
2018,7,20,1,0,19.42,45,1016.5,0,0,0,0,0,0,0,4.84,318.01
2018,7,20,2,0,18.91,46,1015.8,0,0,0,0,0,0,0,4.51,298.61
2018,7,20,3,0,18.08,49,1016.2,0,0,0,0,0,0,0,6.44,296.57
2018,7,20,4,0,16.67,55,1016.2,0,0,0,0,0,0,0,6.44,296.57
2018,7,20,5,0,15.67,60,1015.6,0,0,0,0,0,54.38,0,5.32,298.3
2018,7,20,6,0,15.5,63,1015.7,0,0,0,0,0,60,26.7,5,300.26
2018,7,20,7,0,16.82,62,1015.8,0,0,0,0,0,60,146.85,3.4,302.01
2018,7,20,8,0,19,54,1015.7,0,0,0,0,0,60,288.36,4.84,318.01
2018,7,20,9,0,20.58,49,1015.5,0,0,0,0,0,60,431.65,5.69,304.7
2018,7,20,10,0,22,44,1015.5,0,0,0,0,0,60,563.37,8.31,274.97
2018,7,20,11,0,23.39,41,1015.1,0,1.2,4,0,0,59.23,673.73,10.04,284.53
2018,7,20,12,0,24.71,38,1014.9,0,10,0,0,10,53.62,747.6,11.59,295.77
2018,7,20,13,0,25.59,37,1014.3,0,10,0,0,10,53.62,763.62,13.1,307.18
2018,7,20,14,0,25.72,42,1014.2,0,10,0,0,10,53.62,761.84,11.09,324.25
2018,7,20,15,0,26.22,41,1013.5,0,10,0,0,10,53.62,729.8,9.69,328.67
2018,7,20,16,0,26.52,40,1012.8,0,10,0,0,10,53.62,666.61,7.57,334.65
2018,7,20,17,0,26.67,40,1012.8,0,10,0,0,10,53.62,574.94,6.29,346.76
2018,7,20,18,0,26.58,41,1012.3,0,10,0,0,10,53.62,460.13,6.16,6.71
2018,7,20,19,0,26.24,42,1012.2,0,10,0,0,10,53.62,327.52,7.73,27.76
2018,7,20,20,0,25.57,44,1012.3,0,10,3,0,10,53.62,195.8,10.59,35.31
2018,7,20,21,0,24.29,48,1012.2,0,3.3,11,0,0,19.03,78.32,11.38,34.7
2018,7,20,22,0,22.88,50,1012.7,0,2.1,7,0,0,0,0.89,11.59,36.16
2018,7,20,23,0,21.8,49,1013.1,0,10,1,0,10,0,0,13.78,40.76
2018,7,21,0,0,20.1,56,1013,0,10,11,0,10,0,0,15.46,62.24
2018,7,21,1,0,18.96,58,1012.9,0,3.9,13,0,0,0,0,12.77,68.5
2018,7,21,2,0,18.11,56,1012.8,0,3.6,12,0,0,0,0,11.79,77.66
2018,7,21,3,0,17.5,58,1012.7,0,10,15,0,10,0,0,10.14,83.88
2018,7,21,4,0,17.06,58,1012.5,0,10,11,0,10,0,0,9.83,81.57
2018,7,21,5,0,16.69,57,1012.1,0,75,57,75,10,10.71,0,10.24,79.88
2018,7,21,6,0,17.16,54,1012,0,100,100,100,0,0,19.58,10.18,81.87
2018,7,21,7,0,18.53,47,1012.3,0,100,100,100,2,0,134.39,11.16,90
2018,7,21,8,0,19.99,45,1012.3,0,100,94,0,100,0,255.43,12.6,90
2018,7,21,9,0,20.98,47,1012.1,0,100,17,0,100,0,234.96,13.68,91.51
2018,7,21,10,0,22.78,45,1012,0,28,0,28,0,42.13,480.6,14.4,90
2018,7,21,11,0,24.19,43,1011.9,0,0,0,0,0,60,655.93,14.4,90
2018,7,21,12,0,25.75,41,1011.4,0,0,0,0,0,60,741.37,13.68,90
2018,7,21,13,0,26.92,39,1011.3,0,0,0,0,0,60,785.87,12.24,90
2018,7,21,14,0,26.14,37,1011.9,0,35,14,35,0,37.66,782.31,10.01,37.69
2018,7,21,15,0,26.63,36,1011.5,0,67,85,67,0,17.23,759.17,10.59,35.31
2018,7,21,16,0,26.87,36,1011.5,0,52,56,52,0,26.81,662.16,9.69,31.33
2018,7,21,17,0,26.96,37,1011.4,0,56,54,56,0,24.26,596.3,8.89,31.76
2018,7,21,18,0,26.84,37,1011.2,0,100,100,100,0,0,462.8,9.39,32.47
2018,7,21,19,0,26.53,38,1010.9,0,100,100,100,0,0,339.09,8.94,40.1
2018,7,21,20,0,26.07,39,1011.1,0,18,21,18,0,48.51,201.14,8.16,41.42
2018,7,21,21,0,25.19,43,1011.2,0,4.2,14,0,0,17.62,79.21,7.15,49.09
2018,7,21,22,0,24.11,47,1011.5,0,4.2,14,0,0,0,0.89,8.53,62.35
2018,7,21,23,0,22.39,51,1012.2,0,3.9,13,0,0,0,0,10.59,72.18
2018,7,22,0,0,20.91,51,1012.1,0,7.2,24,0,0,0,0,10.37,69.68
2018,7,22,1,0,19.97,53,1011.9,0,100,100,100,0,0,0,10.03,68.96
2018,7,22,2,0,19.33,55,1011.9,0,100,100,100,0,0,0,9.23,69.44
2018,7,22,3,0,18.82,58,1012.3,0,100,100,100,0,0,0,7.75,68.2
2018,7,22,4,0,18.28,61,1012.1,0,100,80,100,0,0,0,6.62,67.62
2018,7,22,5,0,17.83,64,1012.1,0,100,31,100,0,0,0,6.15,69.44
2018,7,22,6,0,17.92,65,1012.1,0,55,15,55,0,24.89,26.7,5.59,75.07
2018,7,22,7,0,19.22,64,1012.1,0,61,9,61,0,21.06,148.63,5.41,93.81
2018,7,22,8,0,20.81,60,1012.4,0,48,22,48,0,29.36,285.69,6.44,116.57
2018,7,22,9,0,22.31,50,1012.2,0,96,14,96,0,0,416.52,6.92,117.9
2018,7,22,10,0,23.61,45,1012.3,0,91,11,91,0,1.91,522.43,6.12,118.07
2018,7,22,11,0,24.7,42,1012.2,0,98,15,98,0,0,629.23,3.6,90
2018,7,22,12,0,25.77,38,1012.2,0,89,16,89,0,3.19,704.88,3.6,36.87
2018,7,22,13,0,26.68,36,1012,0,32,10,32,0,39.57,759.17,5.24,15.95
2018,7,22,14,0,26.29,44,1012.2,0,100,0,100,0,0,571.38,5.62,309.81
2018,7,22,15,0,26.84,44,1012.1,0,57,0,57,15,23.62,677.29,7.9,313.15
2018,7,22,16,0,26.78,43,1012,0.1,41,0,41,41,33.83,475.26,10.7,317.73
2018,7,22,17,0,26.65,43,1012.3,0.4,40,0,40,40,34.47,412.96,11.72,317.49
2018,7,22,18,0,26.13,44,1012.1,0.1,10,0,0,10,53.62,334.64,11.97,313.78
2018,7,22,19,0,26.14,44,1012.2,0.1,41,0,41,41,33.83,310.61,11.46,313.73
2018,7,22,20,0,25.63,45,1012.5,0,38,0,38,38,35.74,148.63,10.74,320.44
2018,7,22,21,0,25,48,1012.4,0,100,0,100,0,0,67.64,9.23,339.44
2018,7,22,22,0,23.36,56,1012.9,0,100,0,100,15,0,0,11.25,7.35
2018,7,22,23,0,22.04,60,1013.3,0,62,0,62,0,0,0,6.83,18.43
2018,7,23,0,0,21.18,65,1013.2,0,0,0,0,0,0,0,4.33,41.63
2018,7,23,1,0,20.67,67,1013.1,0,35,0,35,35,0,0,2.55,81.87
2018,7,23,2,0,20.34,69,1013.3,0,0,0,0,0,0,0,1.61,153.43
2018,7,23,3,0,20.55,75,1014.3,0,0,0,0,0,0,0,8.7,335.56
2018,7,23,4,0,19.53,80,1014.7,0,0,0,0,0,0,0,10.99,328.39
2018,7,23,5,0,18.46,82,1014.8,0,0,0,0,0,50.14,0,11.53,321.34
2018,7,23,6,0,17.91,82,1015.4,0,0,0,0,0,60,20.47,11.72,317.49
2018,7,23,7,0,18.21,80,1015.5,0,0,0,0,0,60,136.17,11.21,317.6
2018,7,23,8,0,19,77,1015.7,0,0,0,0,0,60,277.68,10.51,308.05
2018,7,23,9,0,20.35,71,1015.8,0,0,0,0,0,60,420.08,10.63,298.3
2018,7,23,10,0,21.66,62,1015.7,0,0,0,0,0,60,552.69,12.88,296.57
2018,7,23,11,0,22.92,54,1015.9,0,0,0,0,0,60,664.83,14.49,296.57
2018,7,23,12,0,24.05,50,1016,0,0,0,0,0,60,746.71,15.63,298.93
2018,7,23,13,0,24.98,46,1015.7,0,0,0,0,0,60,794.77,16.49,301.61
2018,7,23,14,0,25.75,43,1015.2,0,0,0,0,0,60,804.56,16.92,308.09
2018,7,23,15,0,26.27,43,1015.1,0,0,0,0,0,60,773.41,16.04,314.09
2018,7,23,16,0,26.59,43,1015.1,0,0,0,0,0,60,704.88,15.63,321.55
2018,7,23,17,0,26.72,44,1015.2,0,0,0,0,0,60,603.42,15.19,328.57
2018,7,23,18,0,26.59,46,1014.9,0,0,0,0,0,60,480.6,14.84,337.17
2018,7,23,19,0,26.29,47,1015,0,0,0,0,0,60,340.87,14,342.03
2018,7,23,20,0,25.69,49,1015.1,0,0,0,0,0,60,197.58,13.2,349
2018,7,23,21,0,24.76,52,1015.3,0,0,0,0,0,15.76,64.08,9.06,353.16
2018,7,23,22,0,24.14,54,1015.7,0,0,0,0,0,0,0,6.57,350.54
2018,7,23,23,0,23.61,55,1015.9,0,0,0,0,0,0,0,6.29,346.76
