LAT;;;;;50.9803;50.9803;50.9803;50.9803;50.9803;50.9803;50.9803;50.9803;50.9803;50.9803;50.9803;50.9803;50.9803;50.9803;50.9803;50.9803;50.9803;50.9803
LON;;;;;11.3290;11.3290;11.3290;11.3290;11.3290;11.3290;11.3290;11.3290;11.3290;11.3290;11.3290;11.3290;11.3290;11.3290;11.3290;11.3290;11.3290;11.3290
ASL;;;;;220.000;220.000;220.000;220.000;220.000;220.000;220.000;220.000;220.000;220.000;220.000;220.000;220.000;220.000;220.000;220.000;220.000;220.000
CITY;;;;;Weimar;Weimar;Weimar;Weimar;Weimar;Weimar;Weimar;Weimar;Weimar;Weimar;Weimar;Weimar;Weimar;Weimar;Weimar;Weimar;Weimar;Weimar
DOMAIN;;;;;NEMS4;NEMS4;NEMS4;NEMS4;NEMS4;NEMS4;NEMS4;NEMS4;NEMS4;NEMS4;NEMS4;NEMS4;NEMS4;NEMS4;NEMS4;NEMS4;NEMS4;NEMS4
LEVEL;;;;;2 m above gnd;2 m above gnd;MSL;sfc;sfc;sfc;high cld lay;mid cld lay;low cld lay;sfc;sfc;10 m above gnd;10 m above gnd;80 m above gnd;80 m above gnd;900 mb;900 mb;sfc
NAME;;;;;Temperature;Relative Humidity;Mean Sea Level Pressure;Total Precipitation;Snowfall amount raw;Total Cloud Cover;High Cloud Cover;Medium Cloud Cover;Low Cloud Cover;Sunshine Duration;Shortwave Radiation;Wind Speed;Wind Direction;Wind Speed;Wind Direction;Wind Speed;Wind Direction;Wind Gust
UNIT;;;;;째C;%;hPa;mm;cm;%;%;%;%;min;W/m2;km/h;째;km/h;째;km/h;째;km/h
AGGREGATION;;;;;;;;;;;;;;;;;;;;;;
UTC_OFFSET;;;;;2;2;2;2;2;2;2;2;2;2;2;2;2;2;2;2;2;2

Year;Month;Day;Hour;Minute;Temperature  [2 m above gnd];Relative Humidity  [2 m above gnd];Mean Sea Level Pressure  [MSL];Total Precipitation  [sfc];Snowfall amount raw  [sfc];Total Cloud Cover  [sfc];High Cloud Cover  [high cld lay];Medium Cloud Cover  [mid cld lay];Low Cloud Cover  [low cld lay];Sunshine Duration  [sfc];Shortwave Radiation  [sfc];Wind Speed  [10 m above gnd];Wind Direction  [10 m above gnd];Wind Speed  [80 m above gnd];Wind Direction  [80 m above gnd];Wind Speed  [900 mb];Wind Direction  [900 mb];Wind Gust  [sfc]
2018;08;17;00;00;21.18;64.00;1015.10;0.00;0.00;0.00;0.00;0.00;0.00;0.00;0.00;10.93;197.24;21.58;205.71;11.98;212.74;15.48
2018;08;17;01;00;20.30;66.00;1014.90;0.00;0.00;0.00;0.00;0.00;0.00;0.00;0.00;11.18;194.93;22.71;205.35;12.48;213.23;21.60
2018;08;17;02;00;19.46;69.00;1014.80;0.00;0.00;0.00;0.00;0.00;0.00;0.00;0.00;11.44;192.72;24.47;206.19;12.41;209.54;23.76
2018;08;17;03;00;18.76;71.00;1014.80;0.00;0.00;0.00;0.00;0.00;0.00;0.00;0.00;11.62;196.19;26.73;205.53;12.89;215.91;26.64
2018;08;17;04;00;18.05;74.00;1014.50;0.00;0.00;3.00;10.00;0.00;0.00;0.00;0.00;11.50;200.14;27.97;211.85;12.68;214.59;26.28
2018;08;17;05;00;17.71;76.00;1014.50;0.00;0.00;3.60;12.00;0.00;0.00;0.00;0.00;11.63;201.80;27.16;214.74;12.40;205.82;27.00
2018;08;17;06;00;17.37;77.00;1014.30;0.00;0.00;4.80;16.00;0.00;0.00;54.61;0.00;11.50;200.14;27.16;214.74;11.97;201.16;27.36
2018;08;17;07;00;19.36;70.00;1014.30;0.00;0.00;5.70;19.00;0.00;0.00;56.36;44.50;11.28;196.70;25.78;215.91;10.74;193.57;20.52
2018;08;17;08;00;22.97;60.00;1014.10;0.00;0.00;5.70;19.00;0.00;0.00;56.36;189.57;8.89;201.37;16.92;209.29;9.42;186.58;15.48
2018;08;17;09;00;25.78;51.00;1013.90;0.00;0.00;4.50;15.00;0.00;0.00;57.13;337.31;11.98;212.74;13.28;212.83;10.09;182.05;11.88
2018;08;17;10;00;27.20;46.00;1014.20;0.00;0.00;3.90;13.00;0.00;0.00;57.51;474.37;12.78;212.35;13.40;210.70;12.10;202.75;12.96
2018;08;17;11;00;27.99;40.00;1013.80;0.00;0.00;10.00;15.00;10.00;10.00;53.62;566.93;11.27;206.57;11.77;203.43;11.92;205.02;11.88
2018;08;17;12;00;28.65;38.00;1013.80;0.00;0.00;10.00;5.00;10.00;10.00;53.62;636.35;10.64;203.96;11.17;200.77;11.59;205.77;11.88
2018;08;17;13;00;29.19;35.00;1013.80;0.00;0.00;10.00;15.00;10.00;10.00;53.62;685.30;9.50;204.62;10.16;202.93;10.32;209.25;9.36
2018;08;17;14;00;30.00;35.00;1014.20;0.00;0.00;10.00;25.00;10.00;10.00;53.62;445.89;9.06;263.16;8.83;258.23;10.74;256.43;12.24
2018;08;17;15;00;28.99;37.00;1014.30;0.10;0.00;18.00;0.00;10.00;18.00;48.51;358.67;10.09;267.95;10.50;264.09;12.14;258.02;12.96
2018;08;17;16;00;28.28;39.00;1014.50;0.10;0.00;100.00;0.00;65.00;100.00;0.00;219.83;13.34;273.09;14.40;270.00;15.50;267.34;13.68
2018;08;17;17;00;27.02;46.00;1015.00;0.00;0.00;100.00;0.00;100.00;72.00;0.00;134.39;13.71;283.67;17.30;282.01;18.58;278.91;15.48
2018;08;17;18;00;25.71;53.00;1014.90;0.00;0.00;100.00;13.00;100.00;2.00;0.00;97.01;9.79;306.03;15.70;306.61;16.30;313.21;9.72
2018;08;17;19;00;26.67;47.00;1015.30;0.00;0.00;100.00;25.00;100.00;6.00;0.00;105.91;12.89;305.91;18.72;307.97;19.13;318.81;14.04
2018;08;17;20;00;24.29;58.00;1016.10;0.00;0.00;100.00;100.00;100.00;61.00;0.00;59.63;16.07;344.41;25.65;355.17;14.80;355.82;17.28
2018;08;17;21;00;22.30;67.00;1017.00;0.00;0.00;100.00;100.00;100.00;100.00;0.00;3.56;14.04;337.38;25.17;343.38;22.54;26.57;25.56
2018;08;17;22;00;21.00;75.00;1017.90;0.00;0.00;100.00;100.00;100.00;100.00;0.00;0.00;10.04;345.47;20.99;354.09;19.09;45.76;9.36
2018;08;17;23;00;20.62;76.00;1018.50;0.20;0.00;100.00;100.00;100.00;100.00;0.00;0.00;7.93;357.40;17.02;6.07;15.46;65.22;7.20
2018;08;18;00;00;20.02;79.00;1019.00;0.30;0.00;100.00;100.00;100.00;0.00;0.00;0.00;8.31;342.35;16.20;360.00;15.19;58.57;10.08
2018;08;18;01;00;19.36;82.00;1019.30;0.40;0.00;100.00;100.00;100.00;0.00;0.00;0.00;8.09;339.15;16.56;358.75;15.63;51.55;9.00
2018;08;18;02;00;18.60;81.00;1019.80;0.30;0.00;24.00;55.00;24.00;0.00;0.00;0.00;7.42;345.96;14.08;4.40;12.29;58.17;17.64
2018;08;18;03;00;17.84;82.00;1020.20;0.10;0.00;0.00;0.00;0.00;0.00;0.00;0.00;6.83;341.57;13.20;11.00;6.13;40.24;11.16
2018;08;18;04;00;17.24;83.00;1019.80;0.20;0.00;2.00;0.00;2.00;0.00;0.00;0.00;6.64;347.47;13.44;20.38;8.21;15.26;7.56
2018;08;18;05;00;16.68;86.00;1020.00;0.10;0.00;0.00;0.00;0.00;0.00;0.00;0.00;6.29;346.76;14.01;25.91;13.38;23.81;15.12
2018;08;18;06;00;16.27;88.00;1020.60;0.00;0.00;0.00;0.00;0.00;0.00;55.99;0.00;5.94;345.96;14.01;25.91;14.71;21.54;13.68
2018;08;18;07;00;17.03;85.00;1021.10;0.40;0.00;56.00;0.00;56.00;56.00;24.26;34.71;5.76;360.00;14.19;35.71;13.32;1.55;13.68
2018;08;18;08;00;18.42;80.00;1021.20;0.20;0.00;55.00;0.00;55.00;55.00;24.89;127.27;7.39;43.03;8.91;46.64;12.96;358.41;14.04
2018;08;18;09;00;19.97;74.00;1021.40;0.00;0.00;0.00;0.00;0.00;0.00;60.00;307.05;8.22;61.19;8.22;61.19;12.78;9.73;12.60
2018;08;18;10;00;21.72;66.00;1021.80;0.00;0.00;100.00;0.00;0.00;100.00;0.00;457.46;9.66;63.43;10.31;65.22;12.89;35.91;9.72
2018;08;18;11;00;22.48;61.00;1021.30;0.00;0.00;100.00;0.00;0.00;100.00;0.00;372.02;9.00;73.74;9.26;76.50;13.71;60.07;7.92
2018;08;18;12;00;22.47;61.00;1021.70;0.00;0.00;100.00;0.00;10.00;100.00;0.00;275.90;7.59;95.44;7.64;98.13;8.64;90.00;5.40
2018;08;18;13;00;23.66;57.00;1021.60;0.00;0.00;63.00;0.00;0.00;63.00;19.79;443.22;6.73;105.52;6.83;108.43;6.92;98.97;4.68
2018;08;18;14;00;23.68;61.00;1021.50;0.00;0.00;0.00;0.00;0.00;0.00;60.00;736.03;4.74;8.75;4.38;9.46;2.31;321.34;9.00
2018;08;18;15;00;24.64;58.00;1021.00;0.00;0.00;0.00;0.00;0.00;0.00;60.00;714.67;2.90;7.13;2.55;8.13;2.88;360.00;10.08
2018;08;18;16;00;25.31;56.00;1020.70;0.00;0.00;0.00;0.00;0.00;0.00;60.00;646.14;1.53;45.00;1.14;71.57;0.36;360.00;5.76
2018;08;18;17;00;25.55;55.00;1020.50;0.00;0.00;10.00;0.00;0.00;10.00;53.62;526.88;1.48;165.96;2.19;170.54;2.55;188.13;9.72
2018;08;18;18;00;25.37;55.00;1020.40;0.10;0.00;10.00;0.00;0.00;10.00;53.62;388.93;3.60;180.00;4.32;180.00;4.10;195.26;10.44
2018;08;18;19;00;25.02;55.00;1020.60;0.10;0.00;10.00;0.00;0.00;10.00;53.62;251.87;4.38;189.46;5.09;188.13;6.15;200.56;11.88
2018;08;18;20;00;24.13;58.00;1020.50;0.00;0.00;0.00;0.00;0.00;0.00;60.00;115.70;3.42;198.43;4.90;197.10;6.61;209.36;11.16
2018;08;18;21;00;23.15;60.00;1020.80;0.00;0.00;10.00;0.00;0.00;10.00;29.67;8.90;1.94;248.20;3.10;234.46;6.13;220.24;2.52
2018;08;18;22;00;22.60;61.00;1021.30;0.00;0.00;10.00;0.00;0.00;10.00;0.00;0.00;2.55;278.13;3.88;291.80;6.13;220.24;3.60
2018;08;18;23;00;21.92;64.00;1021.80;0.00;0.00;0.00;0.00;0.00;0.00;0.00;0.00;3.08;290.56;6.99;325.49;8.09;212.28;6.48
2018;08;19;00;00;21.21;66.00;1022.00;0.00;0.00;0.00;0.00;0.00;0.00;0.00;0.00;3.42;288.43;10.03;338.96;10.83;201.45;9.00
2018;08;19;01;00;20.37;70.00;1022.00;0.00;0.00;0.00;0.00;0.00;0.00;0.00;0.00;4.33;274.76;8.65;343.07;13.44;200.38;6.12
2018;08;19;02;00;19.37;77.00;1021.90;0.00;0.00;0.00;0.00;0.00;0.00;0.00;0.00;6.16;263.29;5.48;336.80;14.69;197.10;6.12
2018;08;19;03;00;18.38;81.00;1022.10;0.00;0.00;10.00;0.00;0.00;10.00;0.00;0.00;8.31;274.97;7.29;327.09;15.63;208.93;5.76
2018;08;19;04;00;17.29;82.00;1022.00;0.00;0.00;10.00;12.00;0.00;10.00;0.00;0.00;7.95;275.19;7.93;2.60;13.28;220.60;4.68
2018;08;19;05;00;17.11;78.00;1021.90;0.00;0.00;10.00;19.00;0.00;10.00;0.00;0.00;6.48;270.00;9.00;36.87;10.74;230.44;7.20
2018;08;19;06;00;17.19;73.00;1022.40;0.00;0.00;10.00;25.00;0.00;10.00;48.64;0.00;5.45;262.41;7.20;53.13;7.57;244.65;6.48
2018;08;19;07;00;18.18;71.00;1022.60;0.00;0.00;10.00;31.00;0.00;10.00;53.62;38.27;3.88;248.20;5.82;68.20;5.51;258.69;3.96
2018;08;19;08;00;19.92;58.00;1022.50;0.00;0.00;8.10;27.00;0.00;0.00;54.83;184.23;0.00;180.00;2.88;90.00;4.55;251.57;2.52
2018;08;19;09;00;21.97;50.00;1022.40;0.00;0.00;7.80;26.00;0.00;0.00;55.02;333.75;5.48;66.80;6.03;72.65;3.83;221.19;5.76
2018;08;19;10;00;23.47;46.00;1022.60;0.00;0.00;2.70;9.00;0.00;0.00;58.28;471.70;6.88;83.99;6.88;83.99;5.35;199.65;6.48
2018;08;19;11;00;24.71;46.00;1022.30;0.00;0.00;0.30;1.00;0.00;0.00;59.81;586.51;3.96;90.00;3.60;90.00;7.49;215.22;9.00
2018;08;19;12;00;25.87;46.00;1021.50;0.00;0.00;0.00;0.00;0.00;0.00;60.00;678.18;1.53;135.00;1.94;158.20;3.67;191.31;7.92
2018;08;19;13;00;26.97;43.00;1021.00;0.00;0.00;0.00;0.00;0.00;0.00;60.00;733.36;2.31;231.34;3.10;215.54;5.35;222.27;9.00
2018;08;19;14;00;28.49;41.00;1019.70;0.00;0.00;10.00;0.00;0.00;10.00;53.62;739.59;6.49;250.56;6.30;239.04;10.51;231.95;14.40
2018;08;19;15;00;28.92;40.00;1019.20;0.00;0.00;10.00;0.00;0.00;10.00;53.62;672.84;9.53;259.11;9.35;254.36;11.12;240.95;16.20
2018;08;19;16;00;29.04;39.00;1018.60;0.00;0.00;10.00;0.00;0.00;10.00;53.62;609.65;12.43;259.99;12.50;258.37;13.44;249.62;18.00
2018;08;19;17;00;29.07;37.00;1018.30;0.00;0.00;0.00;0.00;0.00;0.00;60.00;525.99;13.80;254.88;14.35;252.47;15.94;244.59;16.92
2018;08;19;18;00;28.64;38.00;1018.00;0.00;0.00;0.00;0.00;0.00;0.00;60.00;412.07;14.84;255.96;15.73;254.05;17.25;246.64;20.52
2018;08;19;19;00;27.75;39.00;1018.10;0.00;0.00;0.00;0.00;0.00;0.00;60.00;265.22;14.56;261.47;16.81;260.13;18.00;253.74;18.00
2018;08;19;20;00;24.88;47.00;1018.30;0.00;0.00;0.00;0.00;0.00;0.00;60.00;114.81;11.90;266.53;22.01;266.25;20.83;251.88;18.00
2018;08;19;21;00;22.39;51.00;1018.20;0.00;0.00;0.00;0.00;0.00;0.00;31.19;7.12;12.14;258.02;25.62;265.97;23.34;252.96;22.32
2018;08;19;22;00;21.11;57.00;1018.50;0.00;0.00;0.00;0.00;0.00;0.00;0.00;0.00;12.72;244.89;25.68;264.37;24.01;257.01;21.96
2018;08;19;23;00;20.41;58.00;1018.60;0.00;0.00;0.00;0.00;0.00;0.00;0.00;0.00;13.39;233.75;27.50;255.60;26.40;264.52;16.56
2018;08;20;00;00;19.47;57.00;1018.70;0.00;0.00;1.50;5.00;0.00;0.00;0.00;0.00;14.28;236.31;29.72;258.83;29.16;269.29;21.24
2018;08;20;01;00;19.01;58.00;1018.70;0.00;0.00;1.50;5.00;0.00;0.00;0.00;0.00;13.36;242.74;27.72;270.74;33.48;269.38;23.76
2018;08;20;02;00;18.49;62.00;1018.50;0.00;0.00;0.90;3.00;0.00;0.00;0.00;0.00;12.24;241.93;23.11;274.47;35.28;269.42;19.80
2018;08;20;03;00;18.06;67.00;1018.50;0.00;0.00;0.00;0.00;0.00;0.00;0.00;0.00;11.98;237.26;21.60;270.00;35.64;269.42;19.44
2018;08;20;04;00;17.57;71.00;1018.10;0.00;0.00;0.00;0.00;0.00;0.00;0.00;0.00;11.68;236.31;21.96;269.06;32.07;272.57;19.44
2018;08;20;05;00;17.27;73.00;1017.80;0.00;0.00;0.00;0.00;0.00;0.00;0.00;0.00;11.53;231.34;22.39;265.39;31.09;275.31;20.52
2018;08;20;06;00;16.83;76.00;1018.10;0.00;0.00;0.00;0.00;0.00;0.00;52.85;0.00;12.31;232.13;24.65;263.29;28.71;277.93;20.16
2018;08;20;07;00;18.27;73.00;1018.30;0.00;0.00;0.00;0.00;0.00;0.00;60.00;30.26;13.22;240.64;25.62;265.97;26.88;277.70;20.16
2018;08;20;08;00;21.28;65.00;1018.20;0.00;0.00;0.00;0.00;0.00;0.00;60.00;166.43;14.80;265.82;18.72;270.00;31.88;276.48;23.40
2018;08;20;09;00;22.71;62.00;1018.30;0.00;0.00;0.00;0.00;0.00;0.00;60.00;315.95;16.95;273.65;18.78;274.40;34.29;274.21;22.32
2018;08;20;10;00;24.07;57.00;1018.60;0.00;0.00;0.00;0.00;0.00;0.00;60.00;457.46;18.36;270.00;19.44;270.00;38.52;270.00;25.20
2018;08;20;11;00;25.12;54.00;1018.40;0.00;0.00;10.00;0.00;0.00;10.00;53.62;574.94;23.40;270.00;25.56;270.00;30.24;270.00;28.08
2018;08;20;12;00;25.89;53.00;1018.10;0.00;0.00;10.00;0.00;0.00;10.00;53.62;635.46;23.32;278.88;25.10;278.25;28.59;275.78;26.28
2018;08;20;13;00;26.25;52.00;1018.20;0.00;0.00;10.00;0.00;0.00;10.00;53.62;679.96;22.09;289.03;23.68;289.54;25.62;287.16;25.92
2018;08;20;14;00;25.24;57.00;1018.20;0.00;0.00;0.00;0.00;0.00;0.00;60.00;676.40;20.52;270.00;21.96;270.00;28.50;273.62;24.84
2018;08;20;15;00;26.17;53.00;1017.80;0.00;0.00;10.00;0.00;0.00;10.00;53.62;679.96;20.57;274.01;21.65;273.81;23.89;276.05;21.96
2018;08;20;16;00;26.66;51.00;1017.40;0.00;0.00;10.00;0.00;0.00;10.00;53.62;619.44;19.06;280.89;20.12;280.30;22.88;282.72;19.80
2018;08;20;17;00;26.80;51.00;1017.30;0.00;0.00;10.00;0.00;0.00;10.00;53.62;504.63;19.72;291.41;20.86;291.25;23.01;290.14;20.16
2018;08;20;18;00;26.37;51.00;1017.40;0.00;0.00;0.90;3.00;0.00;0.00;59.43;391.60;19.34;298.95;21.09;297.44;22.86;296.16;20.16
2018;08;20;19;00;25.53;53.00;1017.40;0.00;0.00;10.00;4.00;0.00;10.00;53.62;259.88;18.00;306.87;20.38;305.66;22.47;305.22;18.72
2018;08;20;20;00;23.49;59.00;1017.70;0.00;0.00;0.00;0.00;0.00;0.00;29.16;108.58;12.48;313.83;19.86;315.00;22.16;313.03;15.48
2018;08;20;21;00;21.29;67.00;1018.30;0.00;0.00;0.00;0.00;0.00;0.00;0.00;6.23;10.51;321.95;21.61;330.02;20.39;317.86;19.80
2018;08;20;22;00;20.24;72.00;1018.80;0.00;0.00;0.00;0.00;0.00;0.00;0.00;0.00;9.79;323.97;23.19;332.24;17.82;315.00;20.16
2018;08;20;23;00;19.61;75.00;1019.50;0.00;0.00;0.00;0.00;0.00;0.00;0.00;0.00;9.45;310.36;22.86;326.56;17.10;319.27;20.16
2018;08;21;00;00;19.01;78.00;1019.70;0.00;0.00;0.30;1.00;0.00;0.00;0.00;0.00;9.66;296.57;22.10;322.94;16.43;331.19;20.16
2018;08;21;01;00;18.45;80.00;1019.80;0.00;0.00;3.60;12.00;0.00;0.00;0.00;0.00;9.36;292.62;21.39;323.90;13.32;341.08;19.08
2018;08;21;02;00;17.48;85.00;1020.20;0.00;0.00;3.00;10.00;0.00;0.00;0.00;0.00;9.09;326.31;18.03;356.57;6.29;336.37;16.92
2018;08;21;03;00;16.68;86.00;1020.80;0.00;0.00;3.90;13.00;0.00;0.00;0.00;0.00;7.21;2.86;18.58;35.54;4.90;306.03;17.28
2018;08;21;04;00;16.00;85.00;1020.60;0.00;0.00;4.20;14.00;0.00;0.00;0.00;0.00;6.61;29.36;17.32;43.32;4.69;302.47;18.00
2018;08;21;05;00;15.41;85.00;1020.80;0.00;0.00;13.00;14.00;0.00;13.00;0.00;0.00;4.90;53.97;15.58;49.69;3.10;305.54;14.76
2018;08;21;06;00;15.86;80.00;1021.00;0.00;0.00;100.00;15.00;0.00;100.00;0.00;0.00;2.97;75.96;13.28;57.17;3.32;310.60;14.40
2018;08;21;07;00;16.93;72.00;1021.20;0.00;0.00;100.00;16.00;0.00;100.00;0.00;29.37;3.22;63.43;11.79;58.74;2.60;303.69;11.88
2018;08;21;08;00;18.33;62.00;1021.40;0.00;0.00;100.00;18.00;0.00;100.00;0.00;145.07;8.70;65.56;9.98;64.36;1.53;315.00;11.16
2018;08;21;09;00;19.28;60.00;1021.40;0.00;0.00;100.00;19.00;0.00;100.00;0.00;246.53;8.77;70.82;8.77;70.82;0.72;360.00;10.80
2018;08;21;10;00;20.72;57.00;1021.70;0.00;0.00;100.00;17.00;0.00;100.00;0.00;350.66;9.18;78.69;8.83;78.23;0.72;90.00;10.08
2018;08;21;11;00;21.91;52.00;1021.30;0.00;0.00;100.00;16.00;0.00;100.00;0.00;426.31;9.06;83.16;9.03;85.43;1.80;143.13;8.64
2018;08;21;12;00;23.34;52.00;1021.10;0.00;0.00;4.80;16.00;0.00;0.00;56.94;549.13;7.24;84.29;6.84;90.00;6.03;107.35;9.72
2018;08;21;13;00;24.36;51.00;1020.70;0.00;0.00;4.80;16.00;0.00;0.00;56.94;712.89;7.56;90.00;7.21;92.86;7.07;104.74;8.28
2018;08;21;14;00;23.99;54.00;1021.00;0.00;0.00;3.00;10.00;0.00;0.00;58.09;728.02;12.72;64.89;12.43;67.89;10.48;74.05;14.04
2018;08;21;15;00;24.49;51.00;1020.70;0.00;0.00;3.00;10.00;0.00;0.00;58.09;701.32;11.92;61.11;11.59;64.23;9.69;68.20;14.40
2018;08;21;16;00;24.78;50.00;1020.20;0.00;0.00;0.90;3.00;0.00;0.00;59.43;635.46;10.99;58.39;10.63;61.70;9.18;64.44;13.32
2018;08;21;17;00;24.84;50.00;1020.10;0.00;0.00;0.00;0.00;0.00;0.00;60.00;536.67;11.18;56.82;11.12;60.95;10.19;57.99;14.40
2018;08;21;18;00;24.51;50.00;1019.80;0.00;0.00;0.00;0.00;0.00;0.00;60.00;405.84;11.92;61.11;12.07;63.43;11.61;60.26;14.04
2018;08;21;19;00;23.80;52.00;1019.80;0.00;0.00;0.00;0.00;0.00;0.00;60.00;258.10;12.10;67.25;13.10;69.08;12.10;67.25;10.80
2018;08;21;20;00;21.60;61.00;1020.10;0.00;0.00;0.00;0.00;0.00;0.00;27.10;106.80;8.91;75.96;14.49;75.62;10.81;88.09;14.04
2018;08;21;21;00;20.35;64.00;1020.20;0.00;0.00;0.00;0.00;0.00;0.00;0.00;4.45;9.47;81.25;19.30;81.42;13.10;105.95;16.92
2018;08;21;22;00;19.45;67.00;1020.80;0.00;0.00;0.00;0.00;0.00;0.00;0.00;0.00;9.36;90.00;21.63;87.14;15.79;114.23;19.08
2018;08;21;23;00;18.80;68.00;1020.80;0.00;0.00;0.00;0.00;0.00;0.00;0.00;0.00;9.01;92.29;23.07;92.68;13.71;119.93;20.16
2018;08;22;00;00;17.99;71.00;1020.70;0.00;0.00;0.00;0.00;0.00;0.00;0.00;0.00;9.18;101.31;24.09;99.46;11.48;131.19;21.96
2018;08;22;01;00;17.19;74.00;1020.70;0.00;0.00;10.00;0.00;0.00;10.00;0.00;0.00;9.00;106.26;23.24;106.19;11.53;141.34;23.76
2018;08;22;02;00;16.72;75.00;1020.80;0.00;0.00;0.00;0.00;0.00;0.00;0.00;0.00;8.43;109.98;21.87;110.22;9.83;156.25;23.40
2018;08;22;03;00;16.16;78.00;1020.80;0.00;0.00;10.00;0.00;0.00;10.00;0.00;0.00;7.41;119.05;20.63;119.25;10.90;172.41;21.60
2018;08;22;04;00;15.76;80.00;1020.20;0.00;0.00;10.00;5.00;0.00;10.00;0.00;0.00;6.92;128.66;18.67;124.00;12.66;194.83;18.72
2018;08;22;05;00;15.55;81.00;1019.90;0.00;0.00;10.00;10.00;0.00;10.00;0.00;0.00;7.39;133.03;16.29;135.00;10.95;189.46;15.84
2018;08;22;06;00;15.58;81.00;1019.90;0.00;0.00;3.00;10.00;0.00;0.00;48.11;0.00;7.70;142.59;12.07;153.43;9.72;180.00;13.68
2018;08;22;07;00;17.09;79.00;1020.00;0.00;0.00;1.20;4.00;0.00;0.00;59.23;32.04;6.79;147.99;13.32;161.08;9.00;163.74;23.40
2018;08;22;08;00;19.80;68.00;1019.50;0.00;0.00;0.00;0.00;0.00;0.00;60.00;172.66;8.29;145.62;9.83;151.56;11.44;151.82;16.56
2018;08;22;09;00;22.53;59.00;1019.30;0.00;0.00;0.00;0.00;0.00;0.00;60.00;311.50;10.23;129.29;10.46;130.82;14.81;154.06;21.96
2018;08;22;10;00;24.46;54.00;1019.50;0.00;0.00;0.90;3.00;0.00;0.00;59.43;453.90;12.88;116.57;12.40;115.82;16.92;156.16;15.84
2018;08;22;11;00;25.99;49.00;1018.70;0.00;0.00;3.60;12.00;0.00;0.00;57.70;573.16;13.89;121.22;14.58;122.91;15.51;158.20;13.32
2018;08;22;12;00;26.99;47.00;1018.20;0.00;0.00;10.00;11.00;0.00;10.00;53.62;643.47;12.18;145.84;13.09;148.50;13.85;155.43;12.24
2018;08;22;13;00;27.69;44.00;1018.20;0.00;0.00;10.00;8.00;0.00;10.00;53.62;668.39;10.64;156.04;11.30;157.52;12.41;163.14;17.28
2018;08;22;14;00;27.49;44.00;1017.80;0.00;0.00;10.00;12.00;0.00;10.00;53.62;690.64;3.10;125.54;3.60;143.13;3.96;180.00;11.52
2018;08;22;15;00;28.17;42.00;1017.40;0.00;0.00;10.00;12.00;0.00;10.00;53.62;662.16;1.80;143.13;2.41;153.43;3.08;200.56;10.44
2018;08;22;16;00;28.66;40.00;1016.50;0.00;0.00;10.00;15.00;0.00;10.00;53.62;599.86;0.36;180.00;1.48;165.96;3.10;234.46;9.36
2018;08;22;17;00;28.93;39.00;1016.40;0.00;0.00;10.00;17.00;0.00;10.00;53.62;506.41;1.08;270.00;0.80;206.57;3.55;246.04;6.48
2018;08;22;18;00;28.81;38.00;1016.10;0.00;0.00;10.00;17.00;0.00;10.00;53.62;388.04;1.61;296.57;0.72;270.00;3.32;257.47;12.24
2018;08;22;19;00;28.27;40.00;1016.10;0.00;0.00;10.00;12.00;0.00;10.00;53.62;251.87;0.00;180.00;0.72;180.00;3.10;234.46;11.52
2018;08;22;20;00;26.96;45.00;1016.00;0.00;0.00;0.90;3.00;0.00;0.00;24.79;108.58;2.88;90.00;2.74;113.20;4.61;218.66;1.80
2018;08;22;21;00;25.59;48.00;1015.90;0.00;0.00;0.00;0.00;0.00;0.00;0.00;5.34;5.96;115.02;5.90;127.57;7.99;215.84;4.68
2018;08;22;22;00;24.18;53.00;1016.20;0.00;0.00;0.00;0.00;0.00;0.00;0.00;0.00;8.09;147.72;8.47;167.74;11.81;217.57;9.00
2018;08;22;23;00;23.13;57.00;1016.50;0.00;0.00;0.00;0.00;0.00;0.00;0.00;0.00;9.06;173.16;13.40;173.83;13.78;220.76;14.40
2018;08;23;00;00;21.93;61.00;1016.10;0.00;0.00;10.00;0.00;0.00;10.00;0.00;0.00;10.24;169.88;17.92;157.56;15.41;217.41;16.20
2018;08;23;01;00;21.47;63.00;1015.80;0.00;0.00;0.00;0.00;0.00;0.00;0.00;0.00;10.44;180.00;18.00;180.00;17.07;222.44;16.56
2018;08;23;02;00;20.81;65.00;1015.60;0.00;0.00;0.00;0.00;0.00;0.00;0.00;0.00;10.66;191.69;19.59;200.43;16.38;236.66;19.08
2018;08;23;03;00;19.98;67.00;1015.50;0.00;0.00;0.00;0.00;0.00;0.00;0.00;0.00;11.30;202.48;20.57;212.86;16.12;240.57;16.20
2018;08;23;04;00;19.43;68.00;1014.80;0.00;0.00;0.00;0.00;0.00;0.00;0.00;0.00;10.99;211.61;18.44;231.34;17.73;246.04;15.84
2018;08;23;05;00;19.14;68.00;1014.50;0.00;0.00;0.00;0.00;0.00;0.00;0.00;0.00;11.18;213.18;17.67;236.63;18.33;250.50;14.04
2018;08;23;06;00;19.10;66.00;1014.50;0.00;0.00;0.00;0.00;0.00;0.00;48.12;0.00;10.38;213.69;15.19;238.57;16.31;247.96;13.68
2018;08;23;07;00;19.94;65.00;1014.40;0.00;0.00;0.00;0.00;0.00;0.00;60.00;24.03;9.00;216.87;12.88;243.43;14.66;245.32;12.24
2018;08;23;08;00;22.25;61.00;1014.00;0.00;0.00;0.00;0.00;0.00;0.00;60.00;156.64;5.35;222.27;12.41;240.46;15.14;244.65;12.96
2018;08;23;09;00;26.58;53.00;1013.60;0.00;0.00;0.00;0.00;0.00;0.00;60.00;307.94;5.35;250.35;7.57;244.65;16.49;238.39;9.36
2018;08;23;10;00;28.78;42.00;1013.80;0.00;0.00;10.00;0.00;10.00;10.00;53.62;447.67;9.83;241.56;10.88;235.78;18.44;231.34;14.40
2018;08;23;11;00;29.86;37.00;1013.40;0.00;0.00;10.00;0.00;10.00;10.00;53.62;535.78;16.68;237.34;18.88;235.10;23.27;235.08;23.76
2018;08;23;12;00;30.46;34.00;1012.90;0.00;0.00;10.00;0.00;10.00;10.00;53.62;618.55;22.97;237.80;25.66;235.86;28.66;237.31;27.00
2018;08;23;13;00;30.48;35.00;1012.80;0.00;0.00;10.00;0.00;10.00;10.00;53.62;669.28;25.46;236.53;27.87;234.46;30.26;235.18;27.72
2018;08;23;14;00;31.53;33.00;1011.60;0.50;0.00;10.00;0.00;10.00;10.00;53.62;678.18;23.66;236.79;25.86;235.20;28.67;234.71;28.44
2018;08;23;15;00;31.49;32.00;1010.90;0.30;0.00;10.00;6.00;10.00;10.00;53.62;648.81;25.01;239.74;27.48;238.39;30.87;238.35;31.32
2018;08;23;16;00;31.24;32.00;1010.50;0.30;0.00;10.00;8.00;10.00;10.00;53.62;588.29;25.99;239.17;29.27;238.07;32.86;237.53;30.60
2018;08;23;17;00;30.82;32.00;1010.30;0.30;0.00;10.00;9.00;10.00;10.00;53.62;495.73;26.16;235.65;29.88;233.82;34.07;234.46;31.68
2018;08;23;18;00;30.38;33.00;1009.90;0.10;0.00;0.60;2.00;0.00;0.00;59.62;388.93;24.52;229.76;28.82;228.54;33.34;232.02;29.52
2018;08;23;19;00;29.39;36.00;1010.00;0.10;0.00;2.00;0.00;2.00;0.00;58.72;257.21;21.67;237.89;26.76;236.52;31.18;238.70;27.00
2018;08;23;20;00;26.84;43.00;1010.30;0.30;0.00;10.00;0.00;10.00;10.00;20.51;97.90;17.38;256.83;25.50;256.94;29.94;251.78;22.68
2018;08;23;21;00;23.77;52.00;1010.30;0.20;0.00;0.00;0.00;0.00;0.00;0.00;2.67;12.43;247.89;27.94;255.07;29.78;255.29;18.72
2018;08;23;22;00;22.82;55.00;1010.90;0.00;0.00;0.00;0.00;0.00;0.00;0.00;0.00;13.48;235.89;29.43;255.11;31.87;256.28;18.36
2018;08;23;23;00;21.60;59.00;1011.20;0.00;0.00;0.00;0.00;0.00;0.00;0.00;0.00;12.60;233.13;27.16;255.41;31.96;255.65;22.68
2018;08;24;00;00;20.70;62.00;1010.80;0.00;0.00;0.00;0.00;0.00;0.00;0.00;0.00;11.21;227.60;21.54;260.38;26.07;252.32;16.20
2018;08;24;01;00;20.40;63.00;1010.50;0.00;0.00;79.00;0.00;79.00;0.00;0.00;0.00;11.21;227.60;16.98;265.14;18.86;256.76;14.04
2018;08;24;02;00;19.82;65.00;1010.40;0.00;0.00;0.00;0.00;0.00;0.00;0.00;0.00;10.69;225.00;15.12;270.00;22.77;251.57;14.40
2018;08;24;03;00;19.60;66.00;1010.10;0.00;0.00;54.00;2.00;54.00;0.00;0.00;0.00;10.51;218.05;13.14;260.54;29.83;240.34;12.96
2018;08;24;04;00;20.08;63.00;1009.30;0.00;0.00;100.00;27.00;100.00;100.00;0.00;0.00;8.70;204.44;8.22;241.19;27.86;237.13;18.72
2018;08;24;05;00;19.94;67.00;1009.00;0.00;0.00;100.00;100.00;100.00;100.00;0.00;0.00;7.15;229.09;9.96;257.47;20.87;237.68;8.28
2018;08;24;06;00;19.77;72.00;1009.10;0.90;0.00;100.00;68.00;100.00;100.00;0.00;0.00;6.12;270.00;9.09;303.69;11.97;226.22;11.52
2018;08;24;07;00;19.90;75.00;1009.10;0.00;0.00;1.50;5.00;1.00;0.00;59.04;16.02;11.97;285.71;22.08;294.06;8.89;291.37;15.12
2018;08;24;08;00;19.17;81.00;1009.50;0.00;0.00;13.20;44.00;0.00;0.00;51.57;163.76;18.67;289.13;22.46;291.63;18.79;286.70;23.04
2018;08;24;09;00;20.54;75.00;1009.80;0.00;0.00;100.00;71.00;100.00;0.00;0.00;287.47;15.83;287.20;17.19;289.57;26.76;287.22;21.24
2018;08;24;10;00;22.26;67.00;1009.90;0.00;0.00;0.00;0.00;0.00;0.00;60.00;442.33;15.94;276.48;17.02;276.07;31.33;268.68;24.48
2018;08;24;11;00;22.42;62.00;1009.60;0.00;0.00;100.00;2.00;0.00;100.00;0.00;488.61;22.68;269.09;25.93;268.41;29.66;264.43;30.96
2018;08;24;12;00;23.59;51.00;1009.80;0.00;0.00;84.00;100.00;84.00;0.00;6.38;372.02;25.65;265.17;28.62;263.50;32.43;261.06;32.76
2018;08;24;13;00;23.71;46.00;1009.90;0.00;0.00;52.00;100.00;52.00;10.00;26.81;583.84;28.80;270.72;32.40;270.64;35.64;270.58;36.36
2018;08;24;14;00;23.01;54.00;1009.90;0.20;0.00;94.00;9.00;94.00;2.00;0.00;477.04;28.88;265.71;32.47;266.19;37.48;267.25;34.56
2018;08;24;15;00;22.48;48.00;1010.30;0.00;0.00;100.00;6.00;75.00;100.00;0.00;662.16;29.56;272.79;32.79;272.52;35.64;270.00;33.48
2018;08;24;16;00;21.33;55.00;1010.20;0.00;0.00;100.00;21.00;58.00;100.00;0.00;315.06;24.91;265.86;27.42;266.24;31.68;270.00;32.04
2018;08;24;17;00;21.17;55.00;1010.20;0.00;0.00;100.00;100.00;100.00;100.00;0.00;292.81;23.07;267.32;25.94;267.61;29.16;270.00;28.08
2018;08;24;18;00;20.75;53.00;1010.20;0.00;0.00;100.00;100.00;100.00;10.00;0.00;271.45;22.33;268.15;25.21;268.36;28.45;271.45;27.72
2018;08;24;19;00;20.21;50.00;1010.40;0.00;0.00;100.00;100.00;100.00;10.00;0.00;124.60;18.72;270.00;22.32;270.92;25.98;273.97;26.28
2018;08;24;20;00;19.40;48.00;1010.40;0.00;0.00;100.00;100.00;100.00;10.00;0.00;44.50;16.22;272.54;22.73;273.63;27.42;273.76;36.00
2018;08;24;21;00;18.11;52.00;1010.70;0.00;0.00;100.00;100.00;100.00;100.00;0.00;0.00;17.11;247.75;24.07;248.04;28.62;263.50;26.64
2018;08;24;22;00;16.18;66.00;1011.50;0.00;0.00;100.00;100.00;100.00;100.00;0.00;0.00;22.73;229.50;29.13;230.01;31.93;262.87;25.92
2018;08;24;23;00;15.92;66.00;1011.80;0.00;0.00;100.00;100.00;100.00;100.00;0.00;0.00;22.26;219.09;29.36;220.53;30.85;258.56;25.92
2018;08;25;00;00;14.70;73.00;1011.90;0.00;0.00;100.00;0.00;100.00;100.00;0.00;0.00;26.52;221.70;35.43;222.12;26.90;257.64;27.00
2018;08;25;01;00;14.27;75.00;1011.40;0.00;0.00;100.00;0.00;100.00;100.00;0.00;0.00;17.56;208.14;24.08;211.55;22.15;262.53;19.08
2018;08;25;02;00;14.29;72.00;1011.10;0.00;0.00;100.00;0.00;100.00;100.00;0.00;0.00;15.48;215.54;22.73;220.50;24.65;263.29;26.64
2018;08;25;03;00;13.92;72.00;1010.80;0.00;0.00;100.00;0.00;100.00;2.00;0.00;0.00;13.48;214.11;21.82;217.63;19.49;265.76;24.48
2018;08;25;04;00;12.33;82.00;1010.70;0.00;0.00;72.00;0.00;72.00;19.00;0.00;0.00;12.48;226.17;24.41;232.79;21.96;270.00;21.24
2018;08;25;05;00;14.04;74.00;1010.30;0.00;0.00;100.00;15.00;10.00;100.00;0.00;0.00;14.28;236.31;23.53;240.69;26.11;254.81;21.24
2018;08;25;06;00;10.57;91.00;1010.40;0.00;0.00;66.00;45.00;0.00;66.00;13.40;0.00;11.98;212.74;26.28;228.89;31.31;250.52;19.44
2018;08;25;07;00;11.91;82.00;1010.50;0.00;0.00;9.30;31.00;0.00;0.00;54.06;25.81;13.78;213.27;26.60;219.51;29.22;247.54;21.24
2018;08;25;08;00;15.04;72.00;1009.90;0.00;0.00;7.50;25.00;0.00;0.00;55.21;164.65;16.92;231.91;19.38;234.83;35.27;255.82;23.40
2018;08;25;09;00;16.89;56.00;1009.60;0.20;0.00;20.10;67.00;17.00;0.00;47.17;315.95;20.95;241.23;23.85;241.11;41.68;250.31;29.88
2018;08;25;10;00;17.58;49.00;1009.80;0.00;0.00;13.80;46.00;0.00;10.00;51.19;428.98;28.34;244.41;32.36;244.29;38.02;245.38;35.64
2018;08;25;11;00;16.85;51.00;1009.80;0.00;0.00;13.00;3.00;10.00;13.00;51.70;473.48;28.66;244.72;32.84;244.00;37.67;243.92;37.80
2018;08;25;12;00;16.73;50.00;1009.70;0.00;0.00;13.00;1.00;13.00;12.00;51.70;298.15;29.30;243.75;34.29;243.17;39.61;242.97;40.68
2018;08;25;13;00;17.31;49.00;1010.20;0.00;0.00;10.00;5.00;10.00;10.00;53.62;323.96;31.19;251.15;35.53;250.46;40.66;249.80;36.00
2018;08;25;14;00;15.59;64.00;1010.10;0.60;0.00;12.00;0.00;12.00;10.00;52.34;345.32;27.21;252.28;31.76;252.18;37.00;252.45;31.32
2018;08;25;15;00;17.37;55.00;1010.00;0.10;0.00;10.00;0.00;0.00;10.00;53.62;477.93;29.14;252.01;32.90;252.16;36.50;255.14;34.92
2018;08;25;16;00;17.75;48.00;1010.10;0.00;0.00;4.00;0.00;0.00;4.00;57.45;614.10;29.02;258.55;32.34;258.44;36.40;261.47;33.12
2018;08;25;17;00;17.82;46.00;1010.50;0.00;0.00;100.00;0.00;0.00;100.00;0.00;496.62;27.40;266.99;31.01;266.67;34.92;269.41;30.24
2018;08;25;18;00;17.33;45.00;1010.60;0.00;0.00;100.00;0.00;0.00;100.00;0.00;317.73;26.08;276.34;30.10;276.87;34.11;277.28;28.08
2018;08;25;19;00;16.28;48.00;1011.20;0.00;0.00;10.00;0.00;0.00;10.00;53.62;214.49;24.45;283.63;28.55;283.86;32.22;283.57;26.64
2018;08;25;20;00;14.32;54.00;1011.70;0.00;0.00;0.00;0.00;0.00;0.00;18.76;89.89;17.38;283.17;25.67;284.62;31.09;283.39;20.88
2018;08;25;21;00;12.03;63.00;1012.60;0.00;0.00;0.00;0.00;0.00;0.00;0.00;0.89;12.73;278.13;26.31;286.70;33.44;284.34;18.00
2018;08;25;22;00;10.91;69.00;1013.30;0.00;0.00;0.00;0.00;0.00;0.00;0.00;0.00;12.24;270.00;25.96;286.93;35.07;287.32;25.56
2018;08;25;23;00;9.90;74.00;1013.90;0.00;0.00;0.00;0.00;0.00;0.00;0.00;0.00;12.24;270.00;26.08;290.19;35.03;292.35;18.72
2018;08;26;00;00;9.47;76.00;1014.50;0.00;0.00;5.00;0.00;0.00;5.00;0.00;0.00;10.81;268.09;24.07;291.96;33.37;293.52;16.20
2018;08;26;01;00;10.19;74.00;1014.60;0.00;0.00;25.00;0.00;0.00;25.00;0.00;0.00;11.09;283.13;25.92;295.50;31.77;289.87;23.76
2018;08;26;02;00;9.87;81.00;1015.00;0.00;0.00;0.00;0.00;0.00;0.00;0.00;0.00;15.38;290.56;28.08;292.62;31.26;284.68;26.64
2018;08;26;03;00;8.34;90.00;1016.10;0.00;0.00;2.00;0.00;0.00;2.00;0.00;0.00;14.40;271.43;28.95;280.75;27.78;288.90;18.72
2018;08;26;04;00;8.97;88.00;1016.10;0.00;0.00;39.00;0.00;0.00;39.00;0.00;0.00;14.15;277.31;25.42;285.61;23.98;311.35;21.60
2018;08;26;05;00;8.97;88.00;1016.20;0.00;0.00;52.00;0.00;0.00;52.00;0.00;0.00;15.98;284.35;26.18;288.43;25.92;295.50;19.44
2018;08;26;06;00;7.70;92.00;1016.70;0.00;0.00;6.00;0.00;0.00;6.00;40.67;0.00;14.92;278.33;27.42;283.67;30.45;294.44;19.80
2018;08;26;07;00;8.33;88.00;1017.30;0.00;0.00;42.00;0.00;0.00;42.00;33.19;20.47;15.48;271.33;23.73;279.61;32.86;302.47;21.24
2018;08;26;08;00;10.24;79.00;1017.30;0.00;0.00;100.00;0.00;0.00;100.00;0.00;144.18;18.78;282.17;22.01;285.17;33.09;300.75;26.28
2018;08;26;09;00;11.37;72.00;1017.50;0.00;0.00;10.00;0.00;0.00;10.00;53.62;306.16;19.47;289.44;21.41;289.65;32.60;300.53;23.40
2018;08;26;10;00;12.90;63.00;1017.80;0.00;0.00;10.00;0.00;0.00;10.00;53.62;449.45;19.05;292.20;20.19;291.99;28.56;303.69;21.96
2018;08;26;11;00;14.27;56.00;1017.60;0.00;0.00;10.00;0.00;0.00;10.00;53.62;560.70;18.39;293.05;19.52;292.78;22.41;293.68;21.96
2018;08;26;12;00;15.46;51.00;1017.30;0.00;0.00;43.00;0.00;0.00;43.00;32.55;665.72;16.98;291.12;17.53;289.18;20.52;291.61;20.16
2018;08;26;13;00;16.64;47.00;1017.10;0.00;0.00;50.00;0.00;0.00;50.00;28.09;683.52;16.85;289.98;17.08;288.43;19.81;289.09;20.52
2018;08;26;14;00;18.44;39.00;1016.80;0.00;0.00;0.00;0.00;0.00;0.00;60.00;744.04;14.87;276.95;15.19;275.44;16.98;274.86;16.92
2018;08;26;15;00;18.98;37.00;1016.60;0.00;0.00;0.00;0.00;0.00;0.00;60.00;702.21;14.44;274.29;14.40;271.43;16.22;272.54;16.20
2018;08;26;16;00;19.23;36.00;1016.40;0.00;0.00;0.00;0.00;0.00;0.00;60.00;639.91;13.32;270.00;13.34;266.91;15.12;268.64;16.56
2018;08;26;17;00;19.21;36.00;1016.20;0.00;0.00;0.00;0.00;0.00;0.00;60.00;531.33;12.29;264.96;12.37;261.63;14.15;262.69;14.40
2018;08;26;18;00;18.84;36.00;1015.70;0.00;0.00;0.00;0.00;0.00;0.00;60.00;395.16;11.18;255.07;11.84;250.46;13.10;254.05;12.96
2018;08;26;19;00;18.13;39.00;1015.80;0.00;0.00;0.00;0.00;0.00;0.00;60.00;242.08;10.64;246.04;12.07;243.43;13.05;245.56;13.68
2018;08;26;20;00;16.23;44.00;1015.60;0.00;0.00;2.70;9.00;0.00;0.00;16.17;87.22;8.16;228.58;12.03;231.07;13.55;230.39;11.16
2018;08;26;21;00;15.02;46.00;1015.60;0.00;0.00;8.40;28.00;0.00;0.00;0.00;0.89;8.53;207.65;11.99;221.35;15.53;225.94;11.88
2018;08;26;22;00;13.79;52.00;1016.20;0.00;0.00;40.00;13.00;40.00;0.00;0.00;0.00;9.78;186.34;14.84;202.83;17.65;219.21;14.76
2018;08;26;23;00;11.85;60.00;1016.50;0.00;0.00;17.00;29.00;17.00;0.00;0.00;0.00;12.32;186.71;23.67;206.18;21.77;214.22;18.00
2018;08;27;00;00;12.02;58.00;1016.00;0.00;0.00;75.00;100.00;75.00;0.00;0.00;0.00;11.97;195.71;24.36;214.16;27.58;215.97;21.60
2018;08;27;01;00;10.44;64.00;1015.80;0.00;0.00;63.00;16.00;63.00;0.00;0.00;0.00;12.43;190.01;27.21;205.89;31.90;216.74;26.64
2018;08;27;02;00;10.96;61.00;1015.80;0.00;0.00;89.00;100.00;89.00;0.00;0.00;0.00;13.14;189.46;30.40;198.65;36.95;222.24;32.04
2018;08;27;03;00;12.17;56.00;1015.70;0.00;0.00;100.00;0.00;0.00;100.00;0.00;0.00;13.49;189.21;29.83;197.56;39.25;227.97;28.44
2018;08;27;04;00;12.50;56.00;1015.10;0.00;0.00;100.00;0.00;0.00;100.00;0.00;0.00;15.82;191.82;30.55;201.43;42.73;230.81;24.48
2018;08;27;05;00;11.09;61.00;1014.80;0.00;0.00;0.00;0.00;0.00;0.00;0.00;0.00;16.86;196.11;32.06;204.55;46.13;227.85;26.64
2018;08;27;06;00;10.59;64.00;1014.40;0.00;0.00;0.00;0.00;0.00;0.00;41.90;0.00;17.81;194.04;34.80;204.44;49.60;230.30;33.84
2018;08;27;07;00;12.02;62.00;1014.10;0.00;0.00;3.00;0.00;0.00;3.00;58.09;19.58;20.18;195.52;34.09;201.69;52.29;228.63;30.96
2018;08;27;08;00;15.59;52.00;1013.70;0.00;0.00;100.00;0.00;0.00;100.00;0.00;142.40;24.27;200.85;31.29;203.03;54.90;229.52;33.84
2018;08;27;09;00;17.91;47.00;1013.50;0.00;0.00;100.00;0.00;0.00;100.00;0.00;287.47;28.02;205.91;33.97;207.11;58.18;229.01;37.44
2018;08;27;10;00;18.98;44.00;1013.50;0.00;0.00;100.00;0.00;0.00;100.00;0.00;415.63;31.61;210.07;38.28;211.15;62.38;226.17;41.04
2018;08;27;11;00;19.51;40.00;1013.10;0.00;0.00;100.00;0.00;0.00;100.00;0.00;258.10;31.37;211.87;39.35;212.67;56.28;219.29;38.88
2018;08;27;12;00;19.95;38.00;1012.60;0.00;0.00;100.00;0.00;0.00;100.00;0.00;350.66;33.57;218.47;41.72;219.05;51.99;222.19;40.32
2018;08;27;13;00;21.04;34.00;1012.20;0.00;0.00;100.00;0.00;10.00;100.00;0.00;407.62;35.73;220.91;43.38;220.96;52.46;223.33;41.40
2018;08;27;14;00;21.62;40.00;1012.10;0.00;0.00;100.00;0.00;0.00;100.00;0.00;430.76;34.07;231.43;40.99;231.42;49.61;232.96;39.24
2018;08;27;15;00;23.29;38.00;1011.90;0.00;0.00;1.00;0.00;0.00;1.00;59.36;445.89;36.75;235.38;42.94;235.24;49.92;236.77;40.68
2018;08;27;16;00;22.46;45.00;1012.10;0.00;0.00;100.00;0.00;0.00;100.00;0.00;558.92;32.36;249.15;37.97;248.30;44.48;246.13;36.36
2018;08;27;17;00;21.83;55.00;1012.30;0.00;0.00;100.00;0.00;0.00;100.00;0.00;332.86;28.98;243.43;33.49;243.16;42.44;259.74;40.32
2018;08;27;18;00;21.88;57.00;1012.70;0.00;0.00;0.00;0.00;0.00;0.00;60.00;302.60;27.21;242.42;32.04;242.57;47.80;258.27;36.36
2018;08;27;19;00;21.18;59.00;1013.10;0.00;0.00;0.00;0.00;0.00;0.00;60.00;220.72;23.84;244.98;29.64;245.61;41.04;256.82;30.24
2018;08;27;20;00;19.24;65.00;1013.40;0.00;0.00;0.00;0.00;0.00;0.00;14.52;79.21;19.26;249.19;30.17;250.48;43.39;256.08;28.08
2018;08;27;21;00;18.63;68.00;1013.90;0.00;0.00;26.00;0.00;0.00;26.00;0.00;0.00;15.19;238.57;28.50;243.76;48.72;261.93;27.00
2018;08;27;22;00;19.21;66.00;1014.70;0.00;0.00;100.00;0.00;0.00;100.00;0.00;0.00;19.05;247.80;25.96;250.56;39.75;282.02;26.64
2018;08;27;23;00;17.63;74.00;1015.30;0.00;0.00;10.00;0.00;0.00;10.00;0.00;0.00;14.80;274.18;24.45;283.63;38.67;294.18;21.60
2018;08;28;00;00;17.72;68.00;1016.40;0.00;0.00;100.00;0.00;0.00;100.00;0.00;0.00;17.45;291.80;25.76;296.57;34.94;297.62;23.04
2018;08;28;01;00;16.37;73.00;1016.80;0.00;0.00;10.00;0.00;0.00;10.00;0.00;0.00;14.00;287.97;23.34;296.57;32.70;298.26;28.08
2018;08;28;02;00;13.80;84.00;1017.60;0.00;0.00;10.00;0.00;0.00;10.00;0.00;0.00;10.18;278.13;19.02;299.48;28.86;303.29;18.72
2018;08;28;03;00;12.80;87.00;1018.50;0.00;0.00;0.00;0.00;0.00;0.00;0.00;0.00;9.83;261.57;17.25;293.36;27.96;304.51;19.80
2018;08;28;04;00;12.48;86.00;1018.50;0.00;0.00;0.00;0.00;0.00;0.00;0.00;0.00;9.61;257.01;16.77;284.93;25.76;303.02;18.72
2018;08;28;05;00;12.07;86.00;1018.60;0.00;0.00;0.00;0.00;0.00;0.00;0.00;0.00;9.53;259.11;16.62;287.65;25.46;298.74;17.28
2018;08;28;06;00;11.55;86.00;1019.40;0.00;0.00;0.00;0.00;0.00;0.00;40.34;0.00;9.35;254.36;14.69;287.10;24.16;298.47;14.40
2018;08;28;07;00;12.25;84.00;1019.60;0.00;0.00;0.00;0.00;0.00;0.00;60.00;16.02;8.56;247.75;13.63;282.20;21.58;295.71;12.60
2018;08;28;08;00;14.94;73.00;1020.00;0.00;0.00;0.00;0.00;0.00;0.00;60.00;143.29;9.01;267.71;10.08;270.00;19.97;297.95;11.52
2018;08;28;09;00;16.91;65.00;1020.20;0.00;0.00;0.00;0.00;0.00;0.00;60.00;299.04;8.47;282.26;8.83;281.77;19.16;298.01;11.88
2018;08;28;10;00;18.27;58.00;1020.50;0.00;0.00;0.00;0.00;0.00;0.00;60.00;445.00;8.56;284.62;8.56;284.62;14.69;300.96;10.80
2018;08;28;11;00;19.52;51.00;1020.20;0.00;0.00;0.00;0.00;0.00;0.00;60.00;567.82;7.63;289.29;7.52;286.70;9.00;286.26;10.08
2018;08;28;12;00;20.65;48.00;1019.90;0.00;0.00;0.00;0.00;0.00;0.00;60.00;658.60;6.03;287.35;5.51;281.31;7.07;284.74;9.36
2018;08;28;13;00;21.67;45.00;1020.00;0.00;0.00;0.00;0.00;0.00;0.00;60.00;712.89;5.24;285.95;4.74;278.75;6.21;280.01;10.08
2018;08;28;14;00;22.38;43.00;1020.00;0.00;0.00;0.00;0.00;0.00;0.00;60.00;692.42;3.60;270.00;3.32;257.47;5.15;257.91;9.00
2018;08;28;15;00;22.94;41.00;1019.60;0.00;0.00;0.00;0.00;0.00;0.00;60.00;695.09;2.88;270.00;2.28;251.57;3.67;258.69;7.92
2018;08;28;16;00;23.22;41.00;1019.40;0.00;0.00;0.00;0.00;0.00;0.00;60.00;622.11;0.72;270.00;0.80;206.57;1.61;243.43;6.12
2018;08;28;17;00;23.21;41.00;1019.20;0.00;0.00;0.00;0.00;0.00;0.00;60.00;514.42;1.08;90.00;1.48;104.04;0.72;180.00;7.20
2018;08;28;18;00;22.94;42.00;1018.80;0.00;0.00;0.60;2.00;0.00;0.00;59.62;383.59;3.60;90.00;3.67;101.31;2.41;116.57;9.00
2018;08;28;19;00;22.22;45.00;1018.70;0.00;0.00;0.30;1.00;0.00;0.00;59.81;236.74;6.16;96.71;6.29;103.24;5.15;114.78;10.44
2018;08;28;20;00;20.06;51.00;1018.70;0.00;0.00;0.00;0.00;0.00;0.00;12.39;79.21;8.76;99.46;10.74;103.57;7.29;122.91;10.44
2018;08;28;21;00;18.71;56.00;1018.80;0.00;0.00;0.00;0.00;0.00;0.00;0.00;0.00;9.20;120.58;13.40;120.70;9.69;121.33;12.96
2018;08;28;22;00;17.77;60.00;1019.20;0.00;0.00;0.00;0.00;0.00;0.00;0.00;0.00;8.67;138.37;13.39;126.25;12.59;149.04;12.60
2018;08;28;23;00;16.98;61.00;1019.20;0.00;0.00;5.70;19.00;0.00;0.00;0.00;0.00;8.94;130.10;18.03;116.05;15.72;159.90;18.00
2018;08;29;00;00;15.94;66.00;1018.90;0.00;0.00;6.00;20.00;0.00;0.00;0.00;0.00;9.42;136.55;23.86;123.93;16.14;141.34;20.52
2018;08;29;01;00;14.83;71.00;1018.40;0.00;0.00;0.00;0.00;0.00;0.00;0.00;0.00;10.19;147.99;25.98;137.25;16.12;156.30;23.76
2018;08;29;02;00;14.76;70.00;1018.60;0.00;0.00;0.00;0.00;0.00;0.00;0.00;0.00;9.66;153.43;24.99;143.79;18.79;163.30;24.48
2018;08;29;03;00;14.65;71.00;1018.30;0.00;0.00;0.00;0.00;0.00;0.00;0.00;0.00;9.35;164.36;24.80;166.57;19.71;170.54;20.88
2018;08;29;04;00;14.01;76.00;1017.60;0.00;0.00;0.00;0.00;0.00;0.00;0.00;0.00;10.83;164.58;26.93;171.54;17.37;185.95;23.76
2018;08;29;05;00;13.07;79.00;1017.40;0.00;0.00;0.00;0.00;0.00;0.00;0.00;0.00;11.01;168.69;27.00;180.00;15.54;193.39;10.08
2018;08;29;06;00;13.04;78.00;1017.10;0.00;0.00;0.00;0.00;0.00;0.00;38.79;0.00;10.50;174.09;24.84;180.83;13.90;196.56;21.60
2018;08;29;07;00;13.07;80.00;1017.10;0.00;0.00;0.00;0.00;0.00;0.00;60.00;14.24;9.39;175.60;22.10;186.55;9.89;213.11;25.56
2018;08;29;08;00;15.96;71.00;1017.00;0.00;0.00;0.00;0.00;0.00;0.00;60.00;139.73;8.40;170.13;18.73;182.20;7.17;197.53;8.64
2018;08;29;09;00;19.51;59.00;1016.40;0.00;0.00;0.00;0.00;0.00;0.00;60.00;293.70;7.99;172.23;7.21;177.14;7.95;185.19;9.72
2018;08;29;10;00;22.82;51.00;1016.40;0.00;0.00;0.00;0.00;0.00;0.00;60.00;438.77;8.77;160.82;8.43;160.02;10.66;191.69;11.52
2018;08;29;11;00;24.43;46.00;1015.80;0.00;0.00;0.00;0.00;0.00;0.00;60.00;561.59;8.28;180.00;8.28;180.00;9.89;190.49;11.52
2018;08;29;12;00;25.32;43.00;1015.20;0.00;0.00;0.00;0.00;0.00;0.00;60.00;647.03;8.83;168.23;9.53;169.11;10.44;180.00;12.60
2018;08;29;13;00;26.03;42.00;1014.60;0.00;0.00;3.90;13.00;0.00;0.00;57.51;701.32;10.70;160.35;11.04;160.97;11.79;167.66;13.32
2018;08;29;14;00;27.37;39.00;1013.20;0.00;0.00;6.30;21.00;0.00;0.00;55.98;708.44;13.04;173.66;14.11;174.14;14.78;177.21;15.12
2018;08;29;15;00;27.81;39.00;1012.60;0.00;0.00;4.50;15.00;0.00;0.00;57.13;679.07;13.98;168.11;15.04;168.96;16.04;170.96;15.12
2018;08;29;16;00;28.10;39.00;1012.30;0.00;0.00;5.70;19.00;0.00;0.00;56.36;609.65;14.87;173.05;15.94;173.52;17.34;175.24;15.84
2018;08;29;17;00;28.08;38.00;1012.10;0.00;0.00;30.00;100.00;0.00;0.00;40.85;506.41;15.12;180.00;16.56;180.00;18.00;181.15;16.20
2018;08;29;18;00;27.84;37.00;1011.90;0.00;0.00;59.00;100.00;59.00;0.00;22.34;351.55;14.69;191.31;16.52;191.31;18.43;192.41;18.36
2018;08;29;19;00;27.10;40.00;1012.00;0.00;0.00;100.00;34.00;100.00;0.00;0.00;222.50;14.49;206.57;18.36;208.07;21.87;212.91;17.64
2018;08;29;20;00;25.06;47.00;1011.90;0.00;0.00;100.00;100.00;100.00;0.00;0.00;60.52;9.18;191.31;16.65;201.57;24.99;221.50;16.20
2018;08;29;21;00;23.59;52.00;1011.90;0.00;0.00;100.00;100.00;100.00;10.00;0.00;0.00;10.25;198.43;20.67;215.07;29.46;237.48;16.20
2018;08;29;22;00;23.31;58.00;1012.30;0.20;0.00;100.00;36.00;100.00;0.00;0.00;0.00;15.78;242.85;29.62;253.77;36.58;280.20;18.00
2018;08;29;23;00;20.91;74.00;1012.90;0.10;0.00;100.00;27.00;100.00;10.00;0.00;0.00;21.67;274.76;30.14;277.55;19.49;265.76;30.24
2018;08;30;00;00;20.30;78.00;1013.30;0.00;0.00;100.00;100.00;100.00;100.00;0.00;0.00;14.92;261.67;24.93;265.03;33.03;253.54;28.08
2018;08;30;01;00;19.62;83.00;1013.30;0.00;0.00;68.00;70.00;68.00;0.00;0.00;0.00;16.06;250.35;27.60;254.88;41.87;258.59;24.84
2018;08;30;02;00;18.60;85.00;1013.50;0.00;0.00;97.00;67.00;97.00;0.00;0.00;0.00;14.17;242.78;27.68;249.44;42.96;265.67;23.04
2018;08;30;03;00;18.67;84.00;1013.50;0.00;0.00;100.00;100.00;100.00;0.00;0.00;0.00;13.61;232.52;27.85;243.10;43.57;259.53;23.04
2018;08;30;04;00;17.93;88.00;1013.40;0.00;0.00;28.20;94.00;0.00;0.00;0.00;0.00;12.78;237.65;25.45;244.89;43.61;250.22;23.04
2018;08;30;05;00;16.51;93.00;1013.70;0.00;0.00;2.70;9.00;0.00;0.00;0.00;0.00;10.99;238.39;24.68;246.80;38.86;246.52;20.52
2018;08;30;06;00;17.31;86.00;1014.00;0.00;0.00;100.00;0.00;36.00;100.00;0.00;0.00;15.54;256.61;25.92;260.41;36.55;252.81;22.68
2018;08;30;07;00;16.55;86.00;1014.40;0.00;0.00;100.00;0.00;0.00;100.00;0.00;5.34;23.54;263.85;30.70;265.29;33.59;289.41;27.36
2018;08;30;08;00;15.76;92.00;1015.40;0.20;0.00;100.00;0.00;0.00;100.00;0.00;30.26;23.34;287.04;29.04;289.56;38.30;306.98;27.36
2018;08;30;09;00;15.74;88.00;1016.50;0.10;0.00;100.00;0.00;0.00;100.00;0.00;61.41;25.17;286.62;31.19;288.85;44.32;316.97;30.24
2018;08;30;10;00;17.15;78.00;1017.10;0.10;0.00;100.00;0.00;0.00;100.00;0.00;154.86;21.97;288.14;25.84;288.69;42.48;306.38;27.36
2018;08;30;11;00;17.27;77.00;1017.20;0.00;0.00;100.00;0.00;0.00;100.00;0.00;241.19;26.81;284.78;32.34;286.82;43.65;305.26;29.52
2018;08;30;12;00;18.84;67.00;1018.10;0.00;0.00;10.00;0.00;0.00;10.00;53.62;499.29;27.68;290.56;31.10;290.32;37.84;297.78;30.96
2018;08;30;13;00;18.92;63.00;1018.40;0.00;0.00;10.00;0.00;0.00;10.00;53.62;594.52;26.67;291.37;29.88;291.93;34.32;294.15;29.52
2018;08;30;14;00;16.79;79.00;1018.20;0.00;0.00;100.00;0.00;0.00;100.00;0.00;177.11;23.31;283.39;27.77;283.50;37.75;302.93;26.28
2018;08;30;15;00;18.13;71.00;1018.50;0.00;0.00;100.00;0.00;0.00;100.00;0.00;193.13;23.45;287.88;27.32;288.43;35.03;292.35;27.72
2018;08;30;16;00;19.14;65.00;1018.60;0.00;0.00;10.00;0.00;10.00;10.00;53.62;379.14;24.82;289.49;28.70;289.80;34.98;293.66;29.16
2018;08;30;17;00;19.95;59.00;1018.60;0.00;0.00;100.00;0.00;0.00;100.00;0.00;479.71;25.14;299.13;28.04;299.20;32.60;300.53;27.72
2018;08;30;18;00;19.34;58.00;1019.20;0.00;0.00;10.00;0.00;0.00;10.00;53.62;319.51;23.47;290.66;26.88;290.38;31.35;291.56;26.28
2018;08;30;19;00;19.36;54.00;1019.70;0.00;0.00;100.00;0.00;0.00;100.00;0.00;180.67;22.08;294.06;26.28;293.40;30.45;294.44;24.48
2018;08;30;20;00;16.31;64.00;1019.60;0.00;0.00;2.00;0.00;0.00;2.00;7.90;56.07;13.21;287.45;24.40;291.64;30.91;296.27;18.72
2018;08;30;21;00;16.67;61.00;1020.00;0.00;0.00;100.00;0.00;0.00;100.00;0.00;0.00;11.97;276.91;23.19;295.77;31.26;305.15;17.28
2018;08;30;22;00;16.94;59.00;1020.70;0.00;0.00;100.00;0.00;0.00;100.00;0.00;0.00;11.17;290.77;20.17;304.82;28.23;307.75;17.64
2018;08;30;23;00;16.62;59.00;1020.90;0.00;0.00;100.00;0.00;0.00;100.00;0.00;0.00;9.03;293.50;17.38;309.96;23.78;309.47;15.48
2018;08;31;00;00;14.95;65.00;1020.80;0.00;0.00;11.00;0.00;0.00;11.00;0.00;0.00;7.79;303.69;16.18;327.72;19.96;309.14;15.48
2018;08;31;01;00;14.62;68.00;1021.20;0.00;0.00;10.00;0.00;0.00;10.00;0.00;0.00;7.93;309.47;15.46;335.22;19.59;306.03;17.28
2018;08;31;02;00;13.63;73.00;1021.60;0.00;0.00;3.60;12.00;0.00;0.00;0.00;0.00;8.09;302.28;13.38;336.19;16.42;307.87;14.76
2018;08;31;03;00;10.88;91.00;1021.80;0.00;0.00;4.50;15.00;0.00;0.00;0.00;0.00;9.73;267.88;17.03;283.45;19.35;315.00;16.20
2018;08;31;04;00;10.25;94.00;1021.70;0.00;0.00;30.00;100.00;3.00;0.00;0.00;0.00;10.04;255.47;19.56;276.34;18.36;311.82;15.84
2018;08;31;05;00;10.52;95.00;1021.60;0.00;0.00;100.00;100.00;100.00;0.00;0.00;0.00;10.09;267.95;20.38;287.47;17.32;313.32;15.84
2018;08;31;06;00;10.12;96.00;1021.30;0.00;0.00;100.00;100.00;100.00;0.00;0.00;0.00;8.71;277.13;18.53;299.05;15.53;315.94;17.28
2018;08;31;07;00;10.60;93.00;1021.90;0.00;0.00;100.00;100.00;100.00;0.00;0.00;10.68;9.96;282.53;16.28;305.10;14.62;322.00;14.76
2018;08;31;08;00;12.31;84.00;1022.00;0.00;0.00;100.00;90.00;100.00;0.00;0.00;108.58;9.00;306.87;9.96;310.60;14.78;325.92;12.60
2018;08;31;09;00;14.37;73.00;1021.90;0.00;0.00;100.00;57.00;83.00;100.00;0.00;269.67;5.96;334.98;6.03;342.65;13.22;330.64;8.28
2018;08;31;10;00;15.84;64.00;1021.50;0.00;0.00;100.00;100.00;100.00;92.00;0.00;372.02;8.28;360.00;7.93;2.60;12.90;337.01;10.44
2018;08;31;11;00;16.93;53.00;1021.40;0.00;0.00;100.00;73.00;100.00;0.00;0.00;423.64;9.37;357.80;9.37;357.80;10.54;352.15;11.16
2018;08;31;12;00;18.33;46.00;1021.30;0.00;0.00;11.00;0.00;11.00;0.00;52.98;623.89;8.67;355.24;8.31;355.03;9.83;351.57;9.72
2018;08;31;13;00;19.38;42.00;1020.90;0.00;0.00;0.00;0.00;0.00;0.00;60.00;699.54;8.05;349.70;7.28;351.47;8.56;345.38;8.28
2018;08;31;14;00;20.14;40.00;1020.60;0.00;0.00;0.00;0.00;0.00;0.00;60.00;717.34;6.88;353.99;6.16;353.29;7.52;343.30;7.56
2018;08;31;15;00;20.52;40.00;1020.30;0.00;0.00;49.00;100.00;49.00;10.00;28.72;653.26;6.92;351.03;6.16;353.29;7.17;342.47;8.28
2018;08;31;16;00;20.33;40.00;1020.20;0.00;0.00;100.00;100.00;100.00;15.00;0.00;450.34;5.41;356.19;4.68;360.00;5.51;348.69;7.20
2018;08;31;17;00;20.00;40.00;1020.20;0.00;0.00;100.00;100.00;100.00;100.00;0.00;307.05;3.60;360.00;2.55;8.13;3.26;353.66;5.04
2018;08;31;18;00;19.61;42.00;1020.00;0.00;0.00;100.00;100.00;100.00;100.00;0.00;140.62;6.13;3.37;5.86;10.62;5.41;3.81;7.92
2018;08;31;19;00;19.29;43.00;1020.30;0.00;0.00;100.00;79.00;78.00;100.00;0.00;105.02;6.48;360.00;6.13;3.37;7.24;5.71;7.56
2018;08;31;20;00;18.48;44.00;1020.80;0.00;0.00;100.00;0.00;0.00;100.00;0.00;33.82;5.77;356.42;7.21;2.86;8.40;9.87;7.20
2018;08;31;21;00;17.79;46.00;1020.80;0.00;0.00;100.00;0.00;0.00;100.00;0.00;0.00;7.28;8.53;14.58;20.22;11.92;28.89;13.68
2018;08;31;22;00;16.62;50.00;1021.70;0.00;0.00;100.00;0.00;15.00;100.00;0.00;0.00;8.71;29.74;19.20;30.41;13.55;39.61;18.00
2018;08;31;23;00;15.77;52.00;1022.60;0.00;0.00;100.00;0.00;0.00;100.00;0.00;0.00;7.34;11.31;19.47;19.44;13.32;38.42;15.12
