Year,Month,Day,Hour,Minute,Temperature  [2 m above gnd],Relative Humidity  [2 m above gnd],Mean Sea Level Pressure  [MSL],Total Precipitation  [sfc],Snowfall amount raw  [sfc],Total Cloud Cover  [sfc],High Cloud Cover  [high cld lay],Medium Cloud Cover  [mid cld lay],Low Cloud Cover  [low cld lay],Sunshine Duration  [sfc],Shortwave Radiation  [sfc],Wind Speed  [10 m above gnd],Wind Direction  [10 m above gnd],Wind Speed  [80 m above gnd],Wind Direction  [80 m above gnd],Wind Speed  [900 mb],Wind Direction  [900 mb],Wind Gust  [sfc]
2018,8,2,0,0,-40.30,53.00,1011.40,0.00,0.00,0.00,0.00,0.00,0.00,0.00,0.00,56.22,114.60,63.39,98.82,38.94,103.91,51.48
2018,8,2,1,0,-40.56,53.00,1011.80,0.00,0.00,27.00,0.00,0.00,27.00,0.00,0.00,52.49,116.04,60.91,96.79,38.83,107.26,48.96
2018,8,2,2,0,-40.93,50.00,1012.00,0.00,0.00,32.00,0.00,0.00,32.00,0.00,0.00,50.24,117.30,58.00,96.77,38.08,105.35,47.16
2018,8,2,3,0,-41.39,49.00,1012.40,0.00,0.00,21.00,0.00,0.00,21.00,0.00,0.00,48.54,119.80,58.95,105.22,40.01,105.66,45.72
2018,8,2,4,0,-41.13,50.00,1012.00,0.00,0.00,9.00,0.00,0.00,9.00,0.00,0.00,49.08,120.89,61.31,102.89,41.65,104.52,45.00
2018,8,2,5,0,-40.65,55.00,1011.40,0.00,0.00,19.00,0.00,0.00,19.00,0.00,0.00,49.21,120.32,59.78,99.01,46.45,104.36,45.00
2018,8,2,6,0,-42.06,58.00,1012.90,0.00,0.00,33.00,0.00,0.00,33.00,0.00,0.00,48.10,120.60,60.63,105.85,42.79,104.62,43.56
2018,8,2,7,0,-42.30,56.00,1013.20,0.00,0.00,32.00,0.00,0.00,32.00,0.00,0.00,47.48,121.04,60.83,106.50,43.38,107.38,43.56
2018,8,2,8,0,-42.17,56.00,1013.10,0.00,0.00,31.00,0.00,0.00,31.00,0.00,0.00,47.24,122.24,60.28,105.95,40.53,108.11,43.56
2018,8,2,9,0,-39.99,66.00,1011.30,0.00,0.00,48.00,0.00,0.00,48.00,17.02,0.00,47.74,122.37,58.94,103.78,43.38,108.89,45.36
2018,8,2,10,0,-39.82,65.00,1011.00,0.00,0.00,50.00,0.00,0.00,50.00,28.09,1.78,46.83,123.08,57.02,103.51,40.07,107.78,44.28
2018,8,2,11,0,-39.97,63.00,1011.20,0.00,0.00,51.00,0.00,0.00,51.00,27.45,36.49,46.23,123.57,58.45,106.09,39.99,110.56,43.20
2018,8,2,12,0,-40.19,59.00,1011.00,0.00,0.00,49.00,0.00,0.00,49.00,28.72,70.31,45.54,124.70,61.03,109.29,37.50,111.39,42.12
2018,8,2,13,0,-39.68,59.00,1009.90,0.00,0.00,29.00,0.00,0.00,29.00,41.49,80.99,44.65,125.48,63.25,111.01,38.20,113.91,41.04
2018,8,2,14,0,-39.11,60.00,1009.20,0.00,0.00,3.00,0.00,0.00,3.00,58.09,64.97,45.44,127.60,65.19,112.74,38.32,116.81,41.04
2018,8,2,15,0,-37.77,54.00,1007.70,0.00,0.00,2.00,0.00,0.00,2.00,20.99,26.70,48.46,125.93,62.53,110.21,45.74,115.15,44.64
2018,8,2,16,0,-38.19,54.00,1007.90,0.00,0.00,2.00,0.00,0.00,2.00,0.00,0.00,48.46,125.93,59.88,108.22,43.17,114.64,43.56
2018,8,2,17,0,-38.46,55.00,1007.80,0.00,0.00,0.00,0.00,0.00,0.00,0.00,0.00,48.67,126.28,58.55,106.43,44.94,118.21,43.20
2018,8,2,18,0,-38.36,57.00,1007.40,0.00,0.00,0.00,0.00,0.00,0.00,0.00,0.00,48.89,126.62,57.63,104.47,43.64,118.04,41.76
2018,8,2,19,0,-35.02,53.00,1006.70,0.00,0.00,0.00,0.00,0.00,0.00,0.00,0.00,47.23,123.81,59.42,117.81,46.05,115.96,44.28
2018,8,2,20,0,-35.78,53.00,1007.40,0.00,0.00,0.00,0.00,0.00,0.00,0.00,0.00,47.54,125.13,56.19,117.06,45.24,115.95,43.20
2018,8,2,21,0,-36.12,53.00,1007.80,0.00,0.00,0.00,0.00,0.00,0.00,0.00,0.00,47.54,125.13,55.12,113.89,46.37,115.77,43.56
2018,8,2,22,0,-36.26,53.00,1007.70,0.00,0.00,0.00,0.00,0.00,0.00,0.00,0.00,47.84,124.89,53.22,111.01,45.26,114.93,44.28
2018,8,2,23,0,-36.59,54.00,1008.00,0.00,0.00,0.00,0.00,0.00,0.00,0.00,0.00,44.86,125.86,46.23,109.56,40.10,114.95,41.40
2018,8,3,0,0,-36.73,55.00,1008.20,0.00,0.00,0.00,0.00,0.00,0.00,0.00,0.00,45.95,125.43,49.45,106.06,39.85,112.86,43.20
2018,8,3,1,0,-36.62,57.00,1007.90,0.00,0.00,0.00,0.00,0.00,0.00,0.00,0.00,48.84,125.10,56.77,105.45,46.09,113.96,45.00
2018,8,3,2,0,-36.88,56.00,1008.30,0.00,0.00,0.00,0.00,0.00,0.00,0.00,0.00,49.55,125.54,57.41,106.39,44.96,114.10,45.36
2018,8,3,3,0,-37.37,54.00,1008.60,0.00,0.00,0.00,0.00,0.00,0.00,0.00,0.00,50.55,125.73,57.62,107.08,48.14,116.18,45.72
2018,8,3,4,0,-37.90,53.00,1009.00,0.00,0.00,0.00,0.00,0.00,0.00,0.00,0.00,50.85,125.49,55.63,105.39,46.54,115.18,46.08
2018,8,3,5,0,-38.33,52.00,1009.40,0.00,0.00,0.00,0.00,0.00,0.00,0.00,0.00,51.06,125.82,55.80,104.57,47.82,116.37,46.08
2018,8,3,6,0,-38.83,50.00,1010.00,0.00,0.00,1.00,0.00,1.00,0.00,0.00,0.00,51.27,126.15,55.29,105.48,44.76,115.74,46.08
2018,8,3,7,0,-39.27,48.00,1010.50,0.00,0.00,0.00,0.00,0.00,0.00,0.00,0.00,52.78,126.40,57.76,106.29,47.82,116.37,46.44
2018,8,3,8,0,-39.81,49.00,1011.40,0.00,0.00,0.00,0.00,0.00,0.00,0.00,0.00,53.57,126.25,58.25,105.41,46.85,115.97,47.16
2018,8,3,9,0,-40.25,50.00,1011.90,0.00,0.00,0.00,0.00,0.00,0.00,38.65,0.00,54.87,126.19,59.99,104.95,50.71,116.57,47.52
2018,8,3,10,0,-40.49,51.00,1012.70,0.00,0.00,1.00,0.00,1.00,0.00,59.36,2.67,55.16,125.97,58.24,103.95,49.44,115.45,47.52
2018,8,3,11,0,-40.43,51.00,1012.70,0.00,0.00,0.00,0.00,0.00,0.00,60.00,40.94,55.16,125.97,59.20,104.80,50.55,116.20,47.52
2018,8,3,12,0,-40.17,52.00,1012.60,0.00,0.00,0.00,0.00,0.00,0.00,60.00,72.98,55.16,125.97,55.04,105.95,48.65,114.48,47.52
2018,8,3,13,0,-39.89,53.00,1012.20,0.00,0.00,0.00,0.00,0.00,0.00,60.00,82.77,55.24,125.45,51.93,106.93,51.72,114.25,47.16
2018,8,3,14,0,-39.67,54.00,1012.20,0.00,0.00,0.00,0.00,0.00,0.00,60.00,67.64,54.66,125.89,51.53,105.40,49.68,113.04,46.80
2018,8,3,15,0,-40.08,55.00,1013.00,0.00,0.00,0.00,0.00,0.00,0.00,25.16,30.26,55.30,126.80,61.03,109.29,50.55,116.20,46.80
2018,8,3,16,0,-40.82,55.00,1014.50,0.00,0.00,0.00,0.00,0.00,0.00,0.00,0.00,56.45,127.75,64.31,111.68,50.07,116.93,48.24
2018,8,3,17,0,-41.39,54.00,1015.40,0.00,0.00,0.00,0.00,0.00,0.00,0.00,0.00,59.43,128.61,68.02,113.72,55.46,119.56,48.96
2018,8,3,18,0,-41.77,52.00,1015.80,0.00,0.00,0.00,0.00,0.00,0.00,0.00,0.00,59.88,129.14,69.93,114.32,53.72,120.17,48.96
2018,8,3,19,0,-41.77,49.00,1018.60,0.00,0.00,0.00,0.00,0.00,0.00,0.00,0.00,66.97,129.77,82.49,124.87,63.29,126.67,54.36
2018,8,3,20,0,-42.26,50.00,1019.80,0.00,0.00,0.00,0.00,0.00,0.00,0.00,0.00,66.97,129.77,81.27,123.62,61.42,127.14,53.64
2018,8,3,21,0,-42.52,51.00,1020.60,0.00,0.00,0.00,0.00,0.00,0.00,0.00,0.00,65.91,130.13,82.18,124.11,58.83,127.29,53.28
2018,8,3,22,0,-42.40,51.00,1021.20,0.00,0.00,0.00,0.00,0.00,0.00,0.00,0.00,66.70,129.96,77.76,126.34,58.55,125.74,53.28
2018,8,3,23,0,-42.09,52.00,1021.70,0.00,0.00,0.00,0.00,0.00,0.00,0.00,0.00,66.52,129.29,78.28,123.18,61.11,124.44,53.28
2018,8,4,0,0,-41.79,52.00,1022.10,0.00,0.00,0.00,0.00,0.00,0.00,0.00,0.00,66.29,129.05,77.09,122.80,59.41,123.88,53.64
2018,8,4,1,0,-41.61,52.00,1022.70,0.00,0.00,0.00,0.00,0.00,0.00,0.00,0.00,66.24,129.49,78.68,123.62,60.31,124.54,53.64
2018,8,4,2,0,-41.50,52.00,1023.10,0.00,0.00,0.00,0.00,0.00,0.00,0.00,0.00,66.24,129.49,75.88,123.39,57.61,123.79,54.36
2018,8,4,3,0,-41.47,51.00,1023.50,0.00,0.00,0.00,0.00,0.00,0.00,0.00,0.00,66.52,129.29,76.08,123.61,59.71,123.69,54.72
2018,8,4,4,0,-40.96,50.00,1023.70,0.00,0.00,0.00,0.00,0.00,0.00,0.00,0.00,65.56,128.76,70.93,125.71,57.62,122.50,55.08
2018,8,4,5,0,-40.27,50.00,1023.70,0.00,0.00,0.00,0.00,0.00,0.00,0.00,0.00,67.41,128.28,75.50,124.90,64.11,122.62,55.44
2018,8,4,6,0,-39.96,50.00,1024.00,0.00,0.00,0.00,0.00,0.00,0.00,0.00,0.00,66.97,127.79,75.30,122.70,63.47,121.08,54.72
2018,8,4,7,0,-40.12,50.00,1025.10,0.00,0.00,0.00,0.00,0.00,0.00,0.00,0.00,67.03,127.36,72.67,121.01,67.56,119.71,54.72
2018,8,4,8,0,-40.12,51.00,1026.00,0.00,0.00,0.60,2.00,0.00,0.00,0.00,0.00,67.83,127.23,66.80,120.43,66.86,118.64,54.00
2018,8,4,9,0,-39.74,51.00,1026.50,0.00,0.00,1.20,4.00,0.00,0.00,41.98,0.00,67.68,126.57,65.33,121.94,66.86,118.64,52.92
2018,8,4,10,0,-39.20,50.00,1026.80,0.00,0.00,2.40,8.00,0.00,0.00,58.47,5.34,66.67,126.44,64.42,122.45,62.32,117.90,51.84
2018,8,4,11,0,-38.25,51.00,1026.70,0.00,0.00,2.70,9.00,2.00,0.00,58.28,49.84,65.54,125.61,66.19,120.75,61.67,117.46,50.76
2018,8,4,12,0,-37.05,51.00,1026.10,0.00,0.00,5.00,10.00,5.00,0.00,56.81,86.33,64.50,124.31,63.50,119.18,58.46,115.14,48.96
2018,8,4,13,0,-36.10,52.00,1025.10,0.00,0.00,33.00,22.00,33.00,0.00,38.94,96.12,63.80,123.96,64.08,117.43,59.59,115.02,48.96
2018,8,4,14,0,-35.31,53.00,1024.40,0.00,0.00,75.00,41.00,75.00,0.00,12.13,79.21,63.81,122.79,66.49,116.01,58.19,113.71,49.68
2018,8,4,15,0,-34.48,54.00,1024.30,0.00,0.00,100.00,75.00,100.00,0.00,0.00,38.27,63.47,121.08,66.09,113.77,58.71,113.11,47.16
2018,8,4,16,0,-33.54,53.00,1024.00,0.00,0.00,100.00,100.00,100.00,0.00,0.00,0.89,63.41,120.35,66.85,112.15,54.82,111.17,47.52
2018,8,4,17,0,-32.64,52.00,1023.20,0.00,0.00,100.00,100.00,100.00,0.00,0.00,0.00,64.03,120.02,72.94,111.12,55.62,111.25,48.60
2018,8,4,18,0,-31.85,53.00,1022.30,0.00,0.00,100.00,100.00,100.00,0.00,0.00,0.00,64.13,118.87,74.92,109.65,54.66,109.63,49.68
2018,8,4,19,0,-31.23,53.00,1020.40,0.00,0.00,100.00,100.00,100.00,72.00,0.00,0.00,70.21,115.51,77.89,106.93,61.49,107.37,54.00
2018,8,4,20,0,-30.60,53.00,1020.00,0.00,0.00,100.00,100.00,100.00,100.00,0.00,0.00,71.21,114.49,79.54,104.41,61.92,105.17,55.08
2018,8,4,21,0,-30.26,52.00,1019.70,0.00,0.00,100.00,100.00,100.00,100.00,0.00,0.00,71.90,113.61,81.65,102.99,66.01,103.88,57.60
2018,8,4,22,0,-29.70,53.00,1019.10,0.00,0.00,100.00,100.00,100.00,100.00,0.00,0.00,71.95,112.97,80.91,101.81,66.03,102.60,58.32
2018,8,4,23,0,-29.29,52.00,1018.50,0.00,0.00,100.00,100.00,100.00,100.00,0.00,0.00,72.00,112.33,81.62,101.71,67.01,102.09,58.32
2018,8,5,0,0,-29.07,52.00,1018.00,0.00,0.00,100.00,100.00,100.00,100.00,0.00,0.00,71.93,111.43,81.50,99.92,66.23,100.33,58.68
2018,8,5,1,0,-28.95,50.00,1017.90,0.00,0.00,100.00,100.00,100.00,100.00,0.00,0.00,72.31,109.79,86.36,97.18,67.41,98.91,59.04
2018,8,5,2,0,-28.30,51.00,1016.80,0.00,0.00,100.00,100.00,100.00,100.00,0.00,0.00,73.43,108.88,88.73,96.29,68.28,97.57,60.48
2018,8,5,3,0,-27.98,49.00,1016.00,0.00,0.00,100.00,100.00,100.00,100.00,0.00,0.00,74.46,107.73,89.97,97.13,72.40,98.29,61.56
2018,8,5,4,0,-28.37,49.00,1016.20,0.00,0.00,100.00,100.00,100.00,100.00,0.00,0.00,75.38,107.22,87.98,98.00,71.79,98.94,61.56
2018,8,5,5,0,-28.39,49.00,1016.50,0.00,0.00,100.00,100.00,100.00,100.00,0.00,0.00,76.50,108.09,87.97,100.85,75.13,102.17,61.92
2018,8,5,6,0,-28.23,54.00,1016.50,0.00,0.00,100.00,100.00,100.00,100.00,0.00,0.00,76.62,108.35,85.01,100.74,73.43,101.31,62.28
2018,8,5,7,0,-28.04,55.00,1016.70,0.00,0.00,100.00,100.00,100.00,100.00,0.00,0.00,75.82,108.26,87.71,99.93,74.98,101.63,60.12
2018,8,5,8,0,-28.09,55.00,1017.00,0.00,0.00,100.00,100.00,100.00,100.00,0.00,0.00,75.25,108.69,83.95,100.88,72.59,102.31,57.24
2018,8,5,9,0,-28.47,61.00,1017.70,0.00,0.00,100.00,100.00,100.00,100.00,0.00,0.00,73.31,108.61,84.72,101.02,71.53,102.50,93.24
2018,8,5,10,0,-28.53,58.00,1017.90,0.00,0.00,100.00,100.00,100.00,100.00,0.00,4.45,72.86,108.43,83.21,99.46,70.18,101.54,55.08
2018,8,5,11,0,-27.65,57.00,1018.20,0.10,0.07,100.00,100.00,100.00,100.00,0.00,38.27,71.61,108.16,84.41,98.34,71.52,101.03,53.64
2018,8,5,12,0,-27.21,58.00,1018.20,0.10,0.07,100.00,100.00,100.00,100.00,0.00,64.08,68.77,109.57,81.38,99.42,66.93,101.79,51.84
2018,8,5,13,0,-26.79,58.00,1018.50,0.00,0.00,100.00,100.00,100.00,100.00,0.00,73.87,66.53,110.59,78.16,101.15,64.87,103.80,47.88
2018,8,5,14,0,-26.67,57.00,1018.60,0.00,0.00,100.00,100.00,100.00,100.00,0.00,64.08,63.91,112.52,72.47,104.38,60.14,106.70,46.44
2018,8,5,15,0,-26.85,55.00,1019.10,0.00,0.00,100.00,100.00,100.00,100.00,0.00,33.82,61.68,115.22,68.99,108.25,58.23,111.01,46.08
2018,8,5,16,0,-27.18,57.00,1020.00,0.00,0.00,100.00,97.00,100.00,100.00,0.00,1.78,60.21,117.02,65.39,110.63,55.31,113.39,46.44
2018,8,5,17,0,-27.37,59.00,1020.70,0.00,0.00,100.00,100.00,100.00,100.00,0.00,0.00,58.47,118.30,62.21,113.90,53.93,116.57,46.44
2018,8,5,18,0,-27.18,61.00,1021.10,0.00,0.00,100.00,100.00,100.00,100.00,0.00,0.00,57.11,120.28,58.46,115.14,49.75,117.12,47.16
2018,8,5,19,0,-30.07,55.00,1022.70,0.00,0.00,17.00,8.00,17.00,6.00,0.00,0.00,60.91,122.94,71.09,123.85,58.52,124.47,52.56
2018,8,5,20,0,-31.77,54.00,1024.30,0.00,0.00,2.00,2.00,0.00,2.00,0.00,0.00,61.43,125.46,71.28,126.58,58.47,126.23,52.92
2018,8,5,21,0,-32.74,53.00,1024.90,0.00,0.00,0.00,0.00,0.00,0.00,0.00,0.00,61.78,126.47,73.53,125.64,62.44,125.61,53.28
2018,8,5,22,0,-33.43,51.00,1026.00,0.00,0.00,0.00,0.00,0.00,0.00,0.00,0.00,64.08,126.55,72.51,122.43,62.81,122.60,55.08
2018,8,5,23,0,-34.32,52.00,1027.30,0.00,0.00,0.00,0.00,0.00,0.00,0.00,0.00,64.80,126.87,75.46,119.74,62.93,122.14,56.16
2018,8,6,0,0,-35.98,56.00,1028.70,0.00,0.00,0.00,0.00,0.00,0.00,0.00,0.00,65.45,127.63,73.91,117.56,60.33,122.08,56.52
2018,8,6,1,0,-36.63,56.00,1029.50,0.00,0.00,0.00,0.00,0.00,0.00,0.00,0.00,65.84,128.56,75.67,117.17,62.30,123.69,57.24
2018,8,6,2,0,-37.03,56.00,1030.20,0.00,0.00,0.30,1.00,0.00,0.00,0.00,0.00,67.58,128.95,72.47,117.84,61.41,124.25,58.68
2018,8,6,3,0,-37.22,55.00,1030.10,0.00,0.00,0.60,2.00,0.00,0.00,0.00,0.00,68.49,129.88,72.03,119.00,63.15,125.96,59.04
2018,8,6,4,0,-37.09,54.00,1029.30,0.00,0.00,0.90,3.00,0.00,0.00,0.00,0.00,69.19,130.57,69.42,118.16,60.35,125.78,59.76
2018,8,6,5,0,-36.90,54.00,1028.80,0.00,0.00,0.60,2.00,0.00,0.00,0.00,0.00,69.15,130.99,69.87,116.96,61.35,125.93,70.56
2018,8,6,6,0,-36.93,55.00,1028.70,0.00,0.00,0.90,3.00,0.00,0.00,0.00,0.00,69.66,131.02,67.30,116.02,61.64,125.73,72.36
2018,8,6,7,0,-36.96,54.00,1028.40,0.00,0.00,0.90,3.00,0.00,0.00,0.00,0.00,70.14,131.46,71.81,116.82,62.07,126.27,74.16
2018,8,6,8,0,-36.98,54.00,1028.30,0.00,0.00,0.90,3.00,0.00,0.00,0.00,0.00,70.41,131.27,78.12,114.79,58.76,126.03,61.56
2018,8,6,9,0,-36.95,54.00,1028.00,0.00,0.00,0.60,2.00,0.00,0.00,49.98,0.00,68.34,131.58,82.12,115.44,56.09,126.65,61.92
2018,8,6,10,0,-36.75,56.00,1027.80,0.00,0.00,0.30,1.00,0.00,0.00,59.81,8.90,68.61,131.38,81.34,114.86,52.73,124.99,60.84
2018,8,6,11,0,-35.78,55.00,1026.80,0.00,0.00,0.00,0.00,0.00,0.00,60.00,56.07,68.34,131.58,80.50,116.57,54.03,124.96,72.36
2018,8,6,12,0,-34.40,55.00,1025.00,0.00,0.00,0.00,0.00,0.00,0.00,60.00,89.89,67.57,131.76,80.68,117.94,50.23,124.49,70.92
2018,8,6,13,0,-33.38,55.00,1023.50,0.00,0.00,0.00,0.00,0.00,0.00,60.00,100.57,68.85,131.61,84.66,119.84,56.30,126.94,69.84
2018,8,6,14,0,-33.15,55.00,1022.40,0.00,0.00,0.00,0.00,0.00,0.00,60.00,84.55,67.54,132.19,86.06,120.96,53.58,128.18,68.76
2018,8,6,15,0,-33.66,56.00,1022.20,0.00,0.00,0.00,0.00,0.00,0.00,60.00,44.50,67.25,132.83,89.15,121.12,57.57,129.16,62.28
2018,8,6,16,0,-34.65,56.00,1022.30,0.00,0.00,0.00,0.00,0.00,0.00,36.25,2.67,67.50,133.05,89.60,122.03,57.63,128.66,62.64
2018,8,6,17,0,-35.54,55.00,1022.30,0.00,0.00,0.00,0.00,0.00,0.00,0.00,0.00,67.74,133.28,91.37,122.94,59.93,128.66,68.04
2018,8,6,18,0,-35.97,54.00,1022.20,0.00,0.00,0.00,0.00,0.00,0.00,0.00,0.00,68.24,133.72,91.67,122.82,58.64,128.77,69.84
2018,8,6,19,0,-32.31,51.00,1018.50,0.00,0.00,0.00,0.00,0.00,0.00,0.00,0.00,72.82,133.80,95.58,132.10,62.88,134.77,69.84
2018,8,6,20,0,-31.59,54.00,1017.60,0.00,0.00,0.00,0.00,0.00,0.00,0.00,0.00,73.33,133.81,100.96,131.82,59.83,133.78,73.08
2018,8,6,21,0,-30.83,53.00,1016.30,0.00,0.00,0.00,0.00,0.00,0.00,0.00,0.00,73.07,134.00,109.43,129.66,62.99,131.52,70.92
2018,8,6,22,0,-30.38,50.00,1015.00,0.00,0.00,0.00,0.00,0.00,0.00,0.00,0.00,73.83,134.21,115.48,128.80,66.12,128.37,72.00
2018,8,6,23,0,-30.31,47.00,1014.20,0.00,0.00,0.00,0.00,0.00,0.00,0.00,0.00,74.33,134.61,119.42,128.39,69.44,128.47,72.36
2018,8,7,0,0,-31.46,48.00,1014.70,0.00,0.00,0.00,0.00,0.00,0.00,0.00,0.00,74.59,134.80,120.75,127.25,63.15,129.68,71.64
2018,8,7,1,0,-31.98,49.00,1015.10,0.00,0.00,0.00,0.00,0.00,0.00,0.00,0.00,75.86,134.62,120.27,128.07,64.35,130.46,73.80
2018,8,7,2,0,-31.94,49.00,1014.40,0.00,0.00,0.00,0.00,0.00,0.00,0.00,0.00,75.60,135.19,114.04,129.62,63.45,132.47,70.56
2018,8,7,3,0,-32.44,48.00,1014.00,0.00,0.00,0.00,0.00,0.00,0.00,0.00,0.00,77.39,134.62,111.15,128.69,68.78,132.88,70.56
2018,8,7,4,0,-32.58,48.00,1013.40,0.00,0.00,0.00,0.00,0.00,0.00,0.00,0.00,77.39,135.00,115.31,128.41,66.71,133.69,71.28
2018,8,7,5,0,-32.45,47.00,1012.90,0.00,0.00,0.00,0.00,0.00,0.00,0.00,0.00,77.64,134.81,119.03,128.98,69.01,133.52,73.08
2018,8,7,6,0,-33.11,47.00,1012.70,0.00,0.00,0.00,0.00,0.00,0.00,0.00,0.00,78.66,135.56,115.01,131.57,69.75,135.00,73.80
2018,8,7,7,0,-34.25,50.00,1013.40,0.00,0.00,0.00,0.00,0.00,0.00,0.00,0.00,78.16,135.93,117.15,133.26,68.27,137.14,77.04
2018,8,7,8,0,-35.30,51.00,1013.70,0.00,0.00,0.00,0.00,0.00,0.00,0.00,0.00,80.47,136.45,116.11,133.74,69.87,138.34,78.84
2018,8,7,9,0,-35.26,49.00,1012.90,0.00,0.00,0.00,0.00,0.00,0.00,54.21,0.00,81.98,136.07,117.45,132.64,76.50,138.43,81.36
2018,8,7,10,0,-35.49,51.00,1012.90,0.00,0.00,0.00,0.00,0.00,0.00,60.00,10.68,83.75,135.17,111.86,132.52,79.95,136.09,82.08
2018,8,7,11,0,-35.71,48.00,1012.60,0.00,0.00,0.00,0.00,0.00,0.00,60.00,60.52,84.01,134.65,113.29,134.10,79.17,135.55,79.20
2018,8,7,12,0,-35.96,47.00,1012.30,0.00,0.00,0.00,0.00,0.00,0.00,60.00,96.12,83.50,134.30,116.86,134.13,74.84,135.39,77.40
2018,8,7,13,0,-35.39,46.00,1011.40,0.00,0.00,0.00,0.00,0.00,0.00,60.00,106.80,82.48,134.65,120.41,134.64,76.88,135.76,76.32
2018,8,7,14,0,-35.09,46.00,1010.40,0.00,0.00,0.00,0.00,0.00,0.00,60.00,90.78,80.70,134.82,117.36,134.38,72.55,135.20,74.88
2018,8,7,15,0,-35.81,47.00,1010.50,0.00,0.00,0.00,0.00,0.00,0.00,60.00,49.84,79.17,135.18,118.37,135.12,70.52,136.03,75.24
2018,8,7,16,0,-36.35,46.00,1010.40,0.00,0.00,0.00,0.00,0.00,0.00,39.92,4.45,79.18,134.08,110.75,134.08,67.71,135.00,73.08
2018,8,7,17,0,-36.73,48.00,1010.30,0.00,0.00,0.00,0.00,0.00,0.00,0.00,0.00,78.45,133.14,109.50,133.40,67.71,135.00,73.08
2018,8,7,18,0,-37.03,51.00,1010.20,0.00,0.00,0.00,0.00,0.00,0.00,0.00,0.00,77.18,132.92,105.45,133.06,64.66,135.00,73.08
2018,8,7,19,0,-34.99,49.00,1007.00,0.00,0.00,0.00,0.00,0.00,0.00,0.00,0.00,80.04,132.08,97.27,130.65,80.57,131.74,85.68
2018,8,7,20,0,-35.17,48.00,1007.20,0.00,0.00,0.00,0.00,0.00,0.00,0.00,0.00,79.77,132.26,96.69,131.23,79.77,132.26,88.56
2018,8,7,21,0,-35.80,48.00,1007.50,0.00,0.00,0.00,0.00,0.00,0.00,0.00,0.00,80.52,132.46,100.18,131.94,83.57,132.56,75.60
2018,8,7,22,0,-37.03,50.00,1007.90,0.00,0.00,0.00,0.00,0.00,0.00,0.00,0.00,80.76,132.65,98.39,132.03,81.27,132.67,74.52
2018,8,7,23,0,-38.31,52.00,1008.40,0.00,0.00,0.00,0.00,0.00,0.00,0.00,0.00,82.02,132.87,100.67,132.25,82.53,132.88,73.44
2018,8,8,0,0,-38.89,51.00,1008.80,0.00,0.00,0.00,0.00,0.00,0.00,0.00,0.00,82.78,133.06,99.41,132.06,80.99,133.20,75.24
2018,8,8,1,0,-39.62,50.00,1009.40,0.00,0.00,0.00,0.00,0.00,0.00,0.00,0.00,83.55,132.90,101.20,131.97,82.76,133.41,75.96
2018,8,8,2,0,-40.39,50.00,1009.90,0.00,0.00,0.00,0.00,0.00,0.00,0.00,0.00,83.53,133.25,99.89,132.37,81.47,133.93,93.24
2018,8,8,3,0,-40.59,49.00,1009.20,0.00,0.00,0.00,0.00,0.00,0.00,0.00,0.00,81.73,133.75,98.32,132.92,79.68,134.82,81.72
2018,8,8,4,0,-40.87,48.00,1008.50,0.00,0.00,0.00,0.00,0.00,0.00,0.00,0.00,80.52,132.46,92.80,131.86,77.18,132.92,81.36
2018,8,8,5,0,-40.61,45.00,1007.30,0.00,0.00,0.00,0.00,0.00,0.00,0.00,0.00,79.59,131.33,95.64,129.50,78.41,130.34,72.36
2018,8,8,6,0,-41.24,47.00,1007.80,0.00,0.00,0.00,0.00,0.00,0.00,0.00,0.00,77.94,129.94,94.68,126.65,77.04,127.41,72.72
2018,8,8,7,0,-41.51,48.00,1008.00,0.00,0.00,0.00,0.00,0.00,0.00,0.00,0.00,76.58,128.70,95.38,125.01,76.04,125.95,70.20
2018,8,8,8,0,-41.75,48.00,1008.20,0.00,0.00,0.00,0.00,0.00,0.00,0.00,0.00,74.55,128.53,90.78,124.82,72.29,126.70,64.80
2018,8,8,9,0,-42.45,49.00,1008.80,0.00,0.00,0.00,0.00,0.00,0.00,58.12,0.00,72.31,128.13,89.06,123.63,69.12,127.17,68.04
2018,8,8,10,0,-43.42,50.00,1009.70,0.00,0.00,0.00,0.00,0.00,0.00,60.00,13.35,70.79,127.98,89.68,122.54,64.16,127.71,62.28
2018,8,8,11,0,-43.14,51.00,1010.00,0.00,0.00,0.00,0.00,0.00,0.00,60.00,65.86,69.63,127.23,88.72,121.56,63.43,127.39,63.36
2018,8,8,12,0,-42.23,51.00,1009.00,0.00,0.00,0.00,0.00,0.00,0.00,60.00,101.46,68.55,126.03,85.60,119.48,60.14,125.50,62.28
2018,8,8,13,0,-41.79,50.00,1008.50,0.00,0.00,0.00,0.00,0.00,0.00,60.00,112.14,66.83,125.57,83.73,117.67,58.61,123.98,62.28
2018,8,8,14,0,-41.64,50.00,1007.70,0.00,0.00,0.00,0.00,0.00,0.00,60.00,95.23,65.21,124.66,80.86,114.74,55.38,120.90,60.48
2018,8,8,15,0,-41.49,50.00,1007.60,0.00,0.00,0.00,0.00,0.00,0.00,60.00,54.29,61.71,124.06,78.04,113.37,53.67,119.32,57.96
2018,8,8,16,0,-42.36,52.00,1008.60,0.00,0.00,0.00,0.00,0.00,0.00,43.59,6.23,62.11,124.61,74.88,115.33,52.52,118.67,57.96
2018,8,8,17,0,-42.80,52.00,1009.10,0.00,0.00,0.00,0.00,0.00,0.00,0.00,0.00,61.32,124.72,74.97,113.49,49.93,118.41,57.96
2018,8,8,18,0,-42.65,51.00,1009.20,0.00,0.00,0.00,0.00,0.00,0.00,0.00,0.00,58.81,123.01,69.03,106.36,44.16,114.06,56.16
2018,8,8,19,0,-40.20,53.00,1009.00,0.00,0.00,31.00,0.00,0.00,31.00,0.00,0.00,60.51,123.60,73.47,120.96,54.74,125.36,55.08
2018,8,8,20,0,-40.17,53.00,1009.50,0.00,0.00,32.00,0.00,0.00,32.00,0.00,0.00,56.91,123.39,66.33,117.12,46.73,123.69,53.28
2018,8,8,21,0,-39.27,54.00,1009.30,0.00,0.00,32.00,0.00,0.00,32.00,0.00,0.00,54.65,121.81,62.51,114.50,44.62,118.43,51.48
2018,8,8,22,0,-38.84,56.00,1009.20,0.00,0.00,33.00,0.00,0.00,33.00,0.00,0.00,54.82,123.48,56.19,117.06,43.47,116.57,52.56
2018,8,8,23,0,-39.43,56.00,1010.10,0.00,0.00,33.00,0.00,0.00,33.00,0.00,0.00,51.82,124.24,56.85,115.10,40.89,116.11,50.04
2018,8,9,0,0,-39.01,52.00,1010.10,0.00,0.00,33.00,0.00,0.00,33.00,0.00,0.00,48.73,124.16,44.92,111.63,37.11,112.83,47.52
2018,8,9,1,0,-38.19,56.00,1009.90,0.00,0.00,52.00,0.00,0.00,52.00,0.00,0.00,46.54,124.92,47.14,107.33,37.72,113.63,43.92
2018,8,9,2,0,-37.70,62.00,1009.90,0.00,0.00,58.00,0.00,1.00,58.00,0.00,0.00,45.87,126.06,45.85,105.02,36.26,114.02,42.48
2018,8,9,3,0,-38.12,61.00,1010.50,0.00,0.00,59.00,0.00,24.00,59.00,0.00,0.00,46.01,127.05,49.45,106.06,38.16,117.53,42.48
2018,8,9,4,0,-38.29,60.00,1010.80,0.00,0.00,54.00,0.00,34.00,54.00,0.00,0.00,47.24,127.57,54.87,107.96,39.45,117.73,43.56
2018,8,9,5,0,-38.19,58.00,1011.00,0.00,0.00,50.00,0.00,30.00,50.00,0.00,0.00,48.82,127.21,57.37,103.43,44.28,117.61,44.28
2018,8,9,6,0,-38.20,56.00,1011.50,0.00,0.00,46.00,0.00,32.00,46.00,0.00,0.00,48.25,127.72,58.54,100.27,39.94,117.95,43.20
2018,8,9,7,0,-38.55,55.00,1012.30,0.00,0.00,43.00,0.00,32.00,43.00,0.00,0.00,47.74,127.65,59.57,97.64,39.16,119.16,42.84
2018,8,9,8,0,-39.35,54.00,1013.60,0.00,0.00,37.00,0.00,32.00,37.00,0.00,0.00,48.47,128.06,59.75,96.23,36.89,118.57,43.20
2018,8,9,9,0,-40.28,53.00,1014.80,0.00,0.00,32.00,0.00,30.00,32.00,1.34,0.00,49.98,128.27,58.28,96.03,40.95,119.49,43.56
2018,8,9,10,0,-40.38,52.00,1015.30,0.00,0.00,29.00,0.00,29.00,24.00,41.49,17.80,49.98,128.27,56.26,97.35,38.01,118.26,43.20
2018,8,9,11,0,-39.53,53.00,1015.30,0.00,0.00,26.00,0.00,26.00,12.00,43.40,72.09,50.27,128.02,55.55,97.45,41.72,118.33,42.84
2018,8,9,12,0,-38.62,54.00,1014.90,0.00,0.00,22.00,0.00,22.00,0.00,45.96,107.69,49.98,128.27,54.79,97.17,40.43,118.16,42.12
2018,8,9,13,0,-38.09,54.00,1014.70,0.00,0.00,14.00,0.00,14.00,0.00,51.06,118.37,51.50,128.47,56.82,98.75,45.63,119.80,42.48
2018,8,9,14,0,-38.05,54.00,1014.90,0.00,0.00,0.00,0.00,0.00,0.00,60.00,100.57,50.21,128.60,55.00,100.94,39.62,118.19,41.04
2018,8,9,15,0,-38.20,53.00,1016.00,0.00,0.00,0.00,0.00,0.00,0.00,60.00,56.96,52.07,127.98,59.67,98.33,46.09,118.97,41.04
2018,8,9,16,0,-39.12,53.00,1017.60,0.00,0.00,0.00,0.00,0.00,0.00,47.24,8.01,51.84,127.67,58.86,97.73,42.19,117.44,41.76
2018,8,9,17,0,-39.79,52.00,1019.00,0.00,0.00,0.00,0.00,0.00,0.00,0.00,0.00,49.04,127.54,52.66,93.53,38.32,115.60,39.96
2018,8,9,18,0,-40.49,52.00,1020.10,0.00,0.00,0.00,0.00,0.00,0.00,0.00,0.00,49.04,127.54,53.76,97.70,34.98,113.66,40.68
2018,8,9,19,0,-38.35,55.00,1020.40,0.00,0.00,0.00,0.00,0.00,0.00,0.00,0.00,48.46,125.93,62.72,87.04,37.36,117.55,40.32
2018,8,9,20,0,-37.73,57.00,1020.40,0.00,0.00,0.00,0.00,0.00,0.00,0.00,0.00,44.78,126.50,58.45,86.12,27.37,116.57,38.16
2018,8,9,21,0,-38.52,57.00,1021.60,0.00,0.00,0.00,0.00,0.00,0.00,0.00,0.00,44.07,126.03,59.76,90.35,28.02,115.91,38.52
2018,8,9,22,0,-39.01,57.00,1022.50,0.00,0.00,0.00,0.00,0.00,0.00,0.00,0.00,45.29,126.60,62.38,93.31,30.59,116.57,39.24
2018,8,9,23,0,-38.98,58.00,1022.90,0.00,0.00,0.00,0.00,0.00,0.00,0.00,0.00,49.47,126.12,65.89,90.94,38.64,116.57,40.68
2018,8,10,0,0,-39.05,59.00,1023.40,0.00,0.00,0.00,0.00,0.00,0.00,0.00,0.00,49.39,126.70,63.74,91.29,37.52,118.04,39.60
2018,8,10,1,0,-39.13,58.00,1023.70,0.00,0.00,0.00,0.00,0.00,0.00,0.00,0.00,49.90,126.79,66.13,95.00,39.48,118.90,40.32
2018,8,10,2,0,-39.08,58.00,1024.00,0.00,0.00,2.00,0.00,0.00,2.00,0.00,0.00,49.90,126.79,66.32,92.80,37.83,116.57,41.04
2018,8,10,3,0,-38.84,58.00,1023.80,0.00,0.00,3.00,0.00,0.00,3.00,0.00,0.00,49.90,126.79,65.18,91.27,41.70,116.12,42.12
2018,8,10,4,0,-38.39,57.00,1023.30,0.00,0.00,4.00,0.00,0.00,4.00,0.00,0.00,48.89,126.62,64.61,94.15,39.66,113.54,42.48
2018,8,10,5,0,-38.34,58.00,1023.40,0.00,0.00,1.00,0.00,0.00,1.00,0.00,0.00,50.11,127.12,66.35,99.05,44.27,116.57,43.56
2018,8,10,6,0,-38.20,58.00,1023.20,0.00,0.00,2.00,0.00,0.00,2.00,0.00,0.00,50.90,126.95,69.85,104.32,44.76,115.74,42.48
2018,8,10,7,0,-37.78,58.00,1023.00,0.00,0.00,0.00,0.00,0.00,0.00,0.00,0.00,52.20,126.87,75.63,110.33,47.02,117.35,39.96
2018,8,10,8,0,-37.16,57.00,1022.20,0.00,0.00,0.00,0.00,0.00,0.00,0.00,0.00,53.14,127.57,81.67,114.76,44.34,119.69,45.72
2018,8,10,9,0,-36.88,56.00,1022.30,0.00,0.00,0.00,0.00,0.00,0.00,5.97,0.00,54.22,127.17,87.98,118.87,43.90,120.56,46.80
2018,8,10,10,0,-36.47,55.00,1022.10,0.00,0.00,0.00,0.00,0.00,0.00,60.00,20.47,56.02,127.16,90.87,122.87,43.67,119.10,47.52
2018,8,10,11,0,-35.56,55.00,1021.20,0.00,0.00,0.00,0.00,0.00,0.00,60.00,73.87,57.89,126.66,90.59,127.74,47.84,118.30,48.24
2018,8,10,12,0,-34.87,57.00,1021.10,0.00,0.00,0.00,0.00,0.00,0.00,60.00,109.47,56.23,127.46,82.51,130.22,44.62,118.43,47.16
2018,8,10,13,0,-34.13,59.00,1020.00,0.00,0.00,0.00,0.00,0.00,0.00,60.00,120.15,56.23,127.46,77.77,127.67,48.47,117.90,47.88
2018,8,10,14,0,-33.75,59.00,1019.40,0.00,0.00,0.00,0.00,0.00,0.00,60.00,103.24,56.59,126.72,74.60,122.39,49.43,116.38,48.24
2018,8,10,15,0,-33.85,58.00,1019.80,0.00,0.00,0.00,0.00,0.00,0.00,60.00,62.30,57.24,127.59,74.58,120.77,51.06,118.19,49.32
2018,8,10,16,0,-34.48,57.00,1020.20,0.00,0.00,0.00,0.00,0.00,0.00,50.88,10.68,59.83,127.42,73.99,119.43,51.36,117.10,52.92
2018,8,10,17,0,-35.17,55.00,1020.80,0.00,0.00,0.00,0.00,0.00,0.00,0.00,0.00,61.85,127.67,76.37,120.92,55.28,119.24,55.44
2018,8,10,18,0,-36.26,53.00,1021.70,0.00,0.00,0.00,0.00,0.00,0.00,0.00,0.00,63.03,128.51,79.66,119.81,51.06,121.45,56.52
2018,8,10,19,0,-34.01,58.00,1020.10,0.00,0.00,0.00,0.00,0.00,0.00,0.00,0.00,65.88,126.56,83.47,120.88,56.31,123.79,57.96
2018,8,10,20,0,-34.23,58.00,1020.30,0.00,0.00,0.00,0.00,0.00,0.00,0.00,0.00,66.82,127.12,81.87,120.96,56.33,122.47,59.76
2018,8,10,21,0,-34.44,57.00,1020.10,0.00,0.00,0.00,0.00,0.00,0.00,0.00,0.00,67.98,127.90,83.30,122.11,59.31,123.11,59.76
2018,8,10,22,0,-34.52,57.00,1019.50,0.00,0.00,0.00,0.00,0.00,0.00,0.00,0.00,69.78,127.87,81.09,122.49,60.61,123.12,61.20
2018,8,10,23,0,-34.64,57.00,1019.20,0.00,0.00,0.00,0.00,0.00,0.00,0.00,0.00,71.64,127.45,77.39,122.66,66.41,122.83,62.28
2018,8,11,0,0,-35.21,57.00,1019.80,0.00,0.00,0.00,0.00,0.00,0.00,0.00,0.00,72.94,127.38,79.71,120.39,63.01,122.87,64.08
2018,8,11,1,0,-36.21,56.00,1020.80,0.00,0.00,0.00,0.00,0.00,0.00,0.00,0.00,73.82,128.27,87.27,117.52,62.41,124.42,64.44
2018,8,11,2,0,-36.50,55.00,1020.80,0.00,0.00,0.00,0.00,0.00,0.00,0.00,0.00,75.12,128.19,88.26,115.10,60.51,123.60,66.24
2018,8,11,3,0,-36.43,54.00,1020.30,0.00,0.00,0.00,0.00,0.00,0.00,0.00,0.00,77.64,128.41,92.42,115.87,63.41,124.59,65.52
2018,8,11,4,0,-36.63,53.00,1019.90,0.00,0.00,0.00,0.00,0.00,0.00,0.00,0.00,78.88,128.70,93.09,118.15,62.44,125.61,66.96
2018,8,11,5,0,-36.89,53.00,1019.50,0.00,0.00,0.00,0.00,0.00,0.00,0.00,0.00,79.56,129.31,96.32,120.30,66.10,126.81,74.16
2018,8,11,6,0,-37.11,54.00,1019.30,0.00,0.00,0.00,0.00,0.00,0.00,0.00,0.00,80.53,129.74,94.29,122.05,68.05,125.96,70.20
2018,8,11,7,0,-37.79,53.00,1019.70,0.00,0.00,0.00,0.00,0.00,0.00,0.00,0.00,80.53,129.74,94.59,120.66,68.63,125.61,71.28
2018,8,11,8,0,-38.20,52.00,1019.90,0.00,0.00,0.00,0.00,0.00,0.00,0.00,0.00,81.96,130.55,98.54,121.25,67.92,128.33,79.20
2018,8,11,9,0,-37.51,52.00,1019.00,0.00,0.00,0.00,0.00,0.00,0.00,9.90,0.00,81.65,131.07,102.46,122.52,65.18,129.85,79.92
2018,8,11,10,0,-38.55,51.00,1019.80,0.00,0.00,0.00,0.00,0.00,0.00,60.00,24.92,81.89,131.26,102.14,123.35,61.07,129.98,82.08
2018,8,11,11,0,-38.37,53.00,1019.10,0.00,0.00,0.00,0.00,0.00,0.00,60.00,81.88,81.65,131.07,102.94,123.30,65.29,131.42,81.36
2018,8,11,12,0,-37.25,56.00,1017.60,0.00,0.00,0.00,0.00,0.00,0.00,60.00,118.37,80.67,130.66,98.46,122.76,65.18,129.85,112.32
2018,8,11,13,0,-36.54,57.00,1016.10,0.00,0.00,0.00,0.00,0.00,0.00,60.00,128.16,80.13,130.99,96.26,124.64,65.60,130.77,111.24
2018,8,11,14,0,-36.06,58.00,1015.30,0.00,0.00,0.00,0.00,0.00,0.00,60.00,112.14,79.32,131.50,97.47,124.92,65.09,130.74,90.72
2018,8,11,15,0,-35.08,54.00,1014.20,0.00,0.00,0.00,0.00,0.00,0.00,60.00,69.42,79.55,131.70,100.55,124.20,67.94,130.27,90.00
2018,8,11,16,0,-35.00,50.00,1014.00,0.00,0.00,0.00,0.00,0.00,0.00,54.51,13.35,81.29,132.31,100.57,124.94,68.65,130.96,84.96
2018,8,11,17,0,-37.09,52.00,1015.60,0.00,0.00,0.00,0.00,0.00,0.00,0.00,0.00,82.53,132.88,106.09,125.47,71.61,132.35,82.08
2018,8,11,18,0,-37.06,52.00,1015.00,0.00,0.00,0.00,0.00,0.00,0.00,0.00,0.00,83.29,133.07,106.00,125.74,66.50,132.59,96.48
2018,8,11,19,0,-35.82,44.00,1014.40,0.00,0.00,0.00,0.00,0.00,0.00,0.00,0.00,90.41,133.23,100.90,130.22,84.81,133.11,82.80
2018,8,11,20,0,-36.86,44.00,1015.00,0.00,0.00,0.00,0.00,0.00,0.00,0.00,0.00,89.61,134.35,99.17,131.91,81.21,134.46,92.16
2018,8,11,21,0,-38.03,43.00,1015.40,0.00,0.00,0.00,0.00,0.00,0.00,0.00,0.00,90.62,135.00,99.04,133.97,85.55,136.02,92.88
2018,8,11,22,0,-38.89,43.00,1015.60,0.00,0.00,0.00,0.00,0.00,0.00,0.00,0.00,89.60,135.00,95.73,134.09,82.48,135.00,93.24
2018,8,11,23,0,-39.51,43.00,1014.90,0.00,0.00,0.00,0.00,0.00,0.00,0.00,0.00,88.34,134.17,95.52,133.01,83.78,133.43,91.44
2018,8,12,0,0,-40.35,45.00,1014.40,0.00,0.00,0.00,0.00,0.00,0.00,0.00,0.00,86.62,132.64,97.86,130.08,79.08,131.31,71.64
2018,8,12,1,0,-41.83,47.00,1015.30,0.00,0.00,0.00,0.00,0.00,0.00,0.00,0.00,85.01,130.71,97.16,128.23,79.51,129.67,68.04
2018,8,12,2,0,-42.75,50.00,1015.60,0.00,0.00,0.00,0.00,0.00,0.00,0.00,0.00,81.30,127.99,89.36,126.32,72.53,128.35,66.24
2018,8,12,3,0,-42.64,49.00,1015.30,0.00,0.00,0.00,0.00,0.00,0.00,0.00,0.00,78.93,125.72,91.37,122.94,73.08,126.59,64.08
2018,8,12,4,0,-42.49,50.00,1015.00,0.00,0.00,0.00,0.00,0.00,0.00,0.00,0.00,77.28,123.99,88.42,120.32,70.80,122.96,64.44
2018,8,12,5,0,-40.68,52.00,1013.00,0.00,0.00,0.00,0.00,0.00,0.00,0.00,0.00,76.90,122.57,87.42,116.14,68.05,119.82,65.52
2018,8,12,6,0,-39.36,48.00,1011.40,0.00,0.00,0.00,0.00,0.00,0.00,0.00,0.00,76.37,120.92,83.64,110.93,62.98,114.66,68.40
2018,8,12,7,0,-38.87,46.00,1011.10,0.00,0.00,0.00,0.00,0.00,0.00,0.00,0.00,75.95,119.85,81.75,109.55,61.31,112.80,68.04
2018,8,12,8,0,-38.76,48.00,1011.00,0.00,0.00,0.00,0.00,0.00,0.00,0.00,0.00,74.88,117.80,82.29,105.74,57.62,107.08,67.68
2018,8,12,9,0,-38.71,50.00,1011.50,0.00,0.00,0.00,0.00,0.00,0.00,13.83,0.00,72.77,117.07,81.00,106.26,55.90,107.62,65.88
2018,8,12,10,0,-38.40,51.00,1011.70,0.00,0.00,0.00,0.00,0.00,0.00,60.00,28.48,70.04,117.22,78.24,104.93,52.49,107.57,63.36
2018,8,12,11,0,-37.47,53.00,1011.00,0.00,0.00,0.00,0.00,0.00,0.00,60.00,85.44,67.78,116.16,75.88,104.56,52.71,108.31,61.92
2018,8,12,12,0,-36.33,55.00,1009.80,0.00,0.00,0.00,0.00,0.00,0.00,60.00,121.04,65.69,116.00,71.96,105.08,49.18,107.90,60.48
2018,8,12,13,0,-35.22,56.00,1008.70,0.00,0.00,0.00,0.00,0.00,0.00,60.00,130.83,64.24,116.28,70.38,106.95,49.86,108.96,61.20
2018,8,12,14,0,-34.40,57.00,1008.40,0.00,0.00,0.00,0.00,0.00,0.00,60.00,113.92,62.47,116.71,71.21,106.14,47.47,108.57,60.84
2018,8,12,15,0,-34.26,57.00,1008.40,0.00,0.00,0.00,0.00,0.00,0.00,60.00,72.98,61.82,117.01,73.88,105.26,48.51,109.51,59.76
2018,8,12,16,0,-34.86,56.00,1009.40,0.00,0.00,0.00,0.00,0.00,0.00,58.12,16.02,62.03,118.80,74.77,105.64,48.93,112.04,60.12
2018,8,12,17,0,-35.69,55.00,1010.20,0.00,0.00,0.00,0.00,0.00,0.00,0.00,0.00,62.11,120.28,78.03,106.34,50.24,115.46,61.92
2018,8,12,18,0,-36.37,54.00,1010.50,0.00,0.00,0.00,0.00,0.00,0.00,0.00,0.00,61.18,120.79,78.24,106.85,47.98,115.80,63.36
2018,8,12,19,0,-30.76,53.00,1007.10,0.00,0.00,0.00,0.00,0.00,0.00,0.00,0.00,64.25,117.71,76.63,112.95,58.62,117.82,60.84
2018,8,12,20,0,-31.95,55.00,1008.20,0.00,0.00,0.00,0.00,0.00,0.00,0.00,0.00,64.76,118.56,75.61,111.80,54.79,119.09,69.12
2018,8,12,21,0,-33.74,56.00,1009.90,0.00,0.00,0.00,0.00,0.00,0.00,0.00,0.00,65.64,119.94,77.01,112.25,56.37,121.15,61.92
2018,8,12,22,0,-34.63,55.00,1010.60,0.00,0.00,0.00,0.00,0.00,0.00,0.00,0.00,65.64,121.77,76.18,114.87,56.13,122.16,62.64
2018,8,12,23,0,-34.73,55.00,1010.50,0.00,0.00,0.00,0.00,0.00,0.00,0.00,0.00,64.91,122.54,77.32,114.78,57.43,122.20,61.56
2018,8,13,0,0,-34.61,55.00,1010.50,0.00,0.00,0.00,0.00,0.00,0.00,0.00,0.00,64.10,123.78,77.20,113.94,56.74,121.77,60.48
2018,8,13,1,0,-34.88,55.00,1011.10,0.00,0.00,0.00,0.00,0.00,0.00,0.00,0.00,63.00,124.05,80.71,114.51,56.99,120.78,58.32
2018,8,13,2,0,-35.39,54.00,1011.70,0.00,0.00,0.00,0.00,0.00,0.00,0.00,0.00,60.52,124.82,78.66,113.75,52.87,119.36,55.80
2018,8,13,3,0,-35.40,54.00,1011.60,0.00,0.00,0.00,0.00,0.00,0.00,0.00,0.00,59.05,125.82,78.01,111.95,53.23,120.03,54.00
2018,8,13,4,0,-35.46,54.00,1011.40,0.00,0.00,0.00,0.00,0.00,0.00,0.00,0.00,58.90,126.80,75.63,113.27,52.38,119.21,54.00
2018,8,13,5,0,-35.73,53.00,1011.60,0.00,0.00,0.00,0.00,0.00,0.00,0.00,0.00,58.98,128.06,76.31,116.32,53.47,121.23,54.00
2018,8,13,6,0,-36.31,52.00,1011.70,0.00,0.00,0.00,0.00,0.00,0.00,0.00,0.00,59.60,129.36,72.56,119.74,52.13,122.59,54.72
2018,8,13,7,0,-36.35,51.00,1011.60,0.00,0.00,0.00,0.00,0.00,0.00,0.00,0.00,60.29,130.16,71.82,122.10,53.92,124.11,54.72
2018,8,13,8,0,-34.90,49.00,1010.20,0.00,0.00,0.00,0.00,0.00,0.00,0.00,0.00,61.03,130.45,67.81,122.42,52.12,124.02,56.52
2018,8,13,9,0,-34.48,50.00,1010.00,0.00,0.00,0.00,0.00,0.00,0.00,17.76,0.00,60.99,130.93,70.69,123.37,52.73,124.99,55.80
2018,8,13,10,0,-34.04,52.00,1009.60,0.00,0.00,0.00,0.00,0.00,0.00,60.00,33.82,61.44,131.91,69.99,124.10,51.77,126.23,55.44
2018,8,13,11,0,-33.56,53.00,1009.00,0.00,0.00,0.00,0.00,0.00,0.00,60.00,90.78,60.66,132.11,70.49,124.18,53.78,126.56,54.36
2018,8,13,12,0,-33.10,53.00,1008.20,0.00,0.00,0.00,0.00,0.00,0.00,60.00,127.27,59.89,132.32,68.79,123.69,51.77,126.23,53.64
2018,8,13,13,0,-32.90,54.00,1007.50,0.00,0.00,0.00,0.00,0.00,0.00,60.00,137.95,59.14,132.04,67.50,123.69,53.36,125.94,51.48
2018,8,13,14,0,-33.25,54.00,1007.30,0.00,0.00,0.00,0.00,0.00,0.00,60.00,121.04,58.60,132.51,63.10,123.60,53.28,126.48,50.40
2018,8,13,15,0,-33.91,54.00,1008.20,0.00,0.00,0.00,0.00,0.00,0.00,60.00,79.21,58.85,132.77,63.30,123.87,55.73,127.39,50.04
2018,8,13,16,0,-34.90,53.00,1008.90,0.00,0.00,0.00,0.00,0.00,0.00,1.71,19.58,59.38,132.30,63.51,122.97,54.00,126.87,50.04
2018,8,13,17,0,-35.57,53.00,1009.30,0.00,0.00,0.00,0.00,0.00,0.00,0.00,0.00,59.67,131.58,66.68,120.86,55.37,126.27,50.76
2018,8,13,18,0,-36.18,52.00,1009.40,0.00,0.00,0.00,0.00,0.00,0.00,0.00,0.00,59.74,130.60,63.99,119.31,52.73,124.99,51.12
2018,8,13,19,0,-33.38,54.00,1009.00,0.00,0.00,0.00,0.00,0.00,0.00,0.00,0.00,61.94,125.54,82.87,123.48,60.69,120.67,53.64
2018,8,13,20,0,-33.84,53.00,1009.80,0.00,0.00,0.00,0.00,0.00,0.00,0.00,0.00,62.65,125.88,82.29,124.66,58.96,121.26,53.64
2018,8,13,21,0,-34.18,54.00,1010.20,0.00,0.00,0.00,0.00,0.00,0.00,0.00,0.00,61.86,126.00,85.18,122.75,56.56,121.46,54.36
2018,8,13,22,0,-34.36,52.00,1010.40,0.00,0.00,0.00,0.00,0.00,0.00,0.00,0.00,58.55,125.74,83.23,121.56,48.36,119.43,51.84
2018,8,13,23,0,-34.78,53.00,1010.60,0.00,0.00,0.00,0.00,0.00,0.00,0.00,0.00,57.67,126.37,85.11,119.38,49.34,119.74,52.20
2018,8,14,0,0,-34.70,53.00,1010.60,0.00,0.00,0.00,0.00,0.00,0.00,0.00,0.00,56.04,125.32,86.62,117.20,43.63,116.99,51.12
2018,8,14,1,0,-34.03,53.00,1010.30,0.00,0.00,0.00,0.00,0.00,0.00,0.00,0.00,55.62,124.72,88.88,117.50,45.08,116.57,54.00
2018,8,14,2,0,-34.44,55.00,1010.80,0.00,0.00,0.00,0.00,0.00,0.00,0.00,0.00,57.13,124.99,87.44,117.73,46.05,116.97,55.44
2018,8,14,3,0,-34.24,55.00,1010.40,0.00,0.00,0.00,0.00,0.00,0.00,0.00,0.00,57.63,125.08,88.29,118.76,47.35,118.12,55.44
2018,8,14,4,0,-33.97,55.00,1009.90,0.00,0.00,0.00,0.00,0.00,0.00,0.00,0.00,58.34,125.46,87.70,119.51,46.06,117.97,54.72
2018,8,14,5,0,-33.91,55.00,1010.00,0.00,0.00,0.00,0.00,0.00,0.00,0.00,0.00,58.63,125.25,87.84,119.19,48.01,118.68,54.36
2018,8,14,6,0,-33.90,56.00,1010.10,0.00,0.00,0.00,0.00,0.00,0.00,0.00,0.00,58.84,125.54,87.25,119.95,46.72,118.54,58.68
2018,8,14,7,0,-33.71,56.00,1010.10,0.00,0.00,0.00,0.00,0.00,0.00,0.00,0.00,59.05,125.82,87.12,120.27,48.99,119.01,56.16
2018,8,14,8,0,-33.57,56.00,1010.00,0.00,0.00,0.00,0.00,0.00,0.00,0.00,0.00,59.26,126.10,85.70,120.55,47.35,118.12,55.08
2018,8,14,9,0,-33.42,55.00,1009.90,0.00,0.00,0.00,0.00,0.00,0.00,21.69,0.00,59.34,125.62,86.56,121.05,49.11,117.50,54.36
2018,8,14,10,0,-33.25,55.00,1010.00,0.00,0.00,0.00,0.00,0.00,0.00,60.00,38.27,58.63,125.25,85.20,120.47,46.05,115.96,65.52
2018,8,14,11,0,-32.84,55.00,1009.80,0.00,0.00,0.00,0.00,0.00,0.00,60.00,96.12,56.25,125.62,85.04,126.05,43.79,116.35,48.96
2018,8,14,12,0,-32.04,57.00,1009.10,0.00,0.00,0.00,0.00,0.00,0.00,60.00,131.72,56.16,126.14,83.30,126.92,43.31,116.14,48.24
2018,8,14,13,0,-31.29,58.00,1008.20,0.00,0.00,0.00,0.00,0.00,0.00,60.00,142.40,55.45,125.75,82.88,124.38,43.31,116.14,46.44
2018,8,14,14,0,-31.00,58.00,1007.50,0.00,0.00,0.00,0.00,0.00,0.00,60.00,125.49,55.08,126.50,81.90,125.16,40.41,115.88,50.04
2018,8,14,15,0,-31.06,58.00,1007.50,0.00,0.00,0.00,0.00,0.00,0.00,60.00,83.66,56.52,127.23,84.54,125.99,45.91,118.57,46.80
2018,8,14,16,0,-31.77,57.00,1007.70,0.00,0.00,0.00,0.00,0.00,0.00,5.28,23.14,57.18,128.10,83.45,127.46,46.89,118.93,49.68
2018,8,14,17,0,-32.49,56.00,1008.30,0.00,0.00,0.00,0.00,0.00,0.00,0.00,0.00,57.91,128.44,85.07,128.47,49.21,120.32,46.44
2018,8,14,18,0,-33.10,55.00,1008.60,0.00,0.00,0.00,0.00,0.00,0.00,0.00,0.00,58.92,128.55,84.45,129.12,48.23,120.01,47.16
2018,8,14,19,0,-32.52,47.00,1007.10,0.00,0.00,0.00,0.00,0.00,0.00,0.00,0.00,70.80,129.84,85.01,128.81,69.98,126.63,58.32
2018,8,14,20,0,-33.62,47.00,1008.10,0.00,0.00,0.00,0.00,0.00,0.00,0.00,0.00,72.28,130.35,86.20,129.41,70.06,127.69,62.28
2018,8,14,21,0,-34.47,47.00,1008.50,0.00,0.00,0.00,0.00,0.00,0.00,0.00,0.00,75.05,130.72,87.35,130.32,76.58,128.70,63.00
2018,8,14,22,0,-35.30,48.00,1008.90,0.00,0.00,0.00,0.00,0.00,0.00,0.00,0.00,76.54,131.19,86.02,130.76,77.31,128.95,66.24
2018,8,14,23,0,-36.23,46.00,1009.20,0.00,0.00,0.00,0.00,0.00,0.00,0.00,0.00,77.35,130.66,87.95,129.69,78.71,128.13,67.68
2018,8,15,0,0,-37.26,46.00,1009.40,0.00,0.00,0.00,0.00,0.00,0.00,0.00,0.00,77.39,130.28,82.55,129.87,76.41,128.11,68.76
2018,8,15,1,0,-38.19,46.00,1010.00,0.00,0.00,0.00,0.00,0.00,0.00,0.00,0.00,76.98,129.50,82.88,129.36,76.13,128.28,68.04
2018,8,15,2,0,-38.77,47.00,1010.20,0.00,0.00,0.00,0.00,0.00,0.00,0.00,0.00,76.19,129.63,80.95,130.49,70.85,129.43,69.84
2018,8,15,3,0,-38.91,46.00,1009.80,0.00,0.00,0.00,0.00,0.00,0.00,0.00,0.00,75.32,130.54,82.36,131.63,70.68,131.08,70.20
2018,8,15,4,0,-38.90,48.00,1009.30,0.00,0.00,0.00,0.00,0.00,0.00,0.00,0.00,77.47,132.36,84.81,133.11,71.81,133.38,70.20
2018,8,15,5,0,-39.35,47.00,1008.80,0.00,0.00,0.00,0.00,0.00,0.00,0.00,0.00,78.93,133.89,88.10,133.68,74.84,134.61,64.80
2018,8,15,6,0,-39.96,46.00,1008.30,0.00,0.00,0.00,0.00,0.00,0.00,0.00,0.00,78.41,134.63,86.87,132.82,73.06,134.80,65.88
2018,8,15,7,0,-40.42,46.00,1008.10,0.00,0.00,0.00,0.00,0.00,0.00,0.00,0.00,77.14,134.05,87.66,132.34,72.29,135.00,70.56
2018,8,15,8,0,-40.86,46.00,1007.90,0.00,0.00,0.00,0.00,0.00,0.00,0.00,0.00,75.68,132.49,89.21,132.06,71.79,134.19,69.48
2018,8,15,9,0,-41.64,47.00,1008.20,0.00,0.00,0.00,0.00,0.00,0.00,25.61,0.89,74.12,129.88,92.83,128.07,76.24,129.25,69.12
2018,8,15,10,0,-41.59,49.00,1008.20,0.00,0.00,0.00,0.00,0.00,0.00,60.00,44.50,71.71,127.04,87.48,124.61,71.40,124.73,65.88
2018,8,15,11,0,-40.85,49.00,1007.60,0.00,0.00,0.00,0.00,0.00,0.00,60.00,104.13,68.55,126.03,83.27,123.90,69.79,123.85,63.00
2018,8,15,12,0,-39.96,50.00,1006.80,0.00,0.00,0.00,0.00,0.00,0.00,60.00,139.73,65.23,127.38,76.18,126.54,61.78,126.47,59.04
2018,8,15,13,0,-39.74,52.00,1006.30,0.00,0.00,0.00,0.00,0.00,0.00,60.00,150.41,62.80,128.25,71.93,127.27,58.98,128.06,51.48
2018,8,15,14,0,-39.54,51.00,1006.20,0.00,0.00,0.00,0.00,0.00,0.00,60.00,132.61,59.69,126.66,68.49,123.86,54.52,123.69,50.76
2018,8,15,15,0,-39.23,51.00,1006.40,0.00,0.00,0.00,0.00,0.00,0.00,60.00,89.89,56.54,125.41,65.88,120.91,53.23,120.03,49.68
2018,8,15,16,0,-40.07,53.00,1007.70,0.00,0.00,0.00,0.00,0.00,0.00,8.83,27.59,55.03,125.15,64.10,118.15,49.45,118.24,48.24
2018,8,15,17,0,-41.18,52.00,1009.10,0.00,0.00,0.00,0.00,0.00,0.00,0.00,0.00,54.74,125.36,66.01,116.57,49.97,119.34,47.88
2018,8,15,18,0,-41.29,51.00,1009.80,0.00,0.00,0.00,0.00,0.00,0.00,0.00,0.00,54.24,125.27,66.18,115.45,48.01,118.68,47.52
2018,8,15,19,0,-37.36,52.00,1008.60,0.00,0.00,0.00,0.00,0.00,0.00,0.00,0.00,57.71,123.29,66.21,122.57,52.66,121.30,48.96
2018,8,15,20,0,-37.63,52.00,1009.20,0.00,0.00,0.00,0.00,0.00,0.00,0.00,0.00,59.41,123.88,64.50,124.31,52.05,121.71,50.40
2018,8,15,21,0,-38.24,52.00,1009.90,0.00,0.00,0.00,0.00,0.00,0.00,0.00,0.00,60.61,124.35,68.00,123.77,53.32,123.15,51.84
2018,8,15,22,0,-38.88,52.00,1011.10,0.00,0.00,0.00,0.00,0.00,0.00,0.00,0.00,61.32,124.72,68.12,122.26,51.92,123.69,53.64
2018,8,15,23,0,-39.08,53.00,1011.60,0.00,0.00,0.00,0.00,0.00,0.00,0.00,0.00,60.91,124.16,67.74,119.97,52.55,121.84,51.84
2018,8,16,0,0,-39.34,52.00,1012.20,0.00,0.00,0.00,0.00,0.00,0.00,0.00,0.00,60.02,124.74,66.52,118.09,50.20,120.61,51.12
2018,8,16,1,0,-39.57,52.00,1012.90,0.00,0.00,0.00,0.00,0.00,0.00,0.00,0.00,57.84,125.37,64.56,116.14,49.34,119.74,50.04
2018,8,16,2,0,-39.68,53.00,1013.40,0.00,0.00,0.00,0.00,0.00,0.00,0.00,0.00,57.54,125.58,59.29,114.39,48.46,115.99,50.40
2018,8,16,3,0,-39.72,54.00,1013.70,0.00,0.00,0.00,0.00,0.00,0.00,0.00,0.00,54.95,125.67,60.51,112.75,44.63,114.29,50.40
2018,8,16,4,0,-39.64,55.00,1013.70,0.00,0.00,0.00,0.00,0.00,0.00,0.00,0.00,54.29,126.64,59.43,112.06,42.37,114.61,49.68
2018,8,16,5,0,-39.58,55.00,1013.80,0.00,0.00,0.00,0.00,0.00,0.00,0.00,0.00,53.71,127.10,61.17,112.49,43.47,116.57,49.32
2018,8,16,6,0,-39.33,54.00,1013.40,0.00,0.00,0.00,0.00,0.00,0.00,0.00,0.00,53.08,128.11,59.59,115.02,41.38,117.46,51.48
2018,8,16,7,0,-39.09,53.00,1013.10,0.00,0.00,0.00,0.00,0.00,0.00,0.00,0.00,52.96,129.21,59.74,117.65,42.11,120.29,47.52
2018,8,16,8,0,-32.18,56.00,1005.40,0.00,0.00,0.00,0.00,0.00,0.00,0.00,0.00,36.37,125.74,54.42,115.89,35.36,125.47,46.80
2018,8,16,9,0,-32.59,56.00,1005.90,0.00,0.00,0.00,0.00,0.00,0.00,29.54,1.78,42.74,124.36,61.83,115.52,41.44,119.68,42.48
2018,8,16,10,0,-33.41,60.00,1006.80,0.00,0.00,0.00,0.00,0.00,0.00,60.00,48.95,49.15,121.83,62.74,119.95,46.53,117.16,44.28
2018,8,16,11,0,-31.32,56.00,1004.80,0.00,0.00,0.00,0.00,0.00,0.00,60.00,107.69,50.94,122.01,64.76,121.13,48.28,120.96,45.00
2018,8,16,12,0,-29.90,57.00,1003.40,0.00,0.00,0.00,0.00,0.00,0.00,60.00,143.29,48.85,119.59,66.81,116.57,45.11,118.61,45.36
2018,8,16,13,0,-29.07,58.00,1002.70,0.00,0.00,0.00,0.00,0.00,0.00,60.00,152.19,47.52,118.51,67.14,115.74,43.63,116.99,45.36
2018,8,16,14,0,-28.79,58.00,1002.30,0.00,0.00,0.00,0.00,0.00,0.00,60.00,135.28,47.87,119.26,65.71,118.11,44.44,116.98,46.08
2018,8,16,15,0,-29.16,59.00,1002.80,0.00,0.00,0.00,0.00,0.00,0.00,60.00,93.45,48.50,118.85,65.39,118.26,46.53,117.16,46.80
2018,8,16,16,0,-30.07,58.00,1002.90,0.00,0.00,0.00,0.00,0.00,0.00,12.36,31.15,49.45,118.24,64.88,116.71,46.22,115.37,47.16
2018,8,16,17,0,-30.87,57.00,1003.70,0.00,0.00,0.00,0.00,0.00,0.00,0.00,0.00,49.93,118.41,67.47,115.61,48.31,115.61,48.60
2018,8,16,18,0,-31.60,57.00,1003.90,0.00,0.00,0.00,0.00,0.00,0.00,0.00,0.00,50.11,118.77,70.58,114.08,49.46,114.51,48.96
2018,8,16,19,0,-31.68,58.00,1003.90,0.00,0.00,0.00,0.00,0.00,0.00,0.00,0.00,49.79,118.97,71.06,114.23,51.20,115.84,48.60
2018,8,16,20,0,-32.34,63.00,1004.70,0.00,0.00,0.00,0.00,0.00,0.00,0.00,0.00,48.85,119.59,70.62,113.43,48.65,114.48,47.88
2018,8,16,21,0,-34.40,65.00,1006.60,0.00,0.00,0.00,0.00,0.00,0.00,0.00,0.00,47.73,119.85,72.61,112.75,47.18,115.78,47.52
2018,8,16,22,0,-36.23,60.00,1008.10,0.00,0.00,0.00,0.00,0.00,0.00,0.00,0.00,47.42,120.07,72.89,113.27,44.60,116.36,47.88
2018,8,16,23,0,-36.70,58.00,1008.40,0.00,0.00,0.00,0.00,0.00,0.00,0.00,0.00,45.81,120.19,69.93,114.32,42.52,118.30,61.56
2018,8,17,0,0,-36.77,58.00,1008.50,0.00,0.00,0.00,0.00,0.00,0.00,0.00,0.00,45.87,121.20,68.29,114.94,39.76,121.68,47.52
2018,8,17,1,0,-36.35,59.00,1008.10,0.00,0.00,0.00,0.00,0.00,0.00,0.00,0.00,45.07,121.28,66.93,113.12,39.84,124.70,46.44
2018,8,17,2,0,-35.80,60.00,1007.80,0.00,0.00,0.00,0.00,0.00,0.00,0.00,0.00,44.21,120.32,64.43,108.23,36.84,123.85,45.36
2018,8,17,3,0,-35.58,61.00,1007.20,0.00,0.00,0.00,0.00,0.00,0.00,0.00,0.00,43.72,120.15,62.76,106.67,37.75,124.90,43.92
2018,8,17,4,0,-35.65,61.00,1007.10,0.00,0.00,0.00,0.00,0.00,0.00,0.00,0.00,43.16,121.70,61.25,107.80,36.29,126.53,42.12
2018,8,17,5,0,-35.83,60.00,1006.70,0.00,0.00,0.00,0.00,0.00,0.00,0.00,0.00,41.84,123.42,59.37,110.96,36.88,128.66,40.68
2018,8,17,6,0,-35.97,61.00,1006.50,0.00,0.00,0.00,0.00,0.00,0.00,0.00,0.00,41.26,125.77,57.06,113.82,35.03,129.58,38.16
2018,8,17,7,0,-36.07,61.00,1006.00,0.00,0.00,2.00,0.00,0.00,2.00,0.00,0.00,40.61,127.07,55.57,114.90,35.54,129.66,32.76
2018,8,17,8,0,-36.18,61.00,1005.70,0.00,0.00,3.00,0.00,0.00,3.00,32.40,0.00,40.26,128.10,53.78,115.36,33.57,128.47,33.84
2018,8,17,9,0,-36.45,60.00,1005.30,0.00,0.00,1.00,0.00,0.00,1.00,59.36,2.67,39.92,129.14,52.75,112.89,33.99,126.38,32.04
2018,8,17,10,0,-35.49,60.00,1004.10,0.00,0.00,0.00,0.00,0.00,0.00,60.00,54.29,39.19,128.66,51.03,110.22,31.45,123.33,28.44
2018,8,17,11,0,-33.80,61.00,1002.50,0.00,0.00,0.00,0.00,0.00,0.00,60.00,112.14,34.64,127.82,44.97,107.71,26.98,121.36,28.08
2018,8,17,12,0,-32.42,62.00,1000.60,0.00,0.00,0.00,0.00,0.00,0.00,60.00,147.74,30.89,126.47,40.35,105.52,21.75,114.44,22.32
2018,8,17,13,0,-31.57,63.00,999.20,0.00,0.00,0.00,0.00,0.00,0.00,60.00,157.53,28.46,124.70,37.00,100.65,20.38,107.47,21.24
2018,8,17,14,0,-31.40,63.00,998.80,0.00,0.00,0.00,0.00,0.00,0.00,60.00,140.62,27.26,123.69,33.99,95.47,18.00,101.53,20.52
2018,8,17,15,0,-32.24,62.00,998.90,0.00,0.00,0.00,0.00,0.00,0.00,60.00,97.90,27.67,122.24,32.77,88.74,19.71,99.46,20.16
2018,8,17,16,0,-34.48,59.00,1000.50,0.00,0.00,0.00,0.00,0.00,0.00,15.88,35.60,28.66,122.69,32.85,80.54,19.35,99.64,16.56
2018,8,17,17,0,-36.77,59.00,1002.90,0.00,0.00,0.00,0.00,0.00,0.00,0.00,0.00,29.16,122.91,33.13,70.97,21.86,107.24,18.00
2018,8,17,18,0,-38.30,60.00,1004.80,0.00,0.00,0.00,0.00,0.00,0.00,0.00,0.00,28.86,123.29,31.72,62.27,18.33,109.50,18.36
2018,8,17,19,0,-32.45,69.00,1002.90,0.00,0.00,50.00,1.00,9.00,50.00,0.00,0.00,28.82,117.53,39.03,75.58,22.53,102.93,21.96
2018,8,17,20,0,-30.07,70.00,1001.70,0.00,0.00,100.00,5.00,51.00,100.00,0.00,0.00,28.04,114.26,40.96,77.31,20.36,98.13,23.40
2018,8,17,21,0,-28.03,70.00,1000.70,0.00,0.00,100.00,18.00,100.00,100.00,0.00,0.00,28.24,109.36,43.15,77.47,23.14,95.36,25.56
2018,8,17,22,0,-26.48,69.00,1000.20,0.00,0.00,100.00,11.00,100.00,100.00,0.00,0.00,29.72,106.90,47.47,80.39,24.58,95.04,29.88
2018,8,17,23,0,-24.66,72.00,999.00,0.00,0.00,100.00,0.00,100.00,100.00,0.00,0.00,31.85,100.42,48.71,86.19,30.97,88.67,30.60
2018,8,18,0,0,-22.72,73.00,998.10,0.00,0.00,100.00,0.00,100.00,100.00,0.00,0.00,34.71,95.36,46.46,88.22,37.29,83.90,33.12
2018,8,18,1,0,-21.90,73.00,997.90,0.10,0.07,100.00,0.00,100.00,100.00,0.00,0.00,35.71,93.47,45.79,86.85,37.58,85.05,33.84
2018,8,18,2,0,-21.20,75.00,997.80,0.10,0.07,100.00,0.00,100.00,100.00,0.00,0.00,36.38,91.70,46.44,82.87,34.65,85.83,35.28
2018,8,18,3,0,-20.54,76.00,997.70,0.10,0.07,100.00,0.00,100.00,100.00,0.00,0.00,36.72,90.00,45.52,81.36,35.40,85.33,36.36
2018,8,18,4,0,-19.96,76.00,997.50,0.20,0.14,100.00,0.00,100.00,100.00,0.00,0.00,37.45,88.90,45.16,81.29,36.62,83.22,36.72
2018,8,18,5,0,-19.56,76.00,997.50,0.20,0.14,100.00,0.00,100.00,100.00,0.00,0.00,37.83,87.82,46.58,81.56,37.33,83.35,36.72
2018,8,18,6,0,-19.21,77.00,997.90,0.20,0.14,100.00,1.00,100.00,100.00,0.00,0.00,37.47,87.80,46.53,82.00,36.58,83.78,36.72
2018,8,18,7,0,-18.77,77.00,998.00,0.10,0.07,100.00,3.00,100.00,100.00,0.00,0.00,37.11,87.78,46.53,82.00,36.50,84.91,34.56
2018,8,18,8,0,-18.37,76.00,998.40,0.10,0.07,100.00,19.00,100.00,100.00,0.00,0.00,36.75,87.75,46.58,81.56,36.18,84.29,34.56
2018,8,18,9,0,-18.17,76.00,998.70,0.10,0.07,100.00,18.00,100.00,100.00,0.00,4.45,36.39,87.73,46.28,81.05,36.18,84.29,32.76
2018,8,18,10,0,-17.67,77.00,998.60,0.10,0.07,100.00,20.00,100.00,100.00,0.00,53.40,36.40,87.17,45.34,79.94,36.30,82.59,33.48
2018,8,18,11,0,-16.99,77.00,999.10,0.10,0.07,100.00,21.00,100.00,100.00,0.00,102.35,36.09,86.00,44.34,79.24,36.76,81.55,33.48
2018,8,18,12,0,-16.32,78.00,998.50,0.10,0.07,100.00,22.00,100.00,100.00,0.00,130.83,35.40,85.33,42.57,78.79,35.75,80.73,32.76
2018,8,18,13,0,-15.80,79.00,998.10,0.10,0.07,100.00,24.00,100.00,100.00,0.00,138.84,35.07,84.70,42.57,78.79,36.10,80.82,32.40
2018,8,18,14,0,-15.54,80.00,998.00,0.10,0.07,100.00,26.00,100.00,100.00,0.00,123.71,35.71,86.53,41.09,81.94,35.86,83.66,32.40
2018,8,18,15,0,-15.62,80.00,998.10,0.10,0.07,100.00,29.00,100.00,100.00,0.00,89.89,36.73,88.88,42.60,85.64,37.12,87.22,32.76
2018,8,18,16,0,-16.13,78.00,998.90,0.10,0.07,100.00,31.00,100.00,100.00,0.00,36.49,38.17,91.08,44.65,88.61,38.52,90.00,34.56
2018,8,18,17,0,-16.86,76.00,999.60,0.10,0.07,100.00,32.00,100.00,100.00,0.00,0.00,40.04,93.61,48.61,90.85,40.72,92.53,35.28
2018,8,18,18,0,-17.63,75.00,1000.00,0.10,0.07,100.00,34.00,100.00,100.00,0.00,0.00,40.99,97.06,52.26,92.76,41.23,95.51,36.72
2018,8,18,19,0,-20.87,67.00,1002.20,0.00,0.00,100.00,88.00,100.00,100.00,0.00,0.00,48.37,104.66,65.38,94.74,46.64,98.88,43.20
2018,8,18,20,0,-20.23,68.00,1001.00,0.00,0.00,100.00,100.00,100.00,100.00,0.00,0.00,49.16,104.85,64.34,95.14,46.34,99.39,44.64
2018,8,18,21,0,-19.31,66.00,999.70,0.00,0.00,100.00,89.00,100.00,100.00,0.00,0.00,50.47,104.04,65.16,96.03,49.43,100.49,47.52
2018,8,18,22,0,-18.58,62.00,998.90,0.00,0.00,100.00,88.00,100.00,100.00,0.00,0.00,52.30,103.94,65.28,96.97,48.50,101.56,49.32
2018,8,18,23,0,-17.60,56.00,997.10,0.00,0.00,100.00,100.00,100.00,100.00,0.00,0.00,55.22,102.04,66.59,95.90,52.14,99.14,54.00
2018,8,19,0,0,-17.27,59.00,996.00,0.00,0.00,100.00,100.00,100.00,100.00,0.00,0.00,58.39,101.38,67.43,96.75,54.17,98.02,59.04
2018,8,19,1,0,-17.07,61.00,995.00,0.00,0.00,100.00,100.00,100.00,100.00,0.00,0.00,62.13,101.70,75.25,97.98,59.60,100.09,63.72
2018,8,19,2,0,-17.41,63.00,994.20,0.00,0.00,100.00,99.00,100.00,100.00,0.00,0.00,68.36,100.01,81.94,96.81,67.97,97.92,69.84
2018,8,19,3,0,-17.82,61.00,993.10,0.00,0.00,100.00,100.00,100.00,100.00,0.00,0.00,73.47,98.17,91.10,95.21,72.52,96.84,72.72
2018,8,19,4,0,-17.76,58.00,991.90,0.00,0.00,100.00,95.00,100.00,100.00,0.00,0.00,77.17,96.43,91.75,94.73,74.58,96.10,79.56
2018,8,19,5,0,-17.49,59.00,991.00,0.00,0.00,100.00,94.00,100.00,100.00,0.00,0.00,79.11,94.70,93.78,93.52,77.34,95.07,77.04
2018,8,19,6,0,-17.49,59.00,990.80,0.00,0.00,100.00,83.00,100.00,100.00,0.00,0.00,79.74,93.88,90.86,93.18,75.82,94.36,74.16
2018,8,19,7,0,-17.22,61.00,990.70,0.00,0.00,100.00,89.00,100.00,100.00,0.00,0.00,78.58,92.89,86.98,94.03,75.10,94.40,72.72
2018,8,19,8,0,-17.20,63.00,990.70,0.00,0.00,100.00,92.00,100.00,100.00,0.00,0.00,78.19,92.37,84.85,94.38,73.28,94.23,73.44
2018,8,19,9,0,-16.78,66.00,990.20,0.00,0.00,100.00,100.00,100.00,100.00,0.00,5.34,77.07,91.61,84.05,93.68,72.18,94.00,74.16
2018,8,19,10,0,-16.41,67.00,990.00,0.00,0.00,100.00,100.00,100.00,100.00,0.00,55.18,75.99,91.63,83.65,93.21,70.69,93.50,71.28
2018,8,19,11,0,-16.01,68.00,989.60,0.00,0.00,100.00,100.00,100.00,100.00,0.00,105.91,75.28,91.92,86.15,92.87,72.51,93.70,77.76
2018,8,19,12,0,-15.45,66.00,988.20,0.00,0.00,100.00,100.00,100.00,69.00,0.00,139.73,74.23,92.50,85.02,92.18,69.95,93.25,71.64
2018,8,19,13,0,-15.17,65.00,987.40,0.00,0.00,100.00,100.00,100.00,100.00,0.00,149.52,72.83,93.12,83.65,93.21,68.61,94.51,71.64
2018,8,19,14,0,-14.84,63.00,986.30,0.00,0.00,100.00,100.00,100.00,100.00,0.00,129.94,73.91,93.07,84.68,92.44,70.33,93.52,77.40
2018,8,19,15,0,-14.88,62.00,986.10,0.00,0.00,100.00,90.00,100.00,100.00,0.00,91.67,75.00,93.30,88.29,92.57,73.23,93.66,77.40
2018,8,19,16,0,-15.27,65.00,986.10,0.00,0.00,100.00,100.00,100.00,100.00,0.00,40.05,75.49,94.65,88.01,93.52,73.28,94.23,81.36
2018,8,19,17,0,-15.60,65.00,985.90,0.00,0.00,100.00,100.00,100.00,100.00,0.00,0.89,77.02,95.36,90.23,94.12,75.19,95.22,81.72
2018,8,19,18,0,-15.80,63.00,985.50,0.00,0.00,100.00,100.00,100.00,100.00,0.00,0.00,77.73,95.31,89.85,93.91,74.80,94.97,85.32
2018,8,19,19,0,-17.56,61.00,984.90,0.00,0.00,100.00,99.00,100.00,32.00,0.00,0.00,87.74,96.83,101.83,94.46,86.08,95.52,87.12
2018,8,19,20,0,-17.41,63.00,984.80,0.00,0.00,100.00,100.00,100.00,28.00,0.00,0.00,89.22,96.95,103.24,94.20,86.80,95.47,83.52
2018,8,19,21,0,-17.49,66.00,984.80,0.00,0.00,100.00,100.00,100.00,54.00,0.00,0.00,89.66,97.38,104.85,95.32,88.06,96.57,96.48
2018,8,19,22,0,-17.96,68.00,985.30,0.00,0.00,100.00,95.00,100.00,41.00,0.00,0.00,90.88,97.97,105.24,95.50,88.82,96.75,89.64
2018,8,19,23,0,-17.80,69.00,984.80,0.00,0.00,100.00,100.00,100.00,43.00,0.00,0.00,91.59,97.91,106.71,95.61,90.69,97.07,90.72
2018,8,20,0,0,-17.52,68.00,984.30,0.00,0.00,100.00,95.00,100.00,41.00,0.00,0.00,92.51,98.73,106.50,96.40,91.14,97.49,92.52
2018,8,20,1,0,-17.40,68.00,984.30,0.00,0.00,100.00,100.00,100.00,46.00,0.00,0.00,93.04,99.35,107.48,97.51,91.39,98.61,91.44
2018,8,20,2,0,-17.59,69.00,984.20,0.00,0.00,100.00,100.00,100.00,45.00,0.00,0.00,92.51,100.09,106.10,97.80,88.49,98.66,97.20
2018,8,20,3,0,-17.61,70.00,984.00,0.00,0.00,100.00,100.00,100.00,49.00,0.00,0.00,92.80,99.83,107.22,97.91,90.02,98.97,101.16
2018,8,20,4,0,-17.61,69.00,983.80,0.00,0.00,100.00,100.00,100.00,47.00,0.00,0.00,92.22,100.34,105.19,98.46,88.01,99.65,100.44
2018,8,20,5,0,-17.46,69.00,983.60,0.00,0.00,100.00,100.00,100.00,49.00,0.00,0.00,91.86,100.39,106.31,98.57,89.13,99.77,94.68
2018,8,20,6,0,-17.31,69.00,983.50,0.00,0.00,100.00,100.00,100.00,57.00,0.00,0.00,90.45,100.55,105.65,98.82,87.30,99.73,93.24
2018,8,20,7,0,-17.32,69.00,983.50,0.00,0.00,100.00,100.00,100.00,45.00,0.00,0.00,89.39,100.68,104.70,99.30,87.78,100.16,91.08
2018,8,20,8,0,-17.41,69.00,983.50,0.00,0.00,100.00,100.00,100.00,35.00,0.00,0.00,88.04,101.08,102.51,99.30,86.29,100.09,90.36
2018,8,20,9,0,-17.65,69.00,983.60,0.00,0.00,100.00,100.00,100.00,37.00,0.00,8.90,86.28,101.31,102.63,99.69,86.14,100.84,87.48
2018,8,20,10,0,-17.56,69.00,983.30,0.00,0.00,100.00,100.00,100.00,26.00,0.00,65.86,85.22,101.45,100.50,99.90,83.66,101.16,83.88
2018,8,20,11,0,-17.34,69.00,983.10,0.00,0.00,100.00,100.00,100.00,22.00,0.00,116.59,83.38,101.46,99.02,99.84,82.96,101.26,83.88
2018,8,20,12,0,-17.29,69.00,982.40,0.00,0.00,100.00,100.00,100.00,10.00,0.00,146.85,81.55,101.46,97.12,99.60,79.92,100.91,82.08
2018,8,20,13,0,-17.17,69.00,982.00,0.00,0.00,100.00,100.00,100.00,23.00,0.00,155.75,79.64,101.21,96.53,100.09,78.30,101.67,79.92
2018,8,20,14,0,-17.14,68.00,981.80,0.00,0.00,100.00,100.00,100.00,10.00,0.00,140.62,78.16,101.15,93.57,99.97,76.32,101.15,75.96
2018,8,20,15,0,-17.30,66.00,982.10,0.00,0.00,100.00,100.00,100.00,8.00,0.00,104.13,77.38,101.00,91.80,100.16,76.39,101.42,78.48
2018,8,20,16,0,-17.73,65.00,982.40,0.00,0.00,100.00,100.00,100.00,2.00,0.00,48.06,75.76,101.79,89.74,100.63,75.33,101.58,77.76
2018,8,20,17,0,-18.38,63.00,982.70,0.00,0.00,100.00,100.00,100.00,24.00,0.00,1.78,74.85,102.50,88.68,101.95,75.01,103.04,77.04
2018,8,20,18,0,-18.88,61.00,982.80,0.00,0.00,100.00,100.00,100.00,20.00,0.00,0.00,73.53,103.02,86.57,102.24,72.48,103.21,75.96
2018,8,20,19,0,-22.24,63.00,986.80,0.00,0.00,100.00,100.00,100.00,20.00,0.00,0.00,72.40,108.25,89.21,106.17,71.27,108.25,69.84
2018,8,20,20,0,-22.79,61.00,987.00,0.00,0.00,100.00,100.00,100.00,8.00,0.00,0.00,71.49,108.80,84.70,107.82,68.99,109.19,72.00
2018,8,20,21,0,-23.30,61.00,986.80,0.00,0.00,100.00,100.00,100.00,4.00,0.00,0.00,71.61,109.07,86.52,108.43,71.51,109.71,69.48
2018,8,20,22,0,-24.00,62.00,987.00,0.00,0.00,100.00,100.00,100.00,2.00,0.00,0.00,70.96,110.18,85.85,109.35,70.28,110.38,70.56
2018,8,20,23,0,-24.95,61.00,987.30,0.00,0.00,100.00,85.00,100.00,2.00,0.00,0.00,71.34,111.00,88.83,109.90,72.27,111.32,70.92
2018,8,21,0,0,-25.71,60.00,987.20,0.00,0.00,100.00,100.00,100.00,2.00,0.00,0.00,71.67,110.89,88.12,109.32,71.76,110.25,69.84
2018,8,21,1,0,-26.21,58.00,987.10,0.00,0.00,100.00,100.00,100.00,1.00,0.00,0.00,71.80,111.16,88.03,109.84,71.54,110.62,84.24
2018,8,21,2,0,-26.57,55.00,986.90,0.00,0.00,100.00,98.00,100.00,0.00,0.00,0.00,71.80,111.16,84.78,110.90,70.07,110.76,66.24
2018,8,21,3,0,-26.83,54.00,986.20,0.00,0.00,100.00,100.00,100.00,0.00,0.00,0.00,72.14,111.06,82.89,111.66,71.76,110.25,65.16
2018,8,21,4,0,-27.10,54.00,985.60,0.00,0.00,100.00,100.00,100.00,0.00,0.00,0.00,72.60,111.22,78.56,112.92,71.51,109.71,65.16
2018,8,21,5,0,-27.16,55.00,984.90,0.00,0.00,100.00,100.00,100.00,0.00,0.00,0.00,71.93,111.43,77.14,115.13,72.43,110.06,69.84
2018,8,21,6,0,-27.25,57.00,984.40,0.00,0.00,100.00,95.00,100.00,0.00,0.00,0.00,72.40,111.59,76.80,116.44,71.54,110.62,65.16
2018,8,21,7,0,-27.32,57.00,983.80,0.00,0.00,100.00,88.00,100.00,0.00,0.00,0.00,72.27,111.32,77.76,116.68,71.80,111.16,69.84
2018,8,21,8,0,-27.19,56.00,983.30,0.00,0.00,100.00,69.00,100.00,0.00,0.00,0.00,70.87,110.83,77.32,114.78,69.73,110.87,65.88
2018,8,21,9,0,-27.38,56.00,983.10,0.00,0.00,100.00,49.00,100.00,0.00,0.00,13.35,69.94,110.49,80.60,113.70,70.87,110.83,74.88
2018,8,21,10,0,-27.00,59.00,982.50,0.00,0.00,100.00,14.00,100.00,0.00,0.00,80.99,69.91,109.55,79.09,112.48,69.57,109.65,65.88
2018,8,21,11,0,-26.06,61.00,981.10,0.00,0.00,100.00,14.00,100.00,2.00,0.00,138.84,68.20,109.10,76.02,112.56,67.21,110.38,70.56
2018,8,21,12,0,-24.96,62.00,979.60,0.00,0.00,100.00,16.00,100.00,6.00,0.00,171.77,64.66,108.84,71.67,112.44,63.33,110.29,67.68
2018,8,21,13,0,-24.11,63.00,978.20,0.00,0.00,100.00,16.00,100.00,4.00,0.00,179.78,61.93,108.65,69.46,111.91,61.05,110.36,75.24
2018,8,21,14,0,-23.67,63.00,977.80,0.00,0.00,100.00,17.00,100.00,7.00,0.00,161.98,59.31,108.76,65.99,111.10,58.07,109.56,75.60
2018,8,21,15,0,-23.66,63.00,977.70,0.00,0.00,100.00,20.00,100.00,19.00,0.00,120.15,58.06,108.43,66.28,110.01,57.95,109.22,74.16
2018,8,21,16,0,-24.20,63.00,978.00,0.00,0.00,100.00,25.00,100.00,18.00,0.00,57.85,57.49,109.00,66.72,109.22,57.15,109.12,56.88
2018,8,21,17,0,-24.71,62.00,978.10,0.00,0.00,100.00,23.00,100.00,41.00,0.00,3.56,57.04,108.78,67.86,109.20,58.63,108.99,62.64
2018,8,21,18,0,-24.92,61.00,977.80,0.00,0.00,100.00,26.00,100.00,78.00,0.00,0.00,56.70,108.90,67.40,108.05,58.63,107.88,55.08
2018,8,21,19,0,-27.79,55.00,980.20,0.00,0.00,100.00,0.00,100.00,100.00,0.00,0.00,62.84,109.06,75.52,106.62,61.59,108.75,52.20
2018,8,21,20,0,-28.15,60.00,981.10,0.00,0.00,100.00,0.00,100.00,100.00,0.00,0.00,62.16,108.23,75.27,104.97,62.17,107.18,54.72
2018,8,21,21,0,-28.13,64.00,981.30,0.00,0.00,100.00,0.00,100.00,100.00,0.00,0.00,60.80,107.58,75.01,103.04,62.26,105.08,54.72
2018,8,21,22,0,-28.45,65.00,982.20,0.00,0.00,100.00,0.00,100.00,100.00,0.00,0.00,60.83,106.50,73.36,101.03,62.36,102.67,52.56
2018,8,21,23,0,-28.56,64.00,982.40,0.00,0.00,100.00,0.00,100.00,100.00,0.00,0.00,60.72,106.18,72.58,100.86,62.71,102.60,52.56
2018,8,22,0,0,-28.34,64.00,982.40,0.00,0.00,100.00,0.00,100.00,100.00,0.00,0.00,59.93,106.04,69.42,99.85,60.65,101.64,50.40
2018,8,22,1,0,-28.07,66.00,982.20,0.00,0.00,100.00,1.00,100.00,100.00,0.00,0.00,58.52,107.54,66.44,101.25,58.26,102.49,49.68
2018,8,22,2,0,-27.44,65.00,981.70,0.00,0.00,100.00,4.00,100.00,100.00,0.00,0.00,56.93,107.29,63.69,98.45,55.75,98.91,47.16
2018,8,22,3,0,-26.71,66.00,981.40,0.00,0.00,100.00,15.00,100.00,100.00,0.00,0.00,56.38,106.70,63.23,97.85,55.95,97.77,46.44
2018,8,22,4,0,-26.42,67.00,981.40,0.00,0.00,100.00,17.00,100.00,100.00,0.00,0.00,56.48,107.05,63.75,98.77,53.68,99.65,47.16
2018,8,22,5,0,-26.59,66.00,981.90,0.00,0.00,100.00,18.00,100.00,100.00,0.00,0.00,55.67,108.08,65.73,101.37,51.35,102.96,48.60
2018,8,22,6,0,-26.75,67.00,982.20,0.00,0.00,100.00,19.00,100.00,100.00,0.00,0.00,55.56,108.90,65.95,100.70,49.16,103.12,48.24
2018,8,22,7,0,-26.82,70.00,982.50,0.00,0.00,100.00,18.00,100.00,100.00,0.00,0.00,54.88,109.15,67.11,99.26,47.45,101.82,47.16
2018,8,22,8,0,-27.25,70.00,983.10,0.00,0.00,100.00,18.00,100.00,100.00,0.00,0.00,54.66,109.63,68.37,98.17,46.76,99.75,47.52
2018,8,22,9,0,-27.75,68.00,984.00,0.00,0.00,100.00,18.00,100.00,100.00,0.00,15.13,54.56,110.47,69.42,99.85,47.30,100.97,46.44
2018,8,22,10,0,-27.09,65.00,983.70,0.00,0.00,100.00,17.00,100.00,100.00,0.00,76.54,54.10,110.24,65.22,98.89,44.81,98.78,46.44
2018,8,22,11,0,-26.05,63.00,983.10,0.00,0.00,100.00,18.00,100.00,100.00,0.00,130.83,52.84,109.92,61.08,100.18,44.09,98.92,45.00
2018,8,22,12,0,-24.99,61.00,982.60,0.00,0.00,100.00,15.00,100.00,100.00,0.00,166.43,52.08,111.07,58.18,100.34,43.44,99.54,43.20
2018,8,22,13,0,-24.29,60.00,982.30,0.00,0.00,100.00,15.00,100.00,100.00,0.00,175.33,51.95,112.83,57.02,103.51,45.14,103.37,41.76
2018,8,22,14,0,-24.65,60.00,982.70,0.00,0.00,100.00,15.00,100.00,100.00,0.00,160.20,50.57,115.29,52.82,108.68,44.76,106.83,39.60
2018,8,22,15,0,-25.39,61.00,983.70,0.00,0.00,100.00,15.00,100.00,100.00,0.00,121.04,49.75,117.12,54.62,111.66,45.21,110.02,38.52
2018,8,22,16,0,-26.95,60.00,985.10,0.00,0.00,100.00,15.00,100.00,100.00,0.00,61.41,49.93,118.41,56.42,111.33,47.03,109.68,38.16
2018,8,22,17,0,-28.44,58.00,986.60,0.00,0.00,97.00,16.00,67.00,97.00,0.00,5.34,49.62,118.61,61.27,109.93,47.37,109.54,39.24
2018,8,22,18,0,-30.78,55.00,988.60,0.00,0.00,39.00,15.00,23.00,39.00,0.00,0.00,49.83,119.90,63.53,108.85,45.89,109.71,39.96
2018,8,22,19,0,-24.72,58.00,981.40,0.00,0.00,100.00,77.00,100.00,14.00,0.00,0.00,45.26,111.46,52.94,109.05,48.04,107.89,38.16
2018,8,22,20,0,-25.65,57.00,982.60,0.00,0.00,98.00,79.00,98.00,22.00,0.00,0.00,45.86,112.14,53.64,110.02,47.93,108.84,40.32
2018,8,22,21,0,-26.54,57.00,983.80,0.00,0.00,99.00,91.00,99.00,28.00,0.00,0.00,46.86,111.64,55.56,108.90,49.64,108.17,42.12
2018,8,22,22,0,-27.42,57.00,984.70,0.00,0.00,100.00,100.00,100.00,38.00,0.00,0.00,47.80,112.12,56.35,109.01,49.18,109.23,42.84
2018,8,22,23,0,-28.43,59.00,985.40,0.00,0.00,100.00,100.00,100.00,47.00,0.00,0.00,49.02,113.36,58.19,109.89,50.81,110.75,44.28
2018,8,23,0,0,-29.65,61.00,986.60,0.00,0.00,100.00,100.00,100.00,58.00,0.00,0.00,50.74,114.75,60.04,110.72,52.55,111.29,45.36
2018,8,23,1,0,-30.69,60.00,987.80,0.00,0.00,96.00,100.00,96.00,81.00,0.00,0.00,52.18,115.33,62.71,111.56,54.55,112.50,46.44
2018,8,23,2,0,-31.40,59.00,988.60,0.00,0.00,100.00,100.00,100.00,81.00,0.00,0.00,53.29,116.05,62.97,112.17,54.69,112.85,46.08
2018,8,23,3,0,-31.84,59.00,988.80,0.00,0.00,95.00,100.00,95.00,70.00,0.00,0.00,53.94,115.71,63.64,111.92,55.16,113.05,47.16
2018,8,23,4,0,-32.39,58.00,989.50,0.00,0.00,95.00,100.00,95.00,50.00,0.00,0.00,54.58,116.23,62.64,112.29,54.03,113.15,48.60
2018,8,23,5,0,-33.20,56.00,990.20,0.00,0.00,91.00,100.00,91.00,40.00,0.00,0.00,54.91,117.74,63.29,115.25,54.42,115.89,48.24
2018,8,23,6,0,-34.25,55.00,991.30,0.00,0.00,100.00,98.00,100.00,37.00,0.00,0.00,54.65,119.60,61.35,117.62,52.18,117.98,47.88
2018,8,23,7,0,-35.16,55.00,992.60,0.00,0.00,99.00,97.00,99.00,34.00,0.00,0.00,54.08,120.83,60.42,118.86,49.13,118.44,48.24
2018,8,23,8,0,-35.81,57.00,993.40,0.00,0.00,100.00,95.00,100.00,33.00,0.00,0.00,53.35,121.76,56.05,118.38,46.85,116.96,48.24
2018,8,23,9,0,-35.82,59.00,993.90,0.00,0.00,100.00,94.00,100.00,33.00,0.00,20.47,52.36,121.50,51.85,117.28,46.05,115.96,47.88
2018,8,23,10,0,-35.77,60.00,993.90,0.00,0.00,97.00,91.00,97.00,34.00,0.00,93.45,51.56,121.58,50.88,116.93,43.31,116.14,48.24
2018,8,23,11,0,-35.58,61.00,994.10,0.00,0.00,85.00,83.00,85.00,34.00,5.74,153.08,51.37,121.24,51.52,116.57,43.95,116.77,47.16
2018,8,23,12,0,-35.20,61.00,994.00,0.00,0.00,66.00,77.00,66.00,34.00,17.87,188.68,50.57,121.31,50.23,116.38,42.34,116.78,46.44
2018,8,23,13,0,-35.09,60.00,994.20,0.00,0.00,34.00,73.00,17.00,34.00,38.30,198.47,50.26,121.53,52.16,116.21,42.99,117.42,45.72
2018,8,23,14,0,-35.18,60.00,994.20,0.00,0.00,34.00,72.00,16.00,34.00,38.30,180.67,50.33,122.44,53.61,116.74,43.16,117.85,46.08
2018,8,23,15,0,-35.55,62.00,994.80,0.00,0.00,34.00,73.00,20.00,34.00,38.30,137.06,51.22,123.24,56.51,116.08,46.23,118.36,44.28
2018,8,23,16,0,-37.13,63.00,996.70,0.00,0.00,36.00,76.00,22.00,36.00,37.02,71.20,51.62,123.91,57.77,112.73,45.89,117.57,44.28
2018,8,23,17,0,-38.65,60.00,998.40,0.00,0.00,37.00,74.00,17.00,37.00,22.39,7.12,53.42,124.01,60.98,112.93,48.01,118.68,45.00
2018,8,23,18,0,-39.80,57.00,999.90,0.00,0.00,36.00,23.00,32.00,36.00,0.00,0.00,53.82,124.65,60.09,114.42,45.77,119.19,45.00
2018,8,23,19,0,-35.95,58.00,997.90,0.00,0.00,39.00,20.00,31.00,39.00,0.00,0.00,54.26,117.25,60.68,108.33,49.52,107.78,49.68
2018,8,23,20,0,-36.56,58.00,999.00,0.00,0.00,45.00,17.00,33.00,45.00,0.00,0.00,49.60,117.68,48.55,103.73,40.81,101.71,45.72
2018,8,23,21,0,-37.07,59.00,1000.10,0.00,0.00,50.00,16.00,23.00,50.00,0.00,0.00,48.99,119.01,50.37,99.46,40.96,100.12,46.44
2018,8,23,22,0,-37.72,58.00,1001.20,0.00,0.00,49.00,17.00,27.00,49.00,0.00,0.00,49.21,120.32,54.99,95.64,37.94,99.28,45.72
2018,8,23,23,0,-38.38,58.00,1002.00,0.00,0.00,51.00,17.00,34.00,51.00,0.00,0.00,49.08,120.89,61.86,95.68,39.68,101.51,43.56
2018,8,24,0,0,-39.09,56.00,1003.00,0.00,0.00,54.00,16.00,34.00,54.00,0.00,0.00,48.84,122.05,63.59,94.87,37.21,102.29,42.84
2018,8,24,1,0,-39.55,56.00,1003.90,0.00,0.00,52.00,15.00,34.00,52.00,0.00,0.00,45.83,122.82,60.59,93.41,33.00,103.88,41.04
2018,8,24,2,0,-39.77,59.00,1004.70,0.00,0.00,51.00,12.00,32.00,51.00,0.00,0.00,45.03,122.93,60.53,92.39,30.47,104.36,40.68
2018,8,24,3,0,-40.09,61.00,1005.50,0.00,0.00,49.00,6.00,30.00,49.00,0.00,0.00,44.45,125.11,64.64,94.47,32.76,112.62,39.24
2018,8,24,4,0,-41.44,59.00,1007.10,0.00,0.00,47.00,3.00,27.00,47.00,0.00,0.00,45.29,126.60,61.38,94.37,31.91,113.96,39.24
2018,8,24,5,0,-42.93,55.00,1008.70,0.00,0.00,46.00,7.00,26.00,46.00,0.00,0.00,46.23,127.41,58.25,95.68,33.67,114.65,40.68
2018,8,24,6,0,-43.23,54.00,1009.30,0.00,0.00,42.00,9.00,23.00,42.00,0.00,0.00,46.67,128.11,53.43,94.25,31.29,113.03,39.60
2018,8,24,7,0,-43.30,56.00,1010.00,0.00,0.00,38.00,8.00,21.00,38.00,0.00,0.00,47.68,128.25,55.34,95.60,34.98,113.66,38.88
2018,8,24,8,0,-43.57,56.00,1010.60,0.00,0.00,37.00,8.00,19.00,37.00,0.79,0.00,48.47,128.06,54.99,95.64,34.37,112.80,39.24
2018,8,24,9,0,-43.39,56.00,1011.20,0.00,0.00,37.00,3.00,16.00,37.00,36.38,25.81,48.60,126.87,57.17,95.78,37.91,112.91,39.60
2018,8,24,10,0,-42.06,57.00,1010.60,0.00,0.00,27.00,1.00,3.00,27.00,42.77,100.57,49.10,126.95,57.40,101.94,40.13,113.81,39.96
2018,8,24,11,0,-40.08,57.00,1009.10,0.00,0.00,5.00,0.00,0.00,5.00,56.81,159.31,48.55,125.34,54.86,102.12,41.32,112.54,40.32
2018,8,24,12,0,-38.39,55.00,1007.40,0.00,0.00,5.00,0.00,0.00,5.00,56.81,190.46,46.93,124.06,49.84,98.31,37.92,109.98,38.88
2018,8,24,13,0,-37.15,53.00,1006.30,0.00,0.00,1.00,0.00,0.00,1.00,59.36,200.25,46.23,123.57,49.90,98.71,40.08,109.41,38.52
2018,8,24,14,0,-36.95,52.00,1006.10,0.00,0.00,1.00,0.00,0.00,1.00,59.36,181.56,45.73,123.44,47.82,99.53,37.91,108.26,37.80
2018,8,24,15,0,-37.94,57.00,1007.30,0.00,0.00,0.00,0.00,0.00,0.00,60.00,137.95,45.93,123.81,49.95,99.12,38.60,109.62,37.80
2018,8,24,16,0,-39.36,58.00,1008.60,0.00,0.00,0.00,0.00,0.00,0.00,60.00,71.20,47.33,123.21,51.37,98.87,38.14,109.29,38.16
2018,8,24,17,0,-40.95,56.00,1010.20,0.00,0.00,0.00,0.00,0.00,0.00,40.37,8.01,48.63,123.22,56.27,101.81,41.05,111.61,39.24
2018,8,24,18,0,-41.91,55.00,1011.00,0.00,0.00,0.00,0.00,0.00,0.00,0.00,0.00,49.73,122.88,58.89,102.00,38.51,110.81,39.96
2018,8,24,19,0,-41.40,54.00,1012.00,0.00,0.00,26.00,10.00,5.00,26.00,0.00,0.00,46.93,124.06,51.32,98.47,35.07,107.32,36.36
2018,8,24,20,0,-42.29,53.00,1012.90,0.00,0.00,5.00,11.00,5.00,3.00,0.00,0.00,48.23,124.05,50.98,95.27,33.88,104.77,36.72
2018,8,24,21,0,-42.79,54.00,1013.50,0.00,0.00,6.00,10.00,6.00,1.00,0.00,0.00,49.52,124.04,48.94,96.76,38.18,105.87,36.72
2018,8,24,22,0,-43.05,54.00,1014.10,0.00,0.00,4.00,10.00,4.00,2.00,0.00,0.00,50.12,123.58,47.05,99.25,37.81,103.77,36.72
2018,8,24,23,0,-43.11,55.00,1014.00,0.00,0.00,4.00,4.00,4.00,2.00,0.00,0.00,49.82,123.80,51.08,103.45,40.55,106.50,36.72
2018,8,25,0,0,-43.01,54.00,1013.80,0.00,0.00,2.00,2.00,2.00,1.00,0.00,0.00,50.02,124.15,54.03,99.59,38.18,105.87,37.08
2018,8,25,1,0,-43.03,53.00,1013.80,0.00,0.00,0.00,0.00,0.00,0.00,0.00,0.00,49.13,123.34,58.65,98.83,39.52,106.95,38.16
2018,8,25,2,0,-43.16,52.00,1014.20,0.00,0.00,0.00,0.00,0.00,0.00,0.00,0.00,48.33,123.45,58.25,95.68,37.04,105.79,37.80
2018,8,25,3,0,-43.01,51.00,1013.80,0.00,0.00,0.00,0.00,0.00,0.00,0.00,0.00,48.33,123.45,62.55,95.28,39.07,106.60,38.88
2018,8,25,4,0,-42.93,52.00,1013.80,0.00,0.00,0.00,0.00,0.00,0.00,0.00,0.00,47.83,123.33,59.64,95.19,36.15,105.00,36.72
2018,8,25,5,0,-43.09,52.00,1014.10,0.00,0.00,0.00,0.00,0.00,0.00,0.00,0.00,47.23,123.81,62.48,94.63,37.23,108.61,36.72
2018,8,25,6,0,-42.33,47.00,1013.50,0.00,0.00,0.00,0.00,0.00,0.00,0.00,0.00,47.33,123.21,60.69,94.76,34.49,108.25,36.72
2018,8,25,7,0,-42.08,45.00,1013.50,0.00,0.00,0.00,0.00,0.00,0.00,0.00,0.00,47.33,123.21,56.93,96.90,37.25,110.36,36.72
2018,8,25,8,0,-42.18,45.00,1013.30,0.00,0.00,0.00,0.00,0.00,0.00,5.27,0.00,47.63,122.97,56.22,96.99,34.73,109.37,36.36
2018,8,25,9,0,-41.88,45.00,1013.30,0.00,0.00,0.00,0.00,0.00,0.00,60.00,27.59,47.44,122.60,57.89,95.71,35.90,111.16,36.72
2018,8,25,10,0,-40.73,46.00,1012.60,0.00,0.00,0.00,0.00,0.00,0.00,60.00,101.46,44.84,122.54,52.71,94.31,30.85,109.07,35.64
2018,8,25,11,0,-39.34,48.00,1011.20,0.00,0.00,0.00,0.00,0.00,0.00,60.00,161.98,43.35,122.11,50.86,93.65,31.88,108.43,35.28
2018,8,25,12,0,-37.93,50.00,1010.10,0.00,0.00,0.00,0.00,0.00,0.00,60.00,197.58,41.37,121.48,46.51,93.11,28.59,106.84,33.84
2018,8,25,13,0,-37.06,51.00,1008.80,0.00,0.00,0.00,0.00,0.00,0.00,60.00,206.48,40.57,121.57,47.30,94.37,30.28,108.00,32.76
2018,8,25,14,0,-36.57,52.00,1008.10,0.00,0.00,0.00,0.00,0.00,0.00,60.00,188.68,40.69,120.88,48.07,95.16,30.66,105.67,32.76
2018,8,25,15,0,-36.36,51.00,1007.30,0.00,0.00,0.00,0.00,0.00,0.00,60.00,144.18,42.91,120.22,57.57,96.10,36.79,106.48,33.84
2018,8,25,16,0,-37.34,51.00,1007.80,0.00,0.00,0.00,0.00,0.00,0.00,60.00,77.43,42.79,120.88,61.47,95.38,34.76,105.62,34.56
2018,8,25,17,0,-39.29,51.00,1009.40,0.00,0.00,1.50,5.00,0.00,0.00,43.10,10.68,41.75,122.32,58.32,96.38,33.14,107.06,34.20
2018,8,25,18,0,-40.80,50.00,1010.40,0.00,0.00,2.70,9.00,0.00,0.00,0.00,0.00,43.24,122.76,56.05,98.49,32.24,106.21,33.84
2018,8,25,19,0,-42.32,49.00,1010.70,0.00,0.00,0.00,0.00,0.00,0.00,0.00,0.00,50.07,121.18,61.64,101.11,41.44,108.75,39.60
2018,8,25,20,0,-43.39,49.00,1011.30,0.00,0.00,0.00,0.00,0.00,0.00,0.00,0.00,52.74,122.17,61.39,103.22,43.19,111.00,44.64
2018,8,25,21,0,-44.14,49.00,1011.60,0.00,0.00,0.00,0.00,0.00,0.00,0.00,0.00,54.42,122.85,63.10,106.57,46.28,113.37,46.44
2018,8,25,22,0,-44.73,49.00,1011.90,0.00,0.00,0.00,0.00,0.00,0.00,0.00,0.00,55.42,124.41,64.32,107.93,44.30,114.48,48.60
2018,8,25,23,0,-44.90,49.00,1011.00,0.00,0.00,2.40,8.00,0.00,0.00,0.00,0.00,57.51,124.29,69.79,108.34,49.27,116.00,50.40
2018,8,26,0,0,-45.06,49.00,1010.10,0.00,0.00,2.40,8.00,0.00,0.00,0.00,0.00,57.61,123.79,69.80,107.41,47.56,113.65,50.40
2018,8,26,1,0,-45.15,49.00,1009.20,0.00,0.00,2.70,9.00,0.00,0.00,0.00,0.00,58.12,122.61,71.07,106.78,48.55,113.14,50.40
2018,8,26,2,0,-45.32,48.00,1008.30,0.00,0.00,1.20,4.00,0.00,0.00,0.00,0.00,59.34,121.86,69.83,106.47,47.00,112.05,48.24
2018,8,26,3,0,-45.67,48.00,1007.50,0.00,0.00,3.00,10.00,0.00,0.00,0.00,0.00,61.13,122.01,72.63,107.90,53.23,113.10,50.40
2018,8,26,4,0,-45.45,47.00,1006.10,0.00,0.00,2.70,9.00,0.00,0.00,0.00,0.00,62.79,120.68,77.17,101.57,54.02,111.09,51.12
2018,8,26,5,0,-44.58,48.00,1004.20,0.00,0.00,1.20,4.00,0.00,0.00,0.00,0.00,63.68,119.46,85.36,101.93,58.23,111.01,54.00
2018,8,26,6,0,-44.11,49.00,1002.90,0.00,0.00,2.70,9.00,0.00,0.00,0.00,0.00,64.97,119.55,89.86,105.09,57.09,111.06,55.44
2018,8,26,7,0,-43.89,49.00,1001.90,0.00,0.00,2.70,9.00,0.00,0.00,0.00,0.00,66.72,119.05,92.97,106.19,58.57,110.89,56.88
2018,8,26,8,0,-43.63,48.00,1001.00,0.00,0.00,3.00,10.00,0.00,0.00,8.95,0.00,68.64,118.85,91.66,107.37,54.82,111.17,56.52
2018,8,26,9,0,-42.44,49.00,999.20,0.00,0.00,9.00,10.00,9.00,0.00,54.26,37.38,72.62,117.45,86.21,110.02,61.57,111.61,57.96
2018,8,26,10,0,-41.00,51.00,997.40,0.00,0.00,14.00,19.00,14.00,0.00,51.06,116.59,72.94,117.32,81.45,110.44,59.58,110.52,57.60
2018,8,26,11,0,-39.66,53.00,995.50,0.00,0.00,30.00,27.00,30.00,0.00,40.85,178.00,72.95,117.96,81.76,111.71,61.04,112.18,56.16
2018,8,26,12,0,-37.11,48.00,992.70,0.00,0.00,40.00,28.00,40.00,0.00,34.47,213.60,72.98,118.59,75.82,112.91,60.10,111.80,55.80
2018,8,26,13,0,-35.34,47.00,990.60,0.00,0.00,100.00,25.00,100.00,0.00,0.00,221.61,72.00,118.36,72.37,113.76,61.37,112.05,55.80
2018,8,26,14,0,-34.54,48.00,989.40,0.00,0.00,100.00,24.00,100.00,0.00,0.00,202.03,71.51,118.24,70.25,114.20,60.90,111.86,55.80
2018,8,26,15,0,-35.10,50.00,990.10,0.00,0.00,100.00,25.00,100.00,0.00,0.00,156.64,71.23,119.03,75.21,115.22,64.52,112.99,56.16
2018,8,26,16,0,-35.63,51.00,990.60,0.00,0.00,100.00,28.00,100.00,0.00,0.00,89.00,71.76,119.78,79.23,115.28,65.19,112.74,57.24
2018,8,26,17,0,-36.11,51.00,991.30,0.00,0.00,100.00,28.00,100.00,0.00,0.00,16.02,70.77,119.56,79.76,114.25,66.85,112.15,57.96
2018,8,26,18,0,-36.53,49.00,992.20,0.00,0.00,100.00,26.00,100.00,0.00,0.00,0.00,68.59,120.60,74.31,113.71,61.64,112.67,56.52
2018,8,26,19,0,-40.73,47.00,996.80,0.00,0.00,100.00,35.00,100.00,0.00,0.00,0.00,64.00,124.23,71.73,107.53,54.30,108.56,52.92
2018,8,26,20,0,-40.60,49.00,997.40,0.00,0.00,100.00,97.00,100.00,0.00,0.00,0.00,62.71,123.05,67.10,106.20,54.25,105.79,51.12
2018,8,26,21,0,-40.53,48.00,997.80,0.00,0.00,93.00,74.00,93.00,0.00,0.00,0.00,61.21,122.76,67.10,106.20,55.14,106.31,48.60
2018,8,26,22,0,-40.46,47.00,998.20,0.00,0.00,100.00,88.00,100.00,0.00,0.00,0.00,58.62,122.71,61.94,107.59,53.97,107.47,46.08
2018,8,26,23,0,-40.60,50.00,998.60,0.00,0.00,100.00,87.00,100.00,0.00,0.00,0.00,54.23,122.53,56.72,106.59,48.76,106.29,42.48
2018,8,27,0,0,-40.95,52.00,999.10,0.00,0.00,100.00,100.00,100.00,0.00,0.00,0.00,50.33,122.44,49.95,103.34,42.61,103.68,38.88
2018,8,27,1,0,-40.58,53.00,999.30,0.00,0.00,99.00,81.00,99.00,0.00,0.00,0.00,48.28,120.96,50.25,98.65,42.02,102.37,37.44
2018,8,27,2,0,-39.81,53.00,998.80,0.00,0.00,94.00,0.00,94.00,0.00,0.00,0.00,46.75,119.53,47.00,95.27,37.94,99.28,35.64
2018,8,27,3,0,-40.12,56.00,999.20,0.00,0.00,54.00,0.00,54.00,0.00,0.00,0.00,45.91,118.57,52.77,95.09,39.68,101.51,36.00
2018,8,27,4,0,-42.01,57.00,1001.00,0.00,0.00,0.00,0.00,0.00,0.00,0.00,0.00,43.67,119.10,49.34,88.33,34.60,102.01,33.48
2018,8,27,5,0,-43.16,55.00,1002.40,0.00,0.00,0.00,0.00,0.00,0.00,0.00,0.00,45.63,119.80,56.20,87.80,39.17,107.10,35.28
2018,8,27,6,0,-44.08,54.00,1003.30,0.00,0.00,0.00,0.00,0.00,0.00,0.00,0.00,46.44,119.74,56.42,84.51,37.73,105.49,36.00
2018,8,27,7,0,-44.73,52.00,1004.30,0.00,0.00,0.00,0.00,0.00,0.00,0.00,0.00,47.24,119.69,60.30,85.55,39.31,105.95,36.72
2018,8,27,8,0,-45.32,50.00,1005.20,0.00,0.00,0.00,0.00,0.00,0.00,13.21,0.00,46.80,120.51,59.56,85.84,33.88,104.77,37.08
2018,8,27,9,0,-45.30,50.00,1005.70,0.00,0.00,0.00,0.00,0.00,0.00,60.00,40.05,46.37,121.35,59.42,88.61,35.07,107.32,37.44
2018,8,27,10,0,-44.23,51.00,1005.50,0.00,0.00,0.00,0.00,0.00,0.00,60.00,118.37,46.37,121.35,53.64,89.62,35.02,104.89,37.80
2018,8,27,11,0,-42.73,54.00,1004.40,0.00,0.00,0.00,0.00,0.00,0.00,60.00,179.78,45.75,121.81,48.62,91.70,38.52,105.72,37.08
2018,8,27,12,0,-41.19,56.00,1002.90,0.00,0.00,0.00,0.00,0.00,0.00,60.00,216.27,46.94,122.47,48.50,95.96,39.16,108.77,38.52
2018,8,27,13,0,-39.98,57.00,1001.90,0.00,0.00,0.00,0.00,0.00,0.00,60.00,225.17,45.93,123.81,49.43,100.49,39.05,112.78,37.44
2018,8,27,14,0,-39.29,57.00,1001.70,0.00,0.00,0.00,0.00,0.00,0.00,60.00,206.48,45.66,125.70,48.90,103.63,37.87,114.13,37.80
2018,8,27,15,0,-39.40,56.00,1002.30,0.00,0.00,0.00,0.00,0.00,0.00,60.00,161.09,50.18,126.54,59.00,106.67,46.85,116.96,41.76
2018,8,27,16,0,-40.51,54.00,1004.00,0.00,0.00,0.00,0.00,0.00,0.00,60.00,92.56,53.14,127.57,64.32,108.94,47.03,118.33,44.28
2018,8,27,17,0,-42.36,51.00,1006.50,0.00,0.00,0.00,0.00,0.00,0.00,50.60,17.80,55.50,129.47,71.03,114.88,48.82,123.57,46.44
2018,8,27,18,0,-43.75,49.00,1008.80,0.00,0.00,0.00,0.00,0.00,0.00,0.00,0.00,57.48,130.17,73.64,118.95,45.95,125.43,47.88
2018,8,27,19,0,-44.72,51.00,1010.20,0.00,0.00,5.00,4.00,5.00,0.00,0.00,0.00,55.16,125.97,64.66,108.84,50.25,118.22,41.40
2018,8,27,20,0,-45.99,51.00,1011.90,0.00,0.00,51.00,15.00,51.00,0.00,0.00,0.00,54.74,125.36,62.17,103.39,48.14,116.18,41.04
2018,8,27,21,0,-45.95,53.00,1011.80,0.00,0.00,100.00,7.00,100.00,0.00,0.00,0.00,54.74,125.36,63.74,103.72,50.40,117.66,41.40
2018,8,27,22,0,-45.56,54.00,1011.60,0.00,0.00,100.00,15.00,100.00,0.00,0.00,0.00,49.43,124.62,51.55,100.05,39.15,114.44,39.24
2018,8,27,23,0,-44.56,56.00,1010.30,0.00,0.00,100.00,20.00,100.00,0.00,0.00,0.00,48.63,123.22,53.15,98.57,38.18,111.00,38.88
2018,8,28,0,0,-43.01,57.00,1008.20,0.00,0.00,100.00,45.00,100.00,0.00,0.00,0.00,47.42,120.07,53.88,95.37,34.58,104.47,38.16
2018,8,28,1,0,-41.35,59.00,1006.10,0.00,0.00,100.00,92.00,100.00,18.00,0.00,0.00,48.95,117.13,60.25,99.63,41.48,103.55,38.52
2018,8,28,2,0,-39.94,61.00,1004.10,0.00,0.00,100.00,100.00,100.00,100.00,0.00,0.00,50.71,116.57,64.82,100.56,41.39,105.12,41.76
2018,8,28,3,0,-37.98,53.00,1001.20,0.00,0.00,100.00,100.00,100.00,100.00,0.00,0.00,50.77,113.84,61.67,99.41,44.71,103.03,42.48
2018,8,28,4,0,-37.45,53.00,999.20,0.00,0.00,100.00,100.00,100.00,100.00,0.00,0.00,49.81,111.19,57.02,97.62,43.33,98.60,42.48
2018,8,28,5,0,-38.13,60.00,997.80,0.00,0.00,100.00,100.00,100.00,100.00,0.00,0.00,53.30,110.15,62.11,97.66,49.21,101.39,45.36
2018,8,28,6,0,-38.23,60.00,995.70,0.10,0.07,100.00,100.00,100.00,100.00,0.00,0.00,55.56,108.90,63.90,97.45,50.43,99.87,48.24
2018,8,28,7,0,-36.65,61.00,992.80,0.20,0.14,100.00,100.00,100.00,100.00,0.00,0.00,57.72,104.82,65.77,95.02,55.55,97.45,51.48
2018,8,28,8,0,-35.92,63.00,990.10,0.30,0.21,100.00,100.00,100.00,100.00,0.00,0.00,63.84,102.70,68.28,94.84,63.26,95.22,57.24
2018,8,28,9,0,-35.19,64.00,987.90,0.30,0.21,100.00,100.00,100.00,100.00,0.00,31.15,66.03,102.60,69.82,95.62,64.80,96.06,58.32
2018,8,28,10,0,-34.01,65.00,985.10,0.30,0.21,100.00,100.00,100.00,100.00,0.00,88.11,65.60,102.36,67.35,96.14,59.79,96.57,57.60
2018,8,28,11,0,-32.85,65.00,982.70,0.20,0.14,100.00,100.00,100.00,100.00,0.00,140.62,65.06,103.11,68.23,97.28,57.89,98.58,56.16
2018,8,28,12,0,-32.08,63.00,980.30,0.10,0.07,100.00,100.00,100.00,100.00,0.00,174.44,63.57,103.09,65.88,98.48,55.16,99.77,52.56
2018,8,28,13,0,-31.17,65.00,978.10,0.10,0.07,100.00,99.00,100.00,100.00,0.00,180.67,62.52,103.32,67.71,98.56,56.99,99.82,50.04
2018,8,28,14,0,-29.95,66.00,976.00,0.10,0.07,100.00,100.00,100.00,100.00,0.00,173.55,59.37,104.04,65.42,97.91,55.16,99.77,46.08
2018,8,28,15,0,-29.30,66.00,974.70,0.10,0.07,100.00,83.00,100.00,100.00,0.00,139.73,55.89,104.93,63.56,99.78,55.00,100.94,42.12
2018,8,28,16,0,-29.39,66.00,974.70,0.10,0.07,100.00,96.00,100.00,100.00,0.00,82.77,51.83,106.55,60.93,101.24,52.25,101.93,39.24
2018,8,28,17,0,-29.86,66.00,975.40,0.10,0.07,100.00,86.00,100.00,100.00,0.00,18.69,47.03,106.91,56.98,101.66,48.23,102.06,35.28
2018,8,28,18,0,-30.31,66.00,976.20,0.10,0.07,100.00,3.00,100.00,100.00,0.00,0.00,42.81,108.13,51.62,102.49,41.83,103.44,34.20
2018,8,28,19,0,-33.75,61.00,978.70,0.00,0.00,100.00,5.00,100.00,100.00,0.00,0.00,38.71,112.99,42.02,102.37,34.58,104.47,32.76
2018,8,28,20,0,-34.59,61.00,979.70,0.00,0.00,100.00,0.00,100.00,100.00,0.00,0.00,37.21,114.58,36.41,104.31,31.01,105.49,32.76
2018,8,28,21,0,-35.42,60.00,980.00,0.00,0.00,100.00,0.00,100.00,100.00,0.00,0.00,37.19,117.06,36.66,109.50,31.88,108.43,33.84
2018,8,28,22,0,-36.00,59.00,979.90,0.00,0.00,100.00,0.00,100.00,100.00,0.00,0.00,37.52,118.04,35.77,110.62,32.56,108.03,34.56
2018,8,28,23,0,-36.31,57.00,979.60,0.00,0.00,100.00,0.00,84.00,100.00,0.00,0.00,38.01,118.26,38.72,110.12,34.49,108.25,34.92
2018,8,29,0,0,-36.42,58.00,979.50,0.00,0.00,83.00,0.00,66.00,83.00,0.00,0.00,39.16,119.16,41.90,109.06,36.55,107.19,35.28
2018,8,29,1,0,-36.77,58.00,979.30,0.00,0.00,66.00,0.00,19.00,66.00,0.00,0.00,39.65,119.36,46.56,108.01,38.38,106.91,34.20
2018,8,29,2,0,-37.70,56.00,979.60,0.00,0.00,27.00,0.00,13.00,27.00,0.00,0.00,39.52,120.07,49.21,106.58,37.48,106.17,33.12
2018,8,29,3,0,-38.65,53.00,980.20,0.00,0.00,25.00,0.00,6.00,25.00,0.00,0.00,38.59,120.87,46.63,103.39,35.21,106.03,33.12
2018,8,29,4,0,-39.67,52.00,980.80,0.00,0.00,22.00,0.00,14.00,22.00,0.00,0.00,38.16,121.89,46.88,100.62,32.14,105.59,33.12
2018,8,29,5,0,-40.41,52.00,981.00,0.00,0.00,19.00,0.00,6.00,19.00,0.00,0.00,39.04,122.96,50.27,101.15,32.34,106.82,34.20
2018,8,29,6,0,-40.94,52.00,981.10,0.00,0.00,7.00,0.00,5.00,7.00,0.00,0.00,39.84,122.83,51.27,102.57,31.80,105.77,34.92
2018,8,29,7,0,-41.30,52.00,981.30,0.00,0.00,4.00,0.00,4.00,3.00,0.00,0.00,41.04,123.55,52.32,105.57,34.62,106.93,36.00
2018,8,29,8,0,-41.56,51.00,981.60,0.00,0.00,2.00,0.00,1.00,2.00,20.71,0.89,43.13,123.42,52.94,109.05,37.00,107.55,38.88
2018,8,29,9,0,-41.02,50.00,981.40,0.00,0.00,0.00,0.00,0.00,0.00,60.00,52.51,45.83,124.44,55.16,113.05,40.11,111.04,41.76
2018,8,29,10,0,-39.49,50.00,979.90,0.00,0.00,0.00,0.00,0.00,0.00,60.00,129.05,48.84,125.10,57.32,116.89,43.98,114.68,43.20
2018,8,29,11,0,-38.56,52.00,979.30,0.00,0.00,0.00,0.00,0.00,0.00,60.00,190.46,50.69,126.63,57.30,120.59,46.44,119.74,46.08
2018,8,29,12,0,-38.07,52.00,979.10,0.00,0.00,0.00,0.00,0.00,0.00,60.00,226.06,53.14,127.57,57.11,123.69,50.26,121.53,47.52
2018,8,29,13,0,-37.89,52.00,979.00,0.00,0.00,0.00,0.00,0.00,0.00,60.00,235.85,54.94,127.55,60.52,124.82,52.93,122.50,49.32
2018,8,29,14,0,-38.07,52.00,979.30,0.00,0.00,0.00,0.00,0.00,0.00,60.00,216.27,55.60,128.43,61.86,126.00,53.12,124.23,51.12
2018,8,29,15,0,-38.73,51.00,980.20,0.00,0.00,0.00,0.00,0.00,0.00,60.00,171.77,56.70,130.36,65.33,128.51,54.65,127.78,52.56
2018,8,29,16,0,-40.13,49.00,981.90,0.00,0.00,0.00,0.00,0.00,0.00,60.00,103.24,58.34,132.75,68.92,130.76,55.64,130.80,52.92
2018,8,29,17,0,-41.91,49.00,983.60,0.00,0.00,0.00,0.00,0.00,0.00,57.37,24.92,60.59,134.52,73.64,132.42,58.83,133.26,60.48
2018,8,29,18,0,-42.96,48.00,984.90,0.00,0.00,0.00,0.00,0.00,0.00,0.00,0.00,63.14,135.92,76.39,133.47,57.53,135.00,57.60
2018,8,29,19,0,-45.75,45.00,985.20,0.00,0.00,0.00,0.00,0.00,0.00,0.00,0.00,68.48,134.79,78.15,135.19,63.65,135.92,61.20
2018,8,29,20,0,-46.20,45.00,985.90,0.00,0.00,0.00,0.00,0.00,0.00,0.00,0.00,70.29,136.66,83.09,137.81,61.23,138.81,63.72
2018,8,29,21,0,-46.31,47.00,986.20,0.00,0.00,0.00,0.00,0.00,0.00,0.00,0.00,71.63,138.06,87.31,139.35,64.08,139.33,65.16
2018,8,29,22,0,-46.31,47.00,986.40,0.00,0.00,0.00,0.00,0.00,0.00,0.00,0.00,72.98,139.00,87.72,140.50,62.87,140.11,66.24
2018,8,29,23,0,-46.31,48.00,986.70,0.00,0.00,0.00,0.00,0.00,0.00,0.00,0.00,73.89,140.34,91.42,141.23,65.28,141.04,70.92
2018,8,30,0,0,-46.42,49.00,987.20,0.00,0.00,0.00,0.00,0.00,0.00,0.00,0.00,73.99,141.12,93.52,140.00,63.70,140.73,67.68
2018,8,30,1,0,-46.46,48.00,987.80,0.00,0.00,0.00,0.00,0.00,0.00,0.00,0.00,74.55,141.47,96.84,139.98,69.47,139.62,68.40
2018,8,30,2,0,-46.95,46.00,988.60,0.00,0.00,0.00,0.00,0.00,0.00,0.00,0.00,74.45,142.47,99.40,141.47,69.33,140.69,79.92
2018,8,30,3,0,-47.14,44.00,989.00,0.00,0.00,0.00,0.00,0.00,0.00,0.00,0.00,76.18,143.46,103.04,143.81,74.74,142.63,70.56
2018,8,30,4,0,-47.49,45.00,989.60,0.00,0.00,0.00,0.00,0.00,0.00,0.00,0.00,77.34,144.09,104.46,145.11,77.21,144.68,72.72
2018,8,30,5,0,-47.91,45.00,990.20,0.00,0.00,0.00,0.00,0.00,0.00,0.00,0.00,79.01,144.64,107.56,145.09,80.90,144.97,74.52
2018,8,30,6,0,-48.43,45.00,991.40,0.00,0.00,0.00,0.00,0.00,0.00,0.00,0.00,79.89,145.09,105.74,145.82,79.18,146.31,76.32
2018,8,30,7,0,-48.90,46.00,992.50,0.00,0.00,0.00,0.00,0.00,0.00,0.00,0.00,81.57,146.52,109.33,146.41,79.72,148.10,96.12
2018,8,30,8,0,-49.18,44.00,993.50,0.00,0.00,0.00,0.00,0.00,0.00,25.15,1.78,83.19,147.55,107.27,147.75,76.93,148.39,82.44
2018,8,30,9,0,-49.31,47.00,994.30,0.00,0.00,0.00,0.00,0.00,0.00,60.00,60.52,84.34,148.62,110.52,148.59,80.57,149.08,84.60
2018,8,30,10,0,-48.71,49.00,994.20,0.00,0.00,0.00,0.00,0.00,0.00,60.00,141.51,84.71,149.62,108.79,149.36,80.96,150.13,100.08
2018,8,30,11,0,-47.49,50.00,993.40,0.00,0.00,0.00,0.00,0.00,0.00,60.00,203.81,84.80,150.50,108.60,149.52,83.68,150.35,99.36
2018,8,30,12,0,-46.18,50.00,992.60,0.00,0.00,0.00,0.00,0.00,0.00,60.00,240.30,84.27,151.14,103.60,149.51,80.64,150.00,88.20
2018,8,30,13,0,-45.43,50.00,992.50,0.00,0.00,0.00,0.00,0.00,0.00,60.00,249.20,83.75,151.78,102.98,150.93,82.07,150.29,94.68
2018,8,30,14,0,-44.93,49.00,992.40,0.00,0.00,0.00,0.00,0.00,0.00,60.00,229.62,83.25,152.44,100.47,152.70,80.91,150.70,86.40
2018,8,30,15,0,-43.97,44.00,992.00,0.00,0.00,0.00,0.00,0.00,0.00,60.00,182.45,83.08,152.66,108.83,153.27,81.68,151.29,87.12
2018,8,30,16,0,-44.42,43.00,993.10,0.00,0.00,0.00,0.00,0.00,0.00,60.00,112.14,82.60,152.76,104.65,153.88,81.66,151.85,86.40
2018,8,30,17,0,-45.21,43.00,994.90,0.00,0.00,0.00,0.00,0.00,0.00,0.76,30.26,83.24,152.99,107.62,155.49,82.59,153.32,87.12
2018,8,30,18,0,-45.92,44.00,996.40,0.00,0.00,0.00,0.00,0.00,0.00,0.00,0.00,83.57,152.55,107.57,154.64,79.22,152.39,87.12
2018,8,30,19,0,-46.34,40.00,996.40,0.00,0.00,0.00,0.00,0.00,0.00,0.00,0.00,87.73,148.59,110.60,150.35,79.38,152.74,88.92
2018,8,30,20,0,-47.20,42.00,998.80,0.00,0.00,0.00,0.00,0.00,0.00,0.00,0.00,88.49,147.80,111.51,148.47,76.02,151.74,88.92
2018,8,30,21,0,-48.14,42.00,1001.30,0.00,0.00,0.00,0.00,0.00,0.00,0.00,0.00,88.37,146.63,112.15,147.59,77.17,149.13,87.84
2018,8,30,22,0,-48.68,42.00,1003.20,0.00,0.00,0.00,0.00,0.00,0.00,0.00,0.00,87.27,146.44,111.39,148.21,75.14,148.52,86.76
2018,8,30,23,0,-48.84,43.00,1004.90,0.00,0.00,0.00,0.00,0.00,0.00,0.00,0.00,86.07,145.91,113.07,147.88,78.99,147.47,85.68
2018,8,31,0,0,-48.95,44.00,1006.60,0.00,0.00,0.00,0.00,0.00,0.00,0.00,0.00,84.68,145.57,110.40,148.33,81.88,146.66,82.80
2018,8,31,1,0,-49.27,44.00,1008.30,0.00,0.00,0.00,0.00,0.00,0.00,0.00,0.00,83.97,145.83,112.74,148.85,84.79,147.66,84.96
2018,8,31,2,0,-50.06,43.00,1010.00,0.00,0.00,0.00,0.00,0.00,0.00,0.00,0.00,83.97,145.83,108.44,146.78,79.27,149.13,83.88
2018,8,31,3,0,-49.93,42.00,1010.60,0.00,0.00,0.00,0.00,0.00,0.00,0.00,0.00,82.68,145.83,108.46,147.47,77.38,150.45,88.56
2018,8,31,4,0,-49.11,43.00,1010.50,0.00,0.00,0.00,0.00,0.00,0.00,0.00,0.00,81.90,144.84,105.54,146.69,73.05,150.15,94.32
2018,8,31,5,0,-48.54,44.00,1010.50,0.00,0.00,0.00,0.00,0.00,0.00,0.00,0.00,82.08,143.38,105.97,144.96,77.70,147.49,83.88
2018,8,31,6,0,-48.55,44.00,1011.40,0.00,0.00,0.00,0.00,0.00,0.00,0.00,0.00,82.51,142.98,104.88,144.78,77.88,146.31,79.92
2018,8,31,7,0,-48.02,44.00,1011.20,0.00,0.00,0.00,0.00,0.00,0.00,0.00,0.00,82.03,141.77,108.00,143.13,78.85,143.91,78.84
2018,8,31,8,0,-38.95,45.00,1001.80,0.00,0.00,6.60,22.00,4.00,0.00,27.10,3.56,76.32,148.11,94.82,142.87,68.47,143.55,97.92
2018,8,31,9,0,-38.88,45.00,1001.90,0.00,0.00,4.20,14.00,2.00,0.00,57.32,71.20,82.88,142.23,100.35,139.51,76.86,141.47,111.60
2018,8,31,10,0,-39.82,45.00,1003.20,0.00,0.00,0.90,3.00,0.00,0.00,59.43,152.19,88.60,139.45,104.31,138.50,80.48,139.90,117.72
2018,8,31,11,0,-39.51,45.00,1003.60,0.00,0.00,0.00,0.00,0.00,0.00,60.00,211.82,88.62,136.65,109.78,136.99,81.05,137.88,82.08
2018,8,31,12,0,-39.08,46.00,1004.00,0.00,0.00,0.00,0.00,0.00,0.00,60.00,244.75,86.05,133.98,103.12,136.27,81.47,135.72,78.84
2018,8,31,13,0,-39.51,45.00,1004.80,0.00,0.00,0.00,0.00,0.00,0.00,60.00,252.76,85.57,133.30,102.68,137.42,84.54,136.38,75.60
2018,8,31,14,0,-39.98,46.00,1004.90,0.00,0.00,0.00,0.00,0.00,0.00,60.00,233.18,83.41,131.33,98.03,133.66,82.80,132.71,71.64
2018,8,31,15,0,-39.97,47.00,1004.50,0.00,0.00,0.30,1.00,0.00,0.00,59.81,186.01,81.45,130.52,96.09,132.11,83.38,131.67,67.32
2018,8,31,16,0,-40.80,49.00,1004.50,0.00,0.00,0.60,2.00,0.00,0.00,59.62,121.93,80.48,130.10,99.44,131.77,77.98,132.38,91.08
2018,8,31,17,0,-41.70,50.00,1004.90,0.00,0.00,0.60,2.00,0.00,0.00,4.11,37.38,81.59,129.45,104.41,130.67,80.81,131.93,66.24
2018,8,31,18,0,-42.44,48.00,1004.00,0.00,0.00,1.50,5.00,0.00,0.00,0.00,0.00,84.05,128.39,98.05,128.89,82.31,128.07,66.96
2018,8,31,19,0,-42.52,47.00,1003.00,0.00,0.00,10.00,16.00,10.00,0.00,0.00,0.00,83.67,127.66,99.87,127.53,80.94,125.95,66.24
2018,8,31,20,0,-42.99,45.00,1002.60,0.00,0.00,33.00,29.00,33.00,0.00,0.00,0.00,82.80,126.87,94.12,125.82,78.78,124.20,63.72
2018,8,31,21,0,-43.42,45.00,1002.20,0.00,0.00,98.00,30.00,98.00,0.00,0.00,0.00,82.53,125.77,94.20,125.51,77.98,123.32,62.28
2018,8,31,22,0,-43.19,46.00,1001.60,0.00,0.00,100.00,32.00,100.00,0.00,0.00,0.00,81.99,124.81,89.98,124.90,74.77,121.01,61.92
2018,8,31,23,0,-42.84,47.00,1000.10,0.00,0.00,100.00,30.00,100.00,0.00,0.00,0.00,82.57,123.62,90.96,123.38,77.66,118.82,61.20
