LAT;;;;;-67.2167;-67.2167;-67.2167;-67.2167;-67.2167;-67.2167;-67.2167;-67.2167;-67.2167;-67.2167;-67.2167;-67.2167;-67.2167;-67.2167;-67.2167;-67.2167;-67.2167;-67.2167
LON;;;;;100.733;100.733;100.733;100.733;100.733;100.733;100.733;100.733;100.733;100.733;100.733;100.733;100.733;100.733;100.733;100.733;100.733;100.733
ASL;;;;;1416.00;1416.00;1416.00;1416.00;1416.00;1416.00;1416.00;1416.00;1416.00;1416.00;1416.00;1416.00;1416.00;1416.00;1416.00;1416.00;1416.00;1416.00
CITY;;;;;Amundsen;Amundsen;Amundsen;Amundsen;Amundsen;Amundsen;Amundsen;Amundsen;Amundsen;Amundsen;Amundsen;Amundsen;Amundsen;Amundsen;Amundsen;Amundsen;Amundsen;Amundsen
DOMAIN;;;;;NEMSGLOBAL;NEMSGLOBAL;NEMSGLOBAL;NEMSGLOBAL;NEMSGLOBAL;NEMSGLOBAL;NEMSGLOBAL;NEMSGLOBAL;NEMSGLOBAL;NEMSGLOBAL;NEMSGLOBAL;NEMSGLOBAL;NEMSGLOBAL;NEMSGLOBAL;NEMSGLOBAL;NEMSGLOBAL;NEMSGLOBAL;NEMSGLOBAL
LEVEL;;;;;2 m above gnd;2 m above gnd;MSL;sfc;sfc;sfc;high cld lay;mid cld lay;low cld lay;sfc;sfc;10 m above gnd;10 m above gnd;80 m above gnd;80 m above gnd;900 mb;900 mb;sfc
NAME;;;;;Temperature;Relative Humidity;Mean Sea Level Pressure;Total Precipitation;Snowfall amount raw;Total Cloud Cover;High Cloud Cover;Medium Cloud Cover;Low Cloud Cover;Sunshine Duration;Shortwave Radiation;Wind Speed;Wind Direction;Wind Speed;Wind Direction;Wind Speed;Wind Direction;Wind Gust
UNIT;;;;;째C;%;hPa;mm;cm;%;%;%;%;min;W/m2;km/h;째;km/h;째;km/h;째;km/h
AGGREGATION;;;;;;;;;;;;;;;;;;;;;;
UTC_OFFSET;;;;;7;7;7;7;7;7;7;7;7;7;7;7;7;7;7;7;7;7

Year;Month;Day;Hour;Minute;Temperature  [2 m above gnd];Relative Humidity  [2 m above gnd];Mean Sea Level Pressure  [MSL];Total Precipitation  [sfc];Snowfall amount raw  [sfc];Total Cloud Cover  [sfc];High Cloud Cover  [high cld lay];Medium Cloud Cover  [mid cld lay];Low Cloud Cover  [low cld lay];Sunshine Duration  [sfc];Shortwave Radiation  [sfc];Wind Speed  [10 m above gnd];Wind Direction  [10 m above gnd];Wind Speed  [80 m above gnd];Wind Direction  [80 m above gnd];Wind Speed  [900 mb];Wind Direction  [900 mb];Wind Gust  [sfc]
2018;08;17;00;00;-36.77;58.00;1008.50;0.00;0.00;0.00;0.00;0.00;0.00;0.00;0.00;45.87;121.20;68.29;114.94;39.76;121.68;47.52
2018;08;17;01;00;-36.35;59.00;1008.10;0.00;0.00;0.00;0.00;0.00;0.00;0.00;0.00;45.07;121.28;66.93;113.12;39.84;124.70;46.44
2018;08;17;02;00;-35.80;60.00;1007.80;0.00;0.00;0.00;0.00;0.00;0.00;0.00;0.00;44.21;120.32;64.43;108.23;36.84;123.85;45.36
2018;08;17;03;00;-35.58;61.00;1007.20;0.00;0.00;0.00;0.00;0.00;0.00;0.00;0.00;43.72;120.15;62.76;106.67;37.75;124.90;43.92
2018;08;17;04;00;-35.65;61.00;1007.10;0.00;0.00;0.00;0.00;0.00;0.00;0.00;0.00;43.16;121.70;61.25;107.80;36.29;126.53;42.12
2018;08;17;05;00;-35.83;60.00;1006.70;0.00;0.00;0.00;0.00;0.00;0.00;0.00;0.00;41.84;123.42;59.37;110.96;36.88;128.66;40.68
2018;08;17;06;00;-35.97;61.00;1006.50;0.00;0.00;0.00;0.00;0.00;0.00;0.00;0.00;41.26;125.77;57.06;113.82;35.03;129.58;38.16
2018;08;17;07;00;-36.07;61.00;1006.00;0.00;0.00;2.00;0.00;0.00;2.00;0.00;0.00;40.61;127.07;55.57;114.90;35.54;129.66;32.76
2018;08;17;08;00;-36.18;61.00;1005.70;0.00;0.00;3.00;0.00;0.00;3.00;32.40;0.00;40.26;128.10;53.78;115.36;33.57;128.47;33.84
2018;08;17;09;00;-36.45;60.00;1005.30;0.00;0.00;1.00;0.00;0.00;1.00;59.36;2.67;39.92;129.14;52.75;112.89;33.99;126.38;32.04
2018;08;17;10;00;-35.49;60.00;1004.10;0.00;0.00;0.00;0.00;0.00;0.00;60.00;54.29;39.19;128.66;51.03;110.22;31.45;123.33;28.44
2018;08;17;11;00;-33.80;61.00;1002.50;0.00;0.00;0.00;0.00;0.00;0.00;60.00;112.14;34.64;127.82;44.97;107.71;26.98;121.36;28.08
2018;08;17;12;00;-32.42;62.00;1000.60;0.00;0.00;0.00;0.00;0.00;0.00;60.00;147.74;30.89;126.47;40.35;105.52;21.75;114.44;22.32
2018;08;17;13;00;-31.57;63.00;999.20;0.00;0.00;0.00;0.00;0.00;0.00;60.00;157.53;28.46;124.70;37.00;100.65;20.38;107.47;21.24
2018;08;17;14;00;-31.40;63.00;998.80;0.00;0.00;0.00;0.00;0.00;0.00;60.00;140.62;27.26;123.69;33.99;95.47;18.00;101.53;20.52
2018;08;17;15;00;-32.24;62.00;998.90;0.00;0.00;0.00;0.00;0.00;0.00;60.00;97.90;27.67;122.24;32.77;88.74;19.71;99.46;20.16
2018;08;17;16;00;-34.48;59.00;1000.50;0.00;0.00;0.00;0.00;0.00;0.00;15.88;35.60;28.66;122.69;32.85;80.54;19.35;99.64;16.56
2018;08;17;17;00;-36.77;59.00;1002.90;0.00;0.00;0.00;0.00;0.00;0.00;0.00;0.00;29.16;122.91;33.13;70.97;21.86;107.24;18.00
2018;08;17;18;00;-38.30;60.00;1004.80;0.00;0.00;0.00;0.00;0.00;0.00;0.00;0.00;28.86;123.29;31.72;62.27;18.33;109.50;18.36
2018;08;17;19;00;-32.45;69.00;1002.90;0.00;0.00;50.00;1.00;9.00;50.00;0.00;0.00;28.82;117.53;39.03;75.58;22.53;102.93;21.96
2018;08;17;20;00;-30.07;70.00;1001.70;0.00;0.00;100.00;5.00;51.00;100.00;0.00;0.00;28.04;114.26;40.96;77.31;20.36;98.13;23.40
2018;08;17;21;00;-28.03;70.00;1000.70;0.00;0.00;100.00;18.00;100.00;100.00;0.00;0.00;28.24;109.36;43.15;77.47;23.14;95.36;25.56
2018;08;17;22;00;-26.48;69.00;1000.20;0.00;0.00;100.00;11.00;100.00;100.00;0.00;0.00;29.72;106.90;47.47;80.39;24.58;95.04;29.88
2018;08;17;23;00;-24.66;72.00;999.00;0.00;0.00;100.00;0.00;100.00;100.00;0.00;0.00;31.85;100.42;48.71;86.19;30.97;88.67;30.60
2018;08;18;00;00;-22.72;73.00;998.10;0.00;0.00;100.00;0.00;100.00;100.00;0.00;0.00;34.71;95.36;46.46;88.22;37.29;83.90;33.12
2018;08;18;01;00;-21.90;73.00;997.90;0.10;0.07;100.00;0.00;100.00;100.00;0.00;0.00;35.71;93.47;45.79;86.85;37.58;85.05;33.84
2018;08;18;02;00;-21.20;75.00;997.80;0.10;0.07;100.00;0.00;100.00;100.00;0.00;0.00;36.38;91.70;46.44;82.87;34.65;85.83;35.28
2018;08;18;03;00;-20.54;76.00;997.70;0.10;0.07;100.00;0.00;100.00;100.00;0.00;0.00;36.72;90.00;45.52;81.36;35.40;85.33;36.36
2018;08;18;04;00;-19.96;76.00;997.50;0.20;0.14;100.00;0.00;100.00;100.00;0.00;0.00;37.45;88.90;45.16;81.29;36.62;83.22;36.72
2018;08;18;05;00;-19.56;76.00;997.50;0.20;0.14;100.00;0.00;100.00;100.00;0.00;0.00;37.83;87.82;46.58;81.56;37.33;83.35;36.72
2018;08;18;06;00;-19.21;77.00;997.90;0.20;0.14;100.00;1.00;100.00;100.00;0.00;0.00;37.47;87.80;46.53;82.00;36.58;83.78;36.72
2018;08;18;07;00;-18.77;77.00;998.00;0.10;0.07;100.00;3.00;100.00;100.00;0.00;0.00;37.11;87.78;46.53;82.00;36.50;84.91;34.56
2018;08;18;08;00;-18.37;76.00;998.40;0.10;0.07;100.00;19.00;100.00;100.00;0.00;0.00;36.75;87.75;46.58;81.56;36.18;84.29;34.56
2018;08;18;09;00;-18.17;76.00;998.70;0.10;0.07;100.00;18.00;100.00;100.00;0.00;4.45;36.39;87.73;46.28;81.05;36.18;84.29;32.76
2018;08;18;10;00;-17.67;77.00;998.60;0.10;0.07;100.00;20.00;100.00;100.00;0.00;53.40;36.40;87.17;45.34;79.94;36.30;82.59;33.48
2018;08;18;11;00;-16.99;77.00;999.10;0.10;0.07;100.00;21.00;100.00;100.00;0.00;102.35;36.09;86.00;44.34;79.24;36.76;81.55;33.48
2018;08;18;12;00;-16.32;78.00;998.50;0.10;0.07;100.00;22.00;100.00;100.00;0.00;130.83;35.40;85.33;42.57;78.79;35.75;80.73;32.76
2018;08;18;13;00;-15.80;79.00;998.10;0.10;0.07;100.00;24.00;100.00;100.00;0.00;138.84;35.07;84.70;42.57;78.79;36.10;80.82;32.40
2018;08;18;14;00;-15.54;80.00;998.00;0.10;0.07;100.00;26.00;100.00;100.00;0.00;123.71;35.71;86.53;41.09;81.94;35.86;83.66;32.40
2018;08;18;15;00;-15.62;80.00;998.10;0.10;0.07;100.00;29.00;100.00;100.00;0.00;89.89;36.73;88.88;42.60;85.64;37.12;87.22;32.76
2018;08;18;16;00;-16.13;78.00;998.90;0.10;0.07;100.00;31.00;100.00;100.00;0.00;36.49;38.17;91.08;44.65;88.61;38.52;90.00;34.56
2018;08;18;17;00;-16.86;76.00;999.60;0.10;0.07;100.00;32.00;100.00;100.00;0.00;0.00;40.04;93.61;48.61;90.85;40.72;92.53;35.28
2018;08;18;18;00;-17.63;75.00;1000.00;0.10;0.07;100.00;34.00;100.00;100.00;0.00;0.00;40.99;97.06;52.26;92.76;41.23;95.51;36.72
2018;08;18;19;00;-20.87;67.00;1002.20;0.00;0.00;100.00;88.00;100.00;100.00;0.00;0.00;48.37;104.66;65.38;94.74;46.64;98.88;43.20
2018;08;18;20;00;-20.23;68.00;1001.00;0.00;0.00;100.00;100.00;100.00;100.00;0.00;0.00;49.16;104.85;64.34;95.14;46.34;99.39;44.64
2018;08;18;21;00;-19.31;66.00;999.70;0.00;0.00;100.00;89.00;100.00;100.00;0.00;0.00;50.47;104.04;65.16;96.03;49.43;100.49;47.52
2018;08;18;22;00;-18.58;62.00;998.90;0.00;0.00;100.00;88.00;100.00;100.00;0.00;0.00;52.30;103.94;65.28;96.97;48.50;101.56;49.32
2018;08;18;23;00;-17.60;56.00;997.10;0.00;0.00;100.00;100.00;100.00;100.00;0.00;0.00;55.22;102.04;66.59;95.90;52.14;99.14;54.00
2018;08;19;00;00;-17.27;59.00;996.00;0.00;0.00;100.00;100.00;100.00;100.00;0.00;0.00;58.39;101.38;67.43;96.75;54.17;98.02;59.04
2018;08;19;01;00;-17.07;61.00;995.00;0.00;0.00;100.00;100.00;100.00;100.00;0.00;0.00;62.13;101.70;75.25;97.98;59.60;100.09;63.72
2018;08;19;02;00;-17.41;63.00;994.20;0.00;0.00;100.00;99.00;100.00;100.00;0.00;0.00;68.36;100.01;81.94;96.81;67.97;97.92;69.84
2018;08;19;03;00;-17.82;61.00;993.10;0.00;0.00;100.00;100.00;100.00;100.00;0.00;0.00;73.47;98.17;91.10;95.21;72.52;96.84;72.72
2018;08;19;04;00;-17.76;58.00;991.90;0.00;0.00;100.00;95.00;100.00;100.00;0.00;0.00;77.17;96.43;91.75;94.73;74.58;96.10;79.56
2018;08;19;05;00;-17.49;59.00;991.00;0.00;0.00;100.00;94.00;100.00;100.00;0.00;0.00;79.11;94.70;93.78;93.52;77.34;95.07;77.04
2018;08;19;06;00;-17.49;59.00;990.80;0.00;0.00;100.00;83.00;100.00;100.00;0.00;0.00;79.74;93.88;90.86;93.18;75.82;94.36;74.16
2018;08;19;07;00;-17.22;61.00;990.70;0.00;0.00;100.00;89.00;100.00;100.00;0.00;0.00;78.58;92.89;86.98;94.03;75.10;94.40;72.72
2018;08;19;08;00;-17.20;63.00;990.70;0.00;0.00;100.00;92.00;100.00;100.00;0.00;0.00;78.19;92.37;84.85;94.38;73.28;94.23;73.44
2018;08;19;09;00;-16.78;66.00;990.20;0.00;0.00;100.00;100.00;100.00;100.00;0.00;5.34;77.07;91.61;84.05;93.68;72.18;94.00;74.16
2018;08;19;10;00;-16.41;67.00;990.00;0.00;0.00;100.00;100.00;100.00;100.00;0.00;55.18;75.99;91.63;83.65;93.21;70.69;93.50;71.28
2018;08;19;11;00;-16.01;68.00;989.60;0.00;0.00;100.00;100.00;100.00;100.00;0.00;105.91;75.28;91.92;86.15;92.87;72.51;93.70;77.76
2018;08;19;12;00;-15.45;66.00;988.20;0.00;0.00;100.00;100.00;100.00;69.00;0.00;139.73;74.23;92.50;85.02;92.18;69.95;93.25;71.64
2018;08;19;13;00;-15.17;65.00;987.40;0.00;0.00;100.00;100.00;100.00;100.00;0.00;149.52;72.83;93.12;83.65;93.21;68.61;94.51;71.64
2018;08;19;14;00;-14.84;63.00;986.30;0.00;0.00;100.00;100.00;100.00;100.00;0.00;129.94;73.91;93.07;84.68;92.44;70.33;93.52;77.40
2018;08;19;15;00;-14.88;62.00;986.10;0.00;0.00;100.00;90.00;100.00;100.00;0.00;91.67;75.00;93.30;88.29;92.57;73.23;93.66;77.40
2018;08;19;16;00;-15.27;65.00;986.10;0.00;0.00;100.00;100.00;100.00;100.00;0.00;40.05;75.49;94.65;88.01;93.52;73.28;94.23;81.36
2018;08;19;17;00;-15.60;65.00;985.90;0.00;0.00;100.00;100.00;100.00;100.00;0.00;0.89;77.02;95.36;90.23;94.12;75.19;95.22;81.72
2018;08;19;18;00;-15.80;63.00;985.50;0.00;0.00;100.00;100.00;100.00;100.00;0.00;0.00;77.73;95.31;89.85;93.91;74.80;94.97;85.32
2018;08;19;19;00;-17.56;61.00;984.90;0.00;0.00;100.00;99.00;100.00;32.00;0.00;0.00;87.74;96.83;101.83;94.46;86.08;95.52;87.12
2018;08;19;20;00;-17.41;63.00;984.80;0.00;0.00;100.00;100.00;100.00;28.00;0.00;0.00;89.22;96.95;103.24;94.20;86.80;95.47;83.52
2018;08;19;21;00;-17.49;66.00;984.80;0.00;0.00;100.00;100.00;100.00;54.00;0.00;0.00;89.66;97.38;104.85;95.32;88.06;96.57;96.48
2018;08;19;22;00;-17.96;68.00;985.30;0.00;0.00;100.00;95.00;100.00;41.00;0.00;0.00;90.88;97.97;105.24;95.50;88.82;96.75;89.64
2018;08;19;23;00;-17.80;69.00;984.80;0.00;0.00;100.00;100.00;100.00;43.00;0.00;0.00;91.59;97.91;106.71;95.61;90.69;97.07;90.72
2018;08;20;00;00;-17.52;68.00;984.30;0.00;0.00;100.00;95.00;100.00;41.00;0.00;0.00;92.51;98.73;106.50;96.40;91.14;97.49;92.52
2018;08;20;01;00;-17.40;68.00;984.30;0.00;0.00;100.00;100.00;100.00;46.00;0.00;0.00;93.04;99.35;107.48;97.51;91.39;98.61;91.44
2018;08;20;02;00;-17.59;69.00;984.20;0.00;0.00;100.00;100.00;100.00;45.00;0.00;0.00;92.51;100.09;106.10;97.80;88.49;98.66;97.20
2018;08;20;03;00;-17.61;70.00;984.00;0.00;0.00;100.00;100.00;100.00;49.00;0.00;0.00;92.80;99.83;107.22;97.91;90.02;98.97;101.16
2018;08;20;04;00;-17.61;69.00;983.80;0.00;0.00;100.00;100.00;100.00;47.00;0.00;0.00;92.22;100.34;105.19;98.46;88.01;99.65;100.44
2018;08;20;05;00;-17.46;69.00;983.60;0.00;0.00;100.00;100.00;100.00;49.00;0.00;0.00;91.86;100.39;106.31;98.57;89.13;99.77;94.68
2018;08;20;06;00;-17.31;69.00;983.50;0.00;0.00;100.00;100.00;100.00;57.00;0.00;0.00;90.45;100.55;105.65;98.82;87.30;99.73;93.24
2018;08;20;07;00;-17.32;69.00;983.50;0.00;0.00;100.00;100.00;100.00;45.00;0.00;0.00;89.39;100.68;104.70;99.30;87.78;100.16;91.08
2018;08;20;08;00;-17.41;69.00;983.50;0.00;0.00;100.00;100.00;100.00;35.00;0.00;0.00;88.04;101.08;102.51;99.30;86.29;100.09;90.36
2018;08;20;09;00;-17.65;69.00;983.60;0.00;0.00;100.00;100.00;100.00;37.00;0.00;8.90;86.28;101.31;102.63;99.69;86.14;100.84;87.48
2018;08;20;10;00;-17.56;69.00;983.30;0.00;0.00;100.00;100.00;100.00;26.00;0.00;65.86;85.22;101.45;100.50;99.90;83.66;101.16;83.88
2018;08;20;11;00;-17.34;69.00;983.10;0.00;0.00;100.00;100.00;100.00;22.00;0.00;116.59;83.38;101.46;99.02;99.84;82.96;101.26;83.88
2018;08;20;12;00;-17.29;69.00;982.40;0.00;0.00;100.00;100.00;100.00;10.00;0.00;146.85;81.55;101.46;97.12;99.60;79.92;100.91;82.08
2018;08;20;13;00;-17.17;69.00;982.00;0.00;0.00;100.00;100.00;100.00;23.00;0.00;155.75;79.64;101.21;96.53;100.09;78.30;101.67;79.92
2018;08;20;14;00;-17.14;68.00;981.80;0.00;0.00;100.00;100.00;100.00;10.00;0.00;140.62;78.16;101.15;93.57;99.97;76.32;101.15;75.96
2018;08;20;15;00;-17.30;66.00;982.10;0.00;0.00;100.00;100.00;100.00;8.00;0.00;104.13;77.38;101.00;91.80;100.16;76.39;101.42;78.48
2018;08;20;16;00;-17.73;65.00;982.40;0.00;0.00;100.00;100.00;100.00;2.00;0.00;48.06;75.76;101.79;89.74;100.63;75.33;101.58;77.76
2018;08;20;17;00;-18.38;63.00;982.70;0.00;0.00;100.00;100.00;100.00;24.00;0.00;1.78;74.85;102.50;88.68;101.95;75.01;103.04;77.04
2018;08;20;18;00;-18.88;61.00;982.80;0.00;0.00;100.00;100.00;100.00;20.00;0.00;0.00;73.53;103.02;86.57;102.24;72.48;103.21;75.96
2018;08;20;19;00;-22.24;63.00;986.80;0.00;0.00;100.00;100.00;100.00;20.00;0.00;0.00;72.40;108.25;89.21;106.17;71.27;108.25;69.84
2018;08;20;20;00;-22.79;61.00;987.00;0.00;0.00;100.00;100.00;100.00;8.00;0.00;0.00;71.49;108.80;84.70;107.82;68.99;109.19;72.00
2018;08;20;21;00;-23.30;61.00;986.80;0.00;0.00;100.00;100.00;100.00;4.00;0.00;0.00;71.61;109.07;86.52;108.43;71.51;109.71;69.48
2018;08;20;22;00;-24.00;62.00;987.00;0.00;0.00;100.00;100.00;100.00;2.00;0.00;0.00;70.96;110.18;85.85;109.35;70.28;110.38;70.56
2018;08;20;23;00;-24.95;61.00;987.30;0.00;0.00;100.00;85.00;100.00;2.00;0.00;0.00;71.34;111.00;88.83;109.90;72.27;111.32;70.92
2018;08;21;00;00;-25.71;60.00;987.20;0.00;0.00;100.00;100.00;100.00;2.00;0.00;0.00;71.67;110.89;88.12;109.32;71.76;110.25;69.84
2018;08;21;01;00;-26.21;58.00;987.10;0.00;0.00;100.00;100.00;100.00;1.00;0.00;0.00;71.80;111.16;88.03;109.84;71.54;110.62;84.24
2018;08;21;02;00;-26.57;55.00;986.90;0.00;0.00;100.00;98.00;100.00;0.00;0.00;0.00;71.80;111.16;84.78;110.90;70.07;110.76;66.24
2018;08;21;03;00;-26.83;54.00;986.20;0.00;0.00;100.00;100.00;100.00;0.00;0.00;0.00;72.14;111.06;82.89;111.66;71.76;110.25;65.16
2018;08;21;04;00;-27.10;54.00;985.60;0.00;0.00;100.00;100.00;100.00;0.00;0.00;0.00;72.60;111.22;78.56;112.92;71.51;109.71;65.16
2018;08;21;05;00;-27.16;55.00;984.90;0.00;0.00;100.00;100.00;100.00;0.00;0.00;0.00;71.93;111.43;77.14;115.13;72.43;110.06;69.84
2018;08;21;06;00;-27.25;57.00;984.40;0.00;0.00;100.00;95.00;100.00;0.00;0.00;0.00;72.40;111.59;76.80;116.44;71.54;110.62;65.16
2018;08;21;07;00;-27.32;57.00;983.80;0.00;0.00;100.00;88.00;100.00;0.00;0.00;0.00;72.27;111.32;77.76;116.68;71.80;111.16;69.84
2018;08;21;08;00;-27.19;56.00;983.30;0.00;0.00;100.00;69.00;100.00;0.00;0.00;0.00;70.87;110.83;77.32;114.78;69.73;110.87;65.88
2018;08;21;09;00;-27.38;56.00;983.10;0.00;0.00;100.00;49.00;100.00;0.00;0.00;13.35;69.94;110.49;80.60;113.70;70.87;110.83;74.88
2018;08;21;10;00;-27.00;59.00;982.50;0.00;0.00;100.00;14.00;100.00;0.00;0.00;80.99;69.91;109.55;79.09;112.48;69.57;109.65;65.88
2018;08;21;11;00;-26.06;61.00;981.10;0.00;0.00;100.00;14.00;100.00;2.00;0.00;138.84;68.20;109.10;76.02;112.56;67.21;110.38;70.56
2018;08;21;12;00;-24.96;62.00;979.60;0.00;0.00;100.00;16.00;100.00;6.00;0.00;171.77;64.66;108.84;71.67;112.44;63.33;110.29;67.68
2018;08;21;13;00;-24.11;63.00;978.20;0.00;0.00;100.00;16.00;100.00;4.00;0.00;179.78;61.93;108.65;69.46;111.91;61.05;110.36;75.24
2018;08;21;14;00;-23.67;63.00;977.80;0.00;0.00;100.00;17.00;100.00;7.00;0.00;161.98;59.31;108.76;65.99;111.10;58.07;109.56;75.60
2018;08;21;15;00;-23.66;63.00;977.70;0.00;0.00;100.00;20.00;100.00;19.00;0.00;120.15;58.06;108.43;66.28;110.01;57.95;109.22;74.16
2018;08;21;16;00;-24.20;63.00;978.00;0.00;0.00;100.00;25.00;100.00;18.00;0.00;57.85;57.49;109.00;66.72;109.22;57.15;109.12;56.88
2018;08;21;17;00;-24.71;62.00;978.10;0.00;0.00;100.00;23.00;100.00;41.00;0.00;3.56;57.04;108.78;67.86;109.20;58.63;108.99;62.64
2018;08;21;18;00;-24.92;61.00;977.80;0.00;0.00;100.00;26.00;100.00;78.00;0.00;0.00;56.70;108.90;67.40;108.05;58.63;107.88;55.08
2018;08;21;19;00;-27.79;55.00;980.20;0.00;0.00;100.00;0.00;100.00;100.00;0.00;0.00;62.84;109.06;75.52;106.62;61.59;108.75;52.20
2018;08;21;20;00;-28.15;60.00;981.10;0.00;0.00;100.00;0.00;100.00;100.00;0.00;0.00;62.16;108.23;75.27;104.97;62.17;107.18;54.72
2018;08;21;21;00;-28.13;64.00;981.30;0.00;0.00;100.00;0.00;100.00;100.00;0.00;0.00;60.80;107.58;75.01;103.04;62.26;105.08;54.72
2018;08;21;22;00;-28.45;65.00;982.20;0.00;0.00;100.00;0.00;100.00;100.00;0.00;0.00;60.83;106.50;73.36;101.03;62.36;102.67;52.56
2018;08;21;23;00;-28.56;64.00;982.40;0.00;0.00;100.00;0.00;100.00;100.00;0.00;0.00;60.72;106.18;72.58;100.86;62.71;102.60;52.56
2018;08;22;00;00;-28.34;64.00;982.40;0.00;0.00;100.00;0.00;100.00;100.00;0.00;0.00;59.93;106.04;69.42;99.85;60.65;101.64;50.40
2018;08;22;01;00;-28.07;66.00;982.20;0.00;0.00;100.00;1.00;100.00;100.00;0.00;0.00;58.52;107.54;66.44;101.25;58.26;102.49;49.68
2018;08;22;02;00;-27.44;65.00;981.70;0.00;0.00;100.00;4.00;100.00;100.00;0.00;0.00;56.93;107.29;63.69;98.45;55.75;98.91;47.16
2018;08;22;03;00;-26.71;66.00;981.40;0.00;0.00;100.00;15.00;100.00;100.00;0.00;0.00;56.38;106.70;63.23;97.85;55.95;97.77;46.44
2018;08;22;04;00;-26.42;67.00;981.40;0.00;0.00;100.00;17.00;100.00;100.00;0.00;0.00;56.48;107.05;63.75;98.77;53.68;99.65;47.16
2018;08;22;05;00;-26.59;66.00;981.90;0.00;0.00;100.00;18.00;100.00;100.00;0.00;0.00;55.67;108.08;65.73;101.37;51.35;102.96;48.60
2018;08;22;06;00;-26.75;67.00;982.20;0.00;0.00;100.00;19.00;100.00;100.00;0.00;0.00;55.56;108.90;65.95;100.70;49.16;103.12;48.24
2018;08;22;07;00;-26.82;70.00;982.50;0.00;0.00;100.00;18.00;100.00;100.00;0.00;0.00;54.88;109.15;67.11;99.26;47.45;101.82;47.16
2018;08;22;08;00;-27.25;70.00;983.10;0.00;0.00;100.00;18.00;100.00;100.00;0.00;0.00;54.66;109.63;68.37;98.17;46.76;99.75;47.52
2018;08;22;09;00;-27.75;68.00;984.00;0.00;0.00;100.00;18.00;100.00;100.00;0.00;15.13;54.56;110.47;69.42;99.85;47.30;100.97;46.44
2018;08;22;10;00;-27.09;65.00;983.70;0.00;0.00;100.00;17.00;100.00;100.00;0.00;76.54;54.10;110.24;65.22;98.89;44.81;98.78;46.44
2018;08;22;11;00;-26.05;63.00;983.10;0.00;0.00;100.00;18.00;100.00;100.00;0.00;130.83;52.84;109.92;61.08;100.18;44.09;98.92;45.00
2018;08;22;12;00;-24.99;61.00;982.60;0.00;0.00;100.00;15.00;100.00;100.00;0.00;166.43;52.08;111.07;58.18;100.34;43.44;99.54;43.20
2018;08;22;13;00;-24.29;60.00;982.30;0.00;0.00;100.00;15.00;100.00;100.00;0.00;175.33;51.95;112.83;57.02;103.51;45.14;103.37;41.76
2018;08;22;14;00;-24.65;60.00;982.70;0.00;0.00;100.00;15.00;100.00;100.00;0.00;160.20;50.57;115.29;52.82;108.68;44.76;106.83;39.60
2018;08;22;15;00;-25.39;61.00;983.70;0.00;0.00;100.00;15.00;100.00;100.00;0.00;121.04;49.75;117.12;54.62;111.66;45.21;110.02;38.52
2018;08;22;16;00;-26.95;60.00;985.10;0.00;0.00;100.00;15.00;100.00;100.00;0.00;61.41;49.93;118.41;56.42;111.33;47.03;109.68;38.16
2018;08;22;17;00;-28.44;58.00;986.60;0.00;0.00;97.00;16.00;67.00;97.00;0.00;5.34;49.62;118.61;61.27;109.93;47.37;109.54;39.24
2018;08;22;18;00;-30.78;55.00;988.60;0.00;0.00;39.00;15.00;23.00;39.00;0.00;0.00;49.83;119.90;63.53;108.85;45.89;109.71;39.96
2018;08;22;19;00;-24.72;58.00;981.40;0.00;0.00;100.00;77.00;100.00;14.00;0.00;0.00;45.26;111.46;52.94;109.05;48.04;107.89;38.16
2018;08;22;20;00;-25.65;57.00;982.60;0.00;0.00;98.00;79.00;98.00;22.00;0.00;0.00;45.86;112.14;53.64;110.02;47.93;108.84;40.32
2018;08;22;21;00;-26.54;57.00;983.80;0.00;0.00;99.00;91.00;99.00;28.00;0.00;0.00;46.86;111.64;55.56;108.90;49.64;108.17;42.12
2018;08;22;22;00;-27.42;57.00;984.70;0.00;0.00;100.00;100.00;100.00;38.00;0.00;0.00;47.80;112.12;56.35;109.01;49.18;109.23;42.84
2018;08;22;23;00;-28.43;59.00;985.40;0.00;0.00;100.00;100.00;100.00;47.00;0.00;0.00;49.02;113.36;58.19;109.89;50.81;110.75;44.28
2018;08;23;00;00;-29.65;61.00;986.60;0.00;0.00;100.00;100.00;100.00;58.00;0.00;0.00;50.74;114.75;60.04;110.72;52.55;111.29;45.36
2018;08;23;01;00;-30.69;60.00;987.80;0.00;0.00;96.00;100.00;96.00;81.00;0.00;0.00;52.18;115.33;62.71;111.56;54.55;112.50;46.44
2018;08;23;02;00;-31.40;59.00;988.60;0.00;0.00;100.00;100.00;100.00;81.00;0.00;0.00;53.29;116.05;62.97;112.17;54.69;112.85;46.08
2018;08;23;03;00;-31.84;59.00;988.80;0.00;0.00;95.00;100.00;95.00;70.00;0.00;0.00;53.94;115.71;63.64;111.92;55.16;113.05;47.16
2018;08;23;04;00;-32.39;58.00;989.50;0.00;0.00;95.00;100.00;95.00;50.00;0.00;0.00;54.58;116.23;62.64;112.29;54.03;113.15;48.60
2018;08;23;05;00;-33.20;56.00;990.20;0.00;0.00;91.00;100.00;91.00;40.00;0.00;0.00;54.91;117.74;63.29;115.25;54.42;115.89;48.24
2018;08;23;06;00;-34.25;55.00;991.30;0.00;0.00;100.00;98.00;100.00;37.00;0.00;0.00;54.65;119.60;61.35;117.62;52.18;117.98;47.88
2018;08;23;07;00;-35.16;55.00;992.60;0.00;0.00;99.00;97.00;99.00;34.00;0.00;0.00;54.08;120.83;60.42;118.86;49.13;118.44;48.24
2018;08;23;08;00;-35.81;57.00;993.40;0.00;0.00;100.00;95.00;100.00;33.00;0.00;0.00;53.35;121.76;56.05;118.38;46.85;116.96;48.24
2018;08;23;09;00;-35.82;59.00;993.90;0.00;0.00;100.00;94.00;100.00;33.00;0.00;20.47;52.36;121.50;51.85;117.28;46.05;115.96;47.88
2018;08;23;10;00;-35.77;60.00;993.90;0.00;0.00;97.00;91.00;97.00;34.00;0.00;93.45;51.56;121.58;50.88;116.93;43.31;116.14;48.24
2018;08;23;11;00;-35.58;61.00;994.10;0.00;0.00;85.00;83.00;85.00;34.00;5.74;153.08;51.37;121.24;51.52;116.57;43.95;116.77;47.16
2018;08;23;12;00;-35.20;61.00;994.00;0.00;0.00;66.00;77.00;66.00;34.00;17.87;188.68;50.57;121.31;50.23;116.38;42.34;116.78;46.44
2018;08;23;13;00;-35.09;60.00;994.20;0.00;0.00;34.00;73.00;17.00;34.00;38.30;198.47;50.26;121.53;52.16;116.21;42.99;117.42;45.72
2018;08;23;14;00;-35.18;60.00;994.20;0.00;0.00;34.00;72.00;16.00;34.00;38.30;180.67;50.33;122.44;53.61;116.74;43.16;117.85;46.08
2018;08;23;15;00;-35.55;62.00;994.80;0.00;0.00;34.00;73.00;20.00;34.00;38.30;137.06;51.22;123.24;56.51;116.08;46.23;118.36;44.28
2018;08;23;16;00;-37.13;63.00;996.70;0.00;0.00;36.00;76.00;22.00;36.00;37.02;71.20;51.62;123.91;57.77;112.73;45.89;117.57;44.28
2018;08;23;17;00;-38.65;60.00;998.40;0.00;0.00;37.00;74.00;17.00;37.00;22.39;7.12;53.42;124.01;60.98;112.93;48.01;118.68;45.00
2018;08;23;18;00;-39.80;57.00;999.90;0.00;0.00;36.00;23.00;32.00;36.00;0.00;0.00;53.82;124.65;60.09;114.42;45.77;119.19;45.00
2018;08;23;19;00;-35.95;58.00;997.90;0.00;0.00;39.00;20.00;31.00;39.00;0.00;0.00;54.26;117.25;60.68;108.33;49.52;107.78;49.68
2018;08;23;20;00;-36.56;58.00;999.00;0.00;0.00;45.00;17.00;33.00;45.00;0.00;0.00;49.60;117.68;48.55;103.73;40.81;101.71;45.72
2018;08;23;21;00;-37.07;59.00;1000.10;0.00;0.00;50.00;16.00;23.00;50.00;0.00;0.00;48.99;119.01;50.37;99.46;40.96;100.12;46.44
2018;08;23;22;00;-37.72;58.00;1001.20;0.00;0.00;49.00;17.00;27.00;49.00;0.00;0.00;49.21;120.32;54.99;95.64;37.94;99.28;45.72
2018;08;23;23;00;-38.38;58.00;1002.00;0.00;0.00;51.00;17.00;34.00;51.00;0.00;0.00;49.08;120.89;61.86;95.68;39.68;101.51;43.56
2018;08;24;00;00;-39.09;56.00;1003.00;0.00;0.00;54.00;16.00;34.00;54.00;0.00;0.00;48.84;122.05;63.59;94.87;37.21;102.29;42.84
2018;08;24;01;00;-39.55;56.00;1003.90;0.00;0.00;52.00;15.00;34.00;52.00;0.00;0.00;45.83;122.82;60.59;93.41;33.00;103.88;41.04
2018;08;24;02;00;-39.77;59.00;1004.70;0.00;0.00;51.00;12.00;32.00;51.00;0.00;0.00;45.03;122.93;60.53;92.39;30.47;104.36;40.68
2018;08;24;03;00;-40.09;61.00;1005.50;0.00;0.00;49.00;6.00;30.00;49.00;0.00;0.00;44.45;125.11;64.64;94.47;32.76;112.62;39.24
2018;08;24;04;00;-41.44;59.00;1007.10;0.00;0.00;47.00;3.00;27.00;47.00;0.00;0.00;45.29;126.60;61.38;94.37;31.91;113.96;39.24
2018;08;24;05;00;-42.93;55.00;1008.70;0.00;0.00;46.00;7.00;26.00;46.00;0.00;0.00;46.23;127.41;58.25;95.68;33.67;114.65;40.68
2018;08;24;06;00;-43.23;54.00;1009.30;0.00;0.00;42.00;9.00;23.00;42.00;0.00;0.00;46.67;128.11;53.43;94.25;31.29;113.03;39.60
2018;08;24;07;00;-43.30;56.00;1010.00;0.00;0.00;38.00;8.00;21.00;38.00;0.00;0.00;47.68;128.25;55.34;95.60;34.98;113.66;38.88
2018;08;24;08;00;-43.57;56.00;1010.60;0.00;0.00;37.00;8.00;19.00;37.00;0.79;0.00;48.47;128.06;54.99;95.64;34.37;112.80;39.24
2018;08;24;09;00;-43.39;56.00;1011.20;0.00;0.00;37.00;3.00;16.00;37.00;36.38;25.81;48.60;126.87;57.17;95.78;37.91;112.91;39.60
2018;08;24;10;00;-42.06;57.00;1010.60;0.00;0.00;27.00;1.00;3.00;27.00;42.77;100.57;49.10;126.95;57.40;101.94;40.13;113.81;39.96
2018;08;24;11;00;-40.08;57.00;1009.10;0.00;0.00;5.00;0.00;0.00;5.00;56.81;159.31;48.55;125.34;54.86;102.12;41.32;112.54;40.32
2018;08;24;12;00;-38.39;55.00;1007.40;0.00;0.00;5.00;0.00;0.00;5.00;56.81;190.46;46.93;124.06;49.84;98.31;37.92;109.98;38.88
2018;08;24;13;00;-37.15;53.00;1006.30;0.00;0.00;1.00;0.00;0.00;1.00;59.36;200.25;46.23;123.57;49.90;98.71;40.08;109.41;38.52
2018;08;24;14;00;-36.95;52.00;1006.10;0.00;0.00;1.00;0.00;0.00;1.00;59.36;181.56;45.73;123.44;47.82;99.53;37.91;108.26;37.80
2018;08;24;15;00;-37.94;57.00;1007.30;0.00;0.00;0.00;0.00;0.00;0.00;60.00;137.95;45.93;123.81;49.95;99.12;38.60;109.62;37.80
2018;08;24;16;00;-39.36;58.00;1008.60;0.00;0.00;0.00;0.00;0.00;0.00;60.00;71.20;47.33;123.21;51.37;98.87;38.14;109.29;38.16
2018;08;24;17;00;-40.95;56.00;1010.20;0.00;0.00;0.00;0.00;0.00;0.00;40.37;8.01;48.63;123.22;56.27;101.81;41.05;111.61;39.24
2018;08;24;18;00;-41.91;55.00;1011.00;0.00;0.00;0.00;0.00;0.00;0.00;0.00;0.00;49.73;122.88;58.89;102.00;38.51;110.81;39.96
2018;08;24;19;00;-41.40;54.00;1012.00;0.00;0.00;26.00;10.00;5.00;26.00;0.00;0.00;46.93;124.06;51.32;98.47;35.07;107.32;36.36
2018;08;24;20;00;-42.29;53.00;1012.90;0.00;0.00;5.00;11.00;5.00;3.00;0.00;0.00;48.23;124.05;50.98;95.27;33.88;104.77;36.72
2018;08;24;21;00;-42.79;54.00;1013.50;0.00;0.00;6.00;10.00;6.00;1.00;0.00;0.00;49.52;124.04;48.94;96.76;38.18;105.87;36.72
2018;08;24;22;00;-43.05;54.00;1014.10;0.00;0.00;4.00;10.00;4.00;2.00;0.00;0.00;50.12;123.58;47.05;99.25;37.81;103.77;36.72
2018;08;24;23;00;-43.11;55.00;1014.00;0.00;0.00;4.00;4.00;4.00;2.00;0.00;0.00;49.82;123.80;51.08;103.45;40.55;106.50;36.72
2018;08;25;00;00;-43.01;54.00;1013.80;0.00;0.00;2.00;2.00;2.00;1.00;0.00;0.00;50.02;124.15;54.03;99.59;38.18;105.87;37.08
2018;08;25;01;00;-43.03;53.00;1013.80;0.00;0.00;0.00;0.00;0.00;0.00;0.00;0.00;49.13;123.34;58.65;98.83;39.52;106.95;38.16
2018;08;25;02;00;-43.16;52.00;1014.20;0.00;0.00;0.00;0.00;0.00;0.00;0.00;0.00;48.33;123.45;58.25;95.68;37.04;105.79;37.80
2018;08;25;03;00;-43.01;51.00;1013.80;0.00;0.00;0.00;0.00;0.00;0.00;0.00;0.00;48.33;123.45;62.55;95.28;39.07;106.60;38.88
2018;08;25;04;00;-42.93;52.00;1013.80;0.00;0.00;0.00;0.00;0.00;0.00;0.00;0.00;47.83;123.33;59.64;95.19;36.15;105.00;36.72
2018;08;25;05;00;-43.09;52.00;1014.10;0.00;0.00;0.00;0.00;0.00;0.00;0.00;0.00;47.23;123.81;62.48;94.63;37.23;108.61;36.72
2018;08;25;06;00;-42.33;47.00;1013.50;0.00;0.00;0.00;0.00;0.00;0.00;0.00;0.00;47.33;123.21;60.69;94.76;34.49;108.25;36.72
2018;08;25;07;00;-42.08;45.00;1013.50;0.00;0.00;0.00;0.00;0.00;0.00;0.00;0.00;47.33;123.21;56.93;96.90;37.25;110.36;36.72
2018;08;25;08;00;-42.18;45.00;1013.30;0.00;0.00;0.00;0.00;0.00;0.00;5.27;0.00;47.63;122.97;56.22;96.99;34.73;109.37;36.36
2018;08;25;09;00;-41.88;45.00;1013.30;0.00;0.00;0.00;0.00;0.00;0.00;60.00;27.59;47.44;122.60;57.89;95.71;35.90;111.16;36.72
2018;08;25;10;00;-40.73;46.00;1012.60;0.00;0.00;0.00;0.00;0.00;0.00;60.00;101.46;44.84;122.54;52.71;94.31;30.85;109.07;35.64
2018;08;25;11;00;-39.34;48.00;1011.20;0.00;0.00;0.00;0.00;0.00;0.00;60.00;161.98;43.35;122.11;50.86;93.65;31.88;108.43;35.28
2018;08;25;12;00;-37.93;50.00;1010.10;0.00;0.00;0.00;0.00;0.00;0.00;60.00;197.58;41.37;121.48;46.51;93.11;28.59;106.84;33.84
2018;08;25;13;00;-37.06;51.00;1008.80;0.00;0.00;0.00;0.00;0.00;0.00;60.00;206.48;40.57;121.57;47.30;94.37;30.28;108.00;32.76
2018;08;25;14;00;-36.57;52.00;1008.10;0.00;0.00;0.00;0.00;0.00;0.00;60.00;188.68;40.69;120.88;48.07;95.16;30.66;105.67;32.76
2018;08;25;15;00;-36.36;51.00;1007.30;0.00;0.00;0.00;0.00;0.00;0.00;60.00;144.18;42.91;120.22;57.57;96.10;36.79;106.48;33.84
2018;08;25;16;00;-37.34;51.00;1007.80;0.00;0.00;0.00;0.00;0.00;0.00;60.00;77.43;42.79;120.88;61.47;95.38;34.76;105.62;34.56
2018;08;25;17;00;-39.29;51.00;1009.40;0.00;0.00;1.50;5.00;0.00;0.00;43.10;10.68;41.75;122.32;58.32;96.38;33.14;107.06;34.20
2018;08;25;18;00;-40.80;50.00;1010.40;0.00;0.00;2.70;9.00;0.00;0.00;0.00;0.00;43.24;122.76;56.05;98.49;32.24;106.21;33.84
2018;08;25;19;00;-42.32;49.00;1010.70;0.00;0.00;0.00;0.00;0.00;0.00;0.00;0.00;50.07;121.18;61.64;101.11;41.44;108.75;39.60
2018;08;25;20;00;-43.39;49.00;1011.30;0.00;0.00;0.00;0.00;0.00;0.00;0.00;0.00;52.74;122.17;61.39;103.22;43.19;111.00;44.64
2018;08;25;21;00;-44.14;49.00;1011.60;0.00;0.00;0.00;0.00;0.00;0.00;0.00;0.00;54.42;122.85;63.10;106.57;46.28;113.37;46.44
2018;08;25;22;00;-44.73;49.00;1011.90;0.00;0.00;0.00;0.00;0.00;0.00;0.00;0.00;55.42;124.41;64.32;107.93;44.30;114.48;48.60
2018;08;25;23;00;-44.90;49.00;1011.00;0.00;0.00;2.40;8.00;0.00;0.00;0.00;0.00;57.51;124.29;69.79;108.34;49.27;116.00;50.40
2018;08;26;00;00;-45.06;49.00;1010.10;0.00;0.00;2.40;8.00;0.00;0.00;0.00;0.00;57.61;123.79;69.80;107.41;47.56;113.65;50.40
2018;08;26;01;00;-45.15;49.00;1009.20;0.00;0.00;2.70;9.00;0.00;0.00;0.00;0.00;58.12;122.61;71.07;106.78;48.55;113.14;50.40
2018;08;26;02;00;-45.32;48.00;1008.30;0.00;0.00;1.20;4.00;0.00;0.00;0.00;0.00;59.34;121.86;69.83;106.47;47.00;112.05;48.24
2018;08;26;03;00;-45.67;48.00;1007.50;0.00;0.00;3.00;10.00;0.00;0.00;0.00;0.00;61.13;122.01;72.63;107.90;53.23;113.10;50.40
2018;08;26;04;00;-45.45;47.00;1006.10;0.00;0.00;2.70;9.00;0.00;0.00;0.00;0.00;62.79;120.68;77.17;101.57;54.02;111.09;51.12
2018;08;26;05;00;-44.58;48.00;1004.20;0.00;0.00;1.20;4.00;0.00;0.00;0.00;0.00;63.68;119.46;85.36;101.93;58.23;111.01;54.00
2018;08;26;06;00;-44.11;49.00;1002.90;0.00;0.00;2.70;9.00;0.00;0.00;0.00;0.00;64.97;119.55;89.86;105.09;57.09;111.06;55.44
2018;08;26;07;00;-43.89;49.00;1001.90;0.00;0.00;2.70;9.00;0.00;0.00;0.00;0.00;66.72;119.05;92.97;106.19;58.57;110.89;56.88
2018;08;26;08;00;-43.63;48.00;1001.00;0.00;0.00;3.00;10.00;0.00;0.00;8.95;0.00;68.64;118.85;91.66;107.37;54.82;111.17;56.52
2018;08;26;09;00;-42.44;49.00;999.20;0.00;0.00;9.00;10.00;9.00;0.00;54.26;37.38;72.62;117.45;86.21;110.02;61.57;111.61;57.96
2018;08;26;10;00;-41.00;51.00;997.40;0.00;0.00;14.00;19.00;14.00;0.00;51.06;116.59;72.94;117.32;81.45;110.44;59.58;110.52;57.60
2018;08;26;11;00;-39.66;53.00;995.50;0.00;0.00;30.00;27.00;30.00;0.00;40.85;178.00;72.95;117.96;81.76;111.71;61.04;112.18;56.16
2018;08;26;12;00;-37.11;48.00;992.70;0.00;0.00;40.00;28.00;40.00;0.00;34.47;213.60;72.98;118.59;75.82;112.91;60.10;111.80;55.80
2018;08;26;13;00;-35.34;47.00;990.60;0.00;0.00;100.00;25.00;100.00;0.00;0.00;221.61;72.00;118.36;72.37;113.76;61.37;112.05;55.80
2018;08;26;14;00;-34.54;48.00;989.40;0.00;0.00;100.00;24.00;100.00;0.00;0.00;202.03;71.51;118.24;70.25;114.20;60.90;111.86;55.80
2018;08;26;15;00;-35.10;50.00;990.10;0.00;0.00;100.00;25.00;100.00;0.00;0.00;156.64;71.23;119.03;75.21;115.22;64.52;112.99;56.16
2018;08;26;16;00;-35.63;51.00;990.60;0.00;0.00;100.00;28.00;100.00;0.00;0.00;89.00;71.76;119.78;79.23;115.28;65.19;112.74;57.24
2018;08;26;17;00;-36.11;51.00;991.30;0.00;0.00;100.00;28.00;100.00;0.00;0.00;16.02;70.77;119.56;79.76;114.25;66.85;112.15;57.96
2018;08;26;18;00;-36.53;49.00;992.20;0.00;0.00;100.00;26.00;100.00;0.00;0.00;0.00;68.59;120.60;74.31;113.71;61.64;112.67;56.52
2018;08;26;19;00;-40.73;47.00;996.80;0.00;0.00;100.00;35.00;100.00;0.00;0.00;0.00;64.00;124.23;71.73;107.53;54.30;108.56;52.92
2018;08;26;20;00;-40.60;49.00;997.40;0.00;0.00;100.00;97.00;100.00;0.00;0.00;0.00;62.71;123.05;67.10;106.20;54.25;105.79;51.12
2018;08;26;21;00;-40.53;48.00;997.80;0.00;0.00;93.00;74.00;93.00;0.00;0.00;0.00;61.21;122.76;67.10;106.20;55.14;106.31;48.60
2018;08;26;22;00;-40.46;47.00;998.20;0.00;0.00;100.00;88.00;100.00;0.00;0.00;0.00;58.62;122.71;61.94;107.59;53.97;107.47;46.08
2018;08;26;23;00;-40.60;50.00;998.60;0.00;0.00;100.00;87.00;100.00;0.00;0.00;0.00;54.23;122.53;56.72;106.59;48.76;106.29;42.48
2018;08;27;00;00;-40.95;52.00;999.10;0.00;0.00;100.00;100.00;100.00;0.00;0.00;0.00;50.33;122.44;49.95;103.34;42.61;103.68;38.88
2018;08;27;01;00;-40.58;53.00;999.30;0.00;0.00;99.00;81.00;99.00;0.00;0.00;0.00;48.28;120.96;50.25;98.65;42.02;102.37;37.44
2018;08;27;02;00;-39.81;53.00;998.80;0.00;0.00;94.00;0.00;94.00;0.00;0.00;0.00;46.75;119.53;47.00;95.27;37.94;99.28;35.64
2018;08;27;03;00;-40.12;56.00;999.20;0.00;0.00;54.00;0.00;54.00;0.00;0.00;0.00;45.91;118.57;52.77;95.09;39.68;101.51;36.00
2018;08;27;04;00;-42.01;57.00;1001.00;0.00;0.00;0.00;0.00;0.00;0.00;0.00;0.00;43.67;119.10;49.34;88.33;34.60;102.01;33.48
2018;08;27;05;00;-43.16;55.00;1002.40;0.00;0.00;0.00;0.00;0.00;0.00;0.00;0.00;45.63;119.80;56.20;87.80;39.17;107.10;35.28
2018;08;27;06;00;-44.08;54.00;1003.30;0.00;0.00;0.00;0.00;0.00;0.00;0.00;0.00;46.44;119.74;56.42;84.51;37.73;105.49;36.00
2018;08;27;07;00;-44.73;52.00;1004.30;0.00;0.00;0.00;0.00;0.00;0.00;0.00;0.00;47.24;119.69;60.30;85.55;39.31;105.95;36.72
2018;08;27;08;00;-45.32;50.00;1005.20;0.00;0.00;0.00;0.00;0.00;0.00;13.21;0.00;46.80;120.51;59.56;85.84;33.88;104.77;37.08
2018;08;27;09;00;-45.30;50.00;1005.70;0.00;0.00;0.00;0.00;0.00;0.00;60.00;40.05;46.37;121.35;59.42;88.61;35.07;107.32;37.44
2018;08;27;10;00;-44.23;51.00;1005.50;0.00;0.00;0.00;0.00;0.00;0.00;60.00;118.37;46.37;121.35;53.64;89.62;35.02;104.89;37.80
2018;08;27;11;00;-42.73;54.00;1004.40;0.00;0.00;0.00;0.00;0.00;0.00;60.00;179.78;45.75;121.81;48.62;91.70;38.52;105.72;37.08
2018;08;27;12;00;-41.19;56.00;1002.90;0.00;0.00;0.00;0.00;0.00;0.00;60.00;216.27;46.94;122.47;48.50;95.96;39.16;108.77;38.52
2018;08;27;13;00;-39.98;57.00;1001.90;0.00;0.00;0.00;0.00;0.00;0.00;60.00;225.17;45.93;123.81;49.43;100.49;39.05;112.78;37.44
2018;08;27;14;00;-39.29;57.00;1001.70;0.00;0.00;0.00;0.00;0.00;0.00;60.00;206.48;45.66;125.70;48.90;103.63;37.87;114.13;37.80
2018;08;27;15;00;-39.40;56.00;1002.30;0.00;0.00;0.00;0.00;0.00;0.00;60.00;161.09;50.18;126.54;59.00;106.67;46.85;116.96;41.76
2018;08;27;16;00;-40.51;54.00;1004.00;0.00;0.00;0.00;0.00;0.00;0.00;60.00;92.56;53.14;127.57;64.32;108.94;47.03;118.33;44.28
2018;08;27;17;00;-42.36;51.00;1006.50;0.00;0.00;0.00;0.00;0.00;0.00;50.60;17.80;55.50;129.47;71.03;114.88;48.82;123.57;46.44
2018;08;27;18;00;-43.75;49.00;1008.80;0.00;0.00;0.00;0.00;0.00;0.00;0.00;0.00;57.48;130.17;73.64;118.95;45.95;125.43;47.88
2018;08;27;19;00;-44.72;51.00;1010.20;0.00;0.00;5.00;4.00;5.00;0.00;0.00;0.00;55.16;125.97;64.66;108.84;50.25;118.22;41.40
2018;08;27;20;00;-45.99;51.00;1011.90;0.00;0.00;51.00;15.00;51.00;0.00;0.00;0.00;54.74;125.36;62.17;103.39;48.14;116.18;41.04
2018;08;27;21;00;-45.95;53.00;1011.80;0.00;0.00;100.00;7.00;100.00;0.00;0.00;0.00;54.74;125.36;63.74;103.72;50.40;117.66;41.40
2018;08;27;22;00;-45.56;54.00;1011.60;0.00;0.00;100.00;15.00;100.00;0.00;0.00;0.00;49.43;124.62;51.55;100.05;39.15;114.44;39.24
2018;08;27;23;00;-44.56;56.00;1010.30;0.00;0.00;100.00;20.00;100.00;0.00;0.00;0.00;48.63;123.22;53.15;98.57;38.18;111.00;38.88
2018;08;28;00;00;-43.01;57.00;1008.20;0.00;0.00;100.00;45.00;100.00;0.00;0.00;0.00;47.42;120.07;53.88;95.37;34.58;104.47;38.16
2018;08;28;01;00;-41.35;59.00;1006.10;0.00;0.00;100.00;92.00;100.00;18.00;0.00;0.00;48.95;117.13;60.25;99.63;41.48;103.55;38.52
2018;08;28;02;00;-39.94;61.00;1004.10;0.00;0.00;100.00;100.00;100.00;100.00;0.00;0.00;50.71;116.57;64.82;100.56;41.39;105.12;41.76
2018;08;28;03;00;-37.98;53.00;1001.20;0.00;0.00;100.00;100.00;100.00;100.00;0.00;0.00;50.77;113.84;61.67;99.41;44.71;103.03;42.48
2018;08;28;04;00;-37.45;53.00;999.20;0.00;0.00;100.00;100.00;100.00;100.00;0.00;0.00;49.81;111.19;57.02;97.62;43.33;98.60;42.48
2018;08;28;05;00;-38.13;60.00;997.80;0.00;0.00;100.00;100.00;100.00;100.00;0.00;0.00;53.30;110.15;62.11;97.66;49.21;101.39;45.36
2018;08;28;06;00;-38.23;60.00;995.70;0.10;0.07;100.00;100.00;100.00;100.00;0.00;0.00;55.56;108.90;63.90;97.45;50.43;99.87;48.24
2018;08;28;07;00;-36.65;61.00;992.80;0.20;0.14;100.00;100.00;100.00;100.00;0.00;0.00;57.72;104.82;65.77;95.02;55.55;97.45;51.48
2018;08;28;08;00;-35.92;63.00;990.10;0.30;0.21;100.00;100.00;100.00;100.00;0.00;0.00;63.84;102.70;68.28;94.84;63.26;95.22;57.24
2018;08;28;09;00;-35.19;64.00;987.90;0.30;0.21;100.00;100.00;100.00;100.00;0.00;31.15;66.03;102.60;69.82;95.62;64.80;96.06;58.32
2018;08;28;10;00;-34.01;65.00;985.10;0.30;0.21;100.00;100.00;100.00;100.00;0.00;88.11;65.60;102.36;67.35;96.14;59.79;96.57;57.60
2018;08;28;11;00;-32.85;65.00;982.70;0.20;0.14;100.00;100.00;100.00;100.00;0.00;140.62;65.06;103.11;68.23;97.28;57.89;98.58;56.16
2018;08;28;12;00;-32.08;63.00;980.30;0.10;0.07;100.00;100.00;100.00;100.00;0.00;174.44;63.57;103.09;65.88;98.48;55.16;99.77;52.56
2018;08;28;13;00;-31.17;65.00;978.10;0.10;0.07;100.00;99.00;100.00;100.00;0.00;180.67;62.52;103.32;67.71;98.56;56.99;99.82;50.04
2018;08;28;14;00;-29.95;66.00;976.00;0.10;0.07;100.00;100.00;100.00;100.00;0.00;173.55;59.37;104.04;65.42;97.91;55.16;99.77;46.08
2018;08;28;15;00;-29.30;66.00;974.70;0.10;0.07;100.00;83.00;100.00;100.00;0.00;139.73;55.89;104.93;63.56;99.78;55.00;100.94;42.12
2018;08;28;16;00;-29.39;66.00;974.70;0.10;0.07;100.00;96.00;100.00;100.00;0.00;82.77;51.83;106.55;60.93;101.24;52.25;101.93;39.24
2018;08;28;17;00;-29.86;66.00;975.40;0.10;0.07;100.00;86.00;100.00;100.00;0.00;18.69;47.03;106.91;56.98;101.66;48.23;102.06;35.28
2018;08;28;18;00;-30.31;66.00;976.20;0.10;0.07;100.00;3.00;100.00;100.00;0.00;0.00;42.81;108.13;51.62;102.49;41.83;103.44;34.20
2018;08;28;19;00;-33.75;61.00;978.70;0.00;0.00;100.00;5.00;100.00;100.00;0.00;0.00;38.71;112.99;42.02;102.37;34.58;104.47;32.76
2018;08;28;20;00;-34.59;61.00;979.70;0.00;0.00;100.00;0.00;100.00;100.00;0.00;0.00;37.21;114.58;36.41;104.31;31.01;105.49;32.76
2018;08;28;21;00;-35.42;60.00;980.00;0.00;0.00;100.00;0.00;100.00;100.00;0.00;0.00;37.19;117.06;36.66;109.50;31.88;108.43;33.84
2018;08;28;22;00;-36.00;59.00;979.90;0.00;0.00;100.00;0.00;100.00;100.00;0.00;0.00;37.52;118.04;35.77;110.62;32.56;108.03;34.56
2018;08;28;23;00;-36.31;57.00;979.60;0.00;0.00;100.00;0.00;84.00;100.00;0.00;0.00;38.01;118.26;38.72;110.12;34.49;108.25;34.92
2018;08;29;00;00;-36.42;58.00;979.50;0.00;0.00;83.00;0.00;66.00;83.00;0.00;0.00;39.16;119.16;41.90;109.06;36.55;107.19;35.28
2018;08;29;01;00;-36.77;58.00;979.30;0.00;0.00;66.00;0.00;19.00;66.00;0.00;0.00;39.65;119.36;46.56;108.01;38.38;106.91;34.20
2018;08;29;02;00;-37.70;56.00;979.60;0.00;0.00;27.00;0.00;13.00;27.00;0.00;0.00;39.52;120.07;49.21;106.58;37.48;106.17;33.12
2018;08;29;03;00;-38.65;53.00;980.20;0.00;0.00;25.00;0.00;6.00;25.00;0.00;0.00;38.59;120.87;46.63;103.39;35.21;106.03;33.12
2018;08;29;04;00;-39.67;52.00;980.80;0.00;0.00;22.00;0.00;14.00;22.00;0.00;0.00;38.16;121.89;46.88;100.62;32.14;105.59;33.12
2018;08;29;05;00;-40.41;52.00;981.00;0.00;0.00;19.00;0.00;6.00;19.00;0.00;0.00;39.04;122.96;50.27;101.15;32.34;106.82;34.20
2018;08;29;06;00;-40.94;52.00;981.10;0.00;0.00;7.00;0.00;5.00;7.00;0.00;0.00;39.84;122.83;51.27;102.57;31.80;105.77;34.92
2018;08;29;07;00;-41.30;52.00;981.30;0.00;0.00;4.00;0.00;4.00;3.00;0.00;0.00;41.04;123.55;52.32;105.57;34.62;106.93;36.00
2018;08;29;08;00;-41.56;51.00;981.60;0.00;0.00;2.00;0.00;1.00;2.00;20.71;0.89;43.13;123.42;52.94;109.05;37.00;107.55;38.88
2018;08;29;09;00;-41.02;50.00;981.40;0.00;0.00;0.00;0.00;0.00;0.00;60.00;52.51;45.83;124.44;55.16;113.05;40.11;111.04;41.76
2018;08;29;10;00;-39.49;50.00;979.90;0.00;0.00;0.00;0.00;0.00;0.00;60.00;129.05;48.84;125.10;57.32;116.89;43.98;114.68;43.20
2018;08;29;11;00;-38.56;52.00;979.30;0.00;0.00;0.00;0.00;0.00;0.00;60.00;190.46;50.69;126.63;57.30;120.59;46.44;119.74;46.08
2018;08;29;12;00;-38.07;52.00;979.10;0.00;0.00;0.00;0.00;0.00;0.00;60.00;226.06;53.14;127.57;57.11;123.69;50.26;121.53;47.52
2018;08;29;13;00;-37.89;52.00;979.00;0.00;0.00;0.00;0.00;0.00;0.00;60.00;235.85;54.94;127.55;60.52;124.82;52.93;122.50;49.32
2018;08;29;14;00;-38.07;52.00;979.30;0.00;0.00;0.00;0.00;0.00;0.00;60.00;216.27;55.60;128.43;61.86;126.00;53.12;124.23;51.12
2018;08;29;15;00;-38.73;51.00;980.20;0.00;0.00;0.00;0.00;0.00;0.00;60.00;171.77;56.70;130.36;65.33;128.51;54.65;127.78;52.56
2018;08;29;16;00;-40.13;49.00;981.90;0.00;0.00;0.00;0.00;0.00;0.00;60.00;103.24;58.34;132.75;68.92;130.76;55.64;130.80;52.92
2018;08;29;17;00;-41.91;49.00;983.60;0.00;0.00;0.00;0.00;0.00;0.00;57.37;24.92;60.59;134.52;73.64;132.42;58.83;133.26;60.48
2018;08;29;18;00;-42.96;48.00;984.90;0.00;0.00;0.00;0.00;0.00;0.00;0.00;0.00;63.14;135.92;76.39;133.47;57.53;135.00;57.60
2018;08;29;19;00;-45.75;45.00;985.20;0.00;0.00;0.00;0.00;0.00;0.00;0.00;0.00;68.48;134.79;78.15;135.19;63.65;135.92;61.20
2018;08;29;20;00;-46.20;45.00;985.90;0.00;0.00;0.00;0.00;0.00;0.00;0.00;0.00;70.29;136.66;83.09;137.81;61.23;138.81;63.72
2018;08;29;21;00;-46.31;47.00;986.20;0.00;0.00;0.00;0.00;0.00;0.00;0.00;0.00;71.63;138.06;87.31;139.35;64.08;139.33;65.16
2018;08;29;22;00;-46.31;47.00;986.40;0.00;0.00;0.00;0.00;0.00;0.00;0.00;0.00;72.98;139.00;87.72;140.50;62.87;140.11;66.24
2018;08;29;23;00;-46.31;48.00;986.70;0.00;0.00;0.00;0.00;0.00;0.00;0.00;0.00;73.89;140.34;91.42;141.23;65.28;141.04;70.92
2018;08;30;00;00;-46.42;49.00;987.20;0.00;0.00;0.00;0.00;0.00;0.00;0.00;0.00;73.99;141.12;93.52;140.00;63.70;140.73;67.68
2018;08;30;01;00;-46.46;48.00;987.80;0.00;0.00;0.00;0.00;0.00;0.00;0.00;0.00;74.55;141.47;96.84;139.98;69.47;139.62;68.40
2018;08;30;02;00;-46.95;46.00;988.60;0.00;0.00;0.00;0.00;0.00;0.00;0.00;0.00;74.45;142.47;99.40;141.47;69.33;140.69;79.92
2018;08;30;03;00;-47.14;44.00;989.00;0.00;0.00;0.00;0.00;0.00;0.00;0.00;0.00;76.18;143.46;103.04;143.81;74.74;142.63;70.56
2018;08;30;04;00;-47.49;45.00;989.60;0.00;0.00;0.00;0.00;0.00;0.00;0.00;0.00;77.34;144.09;104.46;145.11;77.21;144.68;72.72
2018;08;30;05;00;-47.91;45.00;990.20;0.00;0.00;0.00;0.00;0.00;0.00;0.00;0.00;79.01;144.64;107.56;145.09;80.90;144.97;74.52
2018;08;30;06;00;-48.43;45.00;991.40;0.00;0.00;0.00;0.00;0.00;0.00;0.00;0.00;79.89;145.09;105.74;145.82;79.18;146.31;76.32
2018;08;30;07;00;-48.90;46.00;992.50;0.00;0.00;0.00;0.00;0.00;0.00;0.00;0.00;81.57;146.52;109.33;146.41;79.72;148.10;96.12
2018;08;30;08;00;-49.18;44.00;993.50;0.00;0.00;0.00;0.00;0.00;0.00;25.15;1.78;83.19;147.55;107.27;147.75;76.93;148.39;82.44
2018;08;30;09;00;-49.31;47.00;994.30;0.00;0.00;0.00;0.00;0.00;0.00;60.00;60.52;84.34;148.62;110.52;148.59;80.57;149.08;84.60
2018;08;30;10;00;-48.71;49.00;994.20;0.00;0.00;0.00;0.00;0.00;0.00;60.00;141.51;84.71;149.62;108.79;149.36;80.96;150.13;100.08
2018;08;30;11;00;-47.49;50.00;993.40;0.00;0.00;0.00;0.00;0.00;0.00;60.00;203.81;84.80;150.50;108.60;149.52;83.68;150.35;99.36
2018;08;30;12;00;-46.18;50.00;992.60;0.00;0.00;0.00;0.00;0.00;0.00;60.00;240.30;84.27;151.14;103.60;149.51;80.64;150.00;88.20
2018;08;30;13;00;-45.43;50.00;992.50;0.00;0.00;0.00;0.00;0.00;0.00;60.00;249.20;83.75;151.78;102.98;150.93;82.07;150.29;94.68
2018;08;30;14;00;-44.93;49.00;992.40;0.00;0.00;0.00;0.00;0.00;0.00;60.00;229.62;83.25;152.44;100.47;152.70;80.91;150.70;86.40
2018;08;30;15;00;-43.97;44.00;992.00;0.00;0.00;0.00;0.00;0.00;0.00;60.00;182.45;83.08;152.66;108.83;153.27;81.68;151.29;87.12
2018;08;30;16;00;-44.42;43.00;993.10;0.00;0.00;0.00;0.00;0.00;0.00;60.00;112.14;82.60;152.76;104.65;153.88;81.66;151.85;86.40
2018;08;30;17;00;-45.21;43.00;994.90;0.00;0.00;0.00;0.00;0.00;0.00;0.76;30.26;83.24;152.99;107.62;155.49;82.59;153.32;87.12
2018;08;30;18;00;-45.92;44.00;996.40;0.00;0.00;0.00;0.00;0.00;0.00;0.00;0.00;83.57;152.55;107.57;154.64;79.22;152.39;87.12
2018;08;30;19;00;-46.34;40.00;996.40;0.00;0.00;0.00;0.00;0.00;0.00;0.00;0.00;87.73;148.59;110.60;150.35;79.38;152.74;88.92
2018;08;30;20;00;-47.20;42.00;998.80;0.00;0.00;0.00;0.00;0.00;0.00;0.00;0.00;88.49;147.80;111.51;148.47;76.02;151.74;88.92
2018;08;30;21;00;-48.14;42.00;1001.30;0.00;0.00;0.00;0.00;0.00;0.00;0.00;0.00;88.37;146.63;112.15;147.59;77.17;149.13;87.84
2018;08;30;22;00;-48.68;42.00;1003.20;0.00;0.00;0.00;0.00;0.00;0.00;0.00;0.00;87.27;146.44;111.39;148.21;75.14;148.52;86.76
2018;08;30;23;00;-48.84;43.00;1004.90;0.00;0.00;0.00;0.00;0.00;0.00;0.00;0.00;86.07;145.91;113.07;147.88;78.99;147.47;85.68
2018;08;31;00;00;-48.95;44.00;1006.60;0.00;0.00;0.00;0.00;0.00;0.00;0.00;0.00;84.68;145.57;110.40;148.33;81.88;146.66;82.80
2018;08;31;01;00;-49.27;44.00;1008.30;0.00;0.00;0.00;0.00;0.00;0.00;0.00;0.00;83.97;145.83;112.74;148.85;84.79;147.66;84.96
2018;08;31;02;00;-50.06;43.00;1010.00;0.00;0.00;0.00;0.00;0.00;0.00;0.00;0.00;83.97;145.83;108.44;146.78;79.27;149.13;83.88
2018;08;31;03;00;-49.93;42.00;1010.60;0.00;0.00;0.00;0.00;0.00;0.00;0.00;0.00;82.68;145.83;108.46;147.47;77.38;150.45;88.56
2018;08;31;04;00;-49.11;43.00;1010.50;0.00;0.00;0.00;0.00;0.00;0.00;0.00;0.00;81.90;144.84;105.54;146.69;73.05;150.15;94.32
2018;08;31;05;00;-48.54;44.00;1010.50;0.00;0.00;0.00;0.00;0.00;0.00;0.00;0.00;82.08;143.38;105.97;144.96;77.70;147.49;83.88
2018;08;31;06;00;-48.55;44.00;1011.40;0.00;0.00;0.00;0.00;0.00;0.00;0.00;0.00;82.51;142.98;104.88;144.78;77.88;146.31;79.92
2018;08;31;07;00;-48.02;44.00;1011.20;0.00;0.00;0.00;0.00;0.00;0.00;0.00;0.00;82.03;141.77;108.00;143.13;78.85;143.91;78.84
2018;08;31;08;00;-38.95;45.00;1001.80;0.00;0.00;6.60;22.00;4.00;0.00;27.10;3.56;76.32;148.11;94.82;142.87;68.47;143.55;97.92
2018;08;31;09;00;-38.88;45.00;1001.90;0.00;0.00;4.20;14.00;2.00;0.00;57.32;71.20;82.88;142.23;100.35;139.51;76.86;141.47;111.60
2018;08;31;10;00;-39.82;45.00;1003.20;0.00;0.00;0.90;3.00;0.00;0.00;59.43;152.19;88.60;139.45;104.31;138.50;80.48;139.90;117.72
2018;08;31;11;00;-39.51;45.00;1003.60;0.00;0.00;0.00;0.00;0.00;0.00;60.00;211.82;88.62;136.65;109.78;136.99;81.05;137.88;82.08
2018;08;31;12;00;-39.08;46.00;1004.00;0.00;0.00;0.00;0.00;0.00;0.00;60.00;244.75;86.05;133.98;103.12;136.27;81.47;135.72;78.84
2018;08;31;13;00;-39.51;45.00;1004.80;0.00;0.00;0.00;0.00;0.00;0.00;60.00;252.76;85.57;133.30;102.68;137.42;84.54;136.38;75.60
2018;08;31;14;00;-39.98;46.00;1004.90;0.00;0.00;0.00;0.00;0.00;0.00;60.00;233.18;83.41;131.33;98.03;133.66;82.80;132.71;71.64
2018;08;31;15;00;-39.97;47.00;1004.50;0.00;0.00;0.30;1.00;0.00;0.00;59.81;186.01;81.45;130.52;96.09;132.11;83.38;131.67;67.32
2018;08;31;16;00;-40.80;49.00;1004.50;0.00;0.00;0.60;2.00;0.00;0.00;59.62;121.93;80.48;130.10;99.44;131.77;77.98;132.38;91.08
2018;08;31;17;00;-41.70;50.00;1004.90;0.00;0.00;0.60;2.00;0.00;0.00;4.11;37.38;81.59;129.45;104.41;130.67;80.81;131.93;66.24
2018;08;31;18;00;-42.44;48.00;1004.00;0.00;0.00;1.50;5.00;0.00;0.00;0.00;0.00;84.05;128.39;98.05;128.89;82.31;128.07;66.96
2018;08;31;19;00;-42.52;47.00;1003.00;0.00;0.00;10.00;16.00;10.00;0.00;0.00;0.00;83.67;127.66;99.87;127.53;80.94;125.95;66.24
2018;08;31;20;00;-42.99;45.00;1002.60;0.00;0.00;33.00;29.00;33.00;0.00;0.00;0.00;82.80;126.87;94.12;125.82;78.78;124.20;63.72
2018;08;31;21;00;-43.42;45.00;1002.20;0.00;0.00;98.00;30.00;98.00;0.00;0.00;0.00;82.53;125.77;94.20;125.51;77.98;123.32;62.28
2018;08;31;22;00;-43.19;46.00;1001.60;0.00;0.00;100.00;32.00;100.00;0.00;0.00;0.00;81.99;124.81;89.98;124.90;74.77;121.01;61.92
2018;08;31;23;00;-42.84;47.00;1000.10;0.00;0.00;100.00;30.00;100.00;0.00;0.00;0.00;82.57;123.62;90.96;123.38;77.66;118.82;61.20
