LAT;;;;;52.5244;52.5244;52.5244;52.5244;52.5244;52.5244;52.5244;52.5244;52.5244;52.5244;52.5244;52.5244;52.5244;52.5244;52.5244;52.5244;52.5244;52.5244
LON;;;;;13.4105;13.4105;13.4105;13.4105;13.4105;13.4105;13.4105;13.4105;13.4105;13.4105;13.4105;13.4105;13.4105;13.4105;13.4105;13.4105;13.4105;13.4105
ASL;;;;;74.0000;74.0000;74.0000;74.0000;74.0000;74.0000;74.0000;74.0000;74.0000;74.0000;74.0000;74.0000;74.0000;74.0000;74.0000;74.0000;74.0000;74.0000
CITY;;;;;Berlin;Berlin;Berlin;Berlin;Berlin;Berlin;Berlin;Berlin;Berlin;Berlin;Berlin;Berlin;Berlin;Berlin;Berlin;Berlin;Berlin;Berlin
DOMAIN;;;;;NEMS4;NEMS4;NEMS4;NEMS4;NEMS4;NEMS4;NEMS4;NEMS4;NEMS4;NEMS4;NEMS4;NEMS4;NEMS4;NEMS4;NEMS4;NEMS4;NEMS4;NEMS4
LEVEL;;;;;2 m above gnd;2 m above gnd;MSL;sfc;sfc;sfc;high cld lay;mid cld lay;low cld lay;sfc;sfc;10 m above gnd;10 m above gnd;80 m above gnd;80 m above gnd;900 mb;900 mb;sfc
NAME;;;;;Temperature;Relative Humidity;Mean Sea Level Pressure;Total Precipitation;Snowfall amount raw;Total Cloud Cover;High Cloud Cover;Medium Cloud Cover;Low Cloud Cover;Sunshine Duration;Shortwave Radiation;Wind Speed;Wind Direction;Wind Speed;Wind Direction;Wind Speed;Wind Direction;Wind Gust
UNIT;;;;;째C;%;hPa;mm;cm;%;%;%;%;min;W/m2;km/h;째;km/h;째;km/h;째;km/h
AGGREGATION;;;;;;;;;;;;;;;;;;;;;;
UTC_OFFSET;;;;;2;2;2;2;2;2;2;2;2;2;2;2;2;2;2;2;2;2

Year;Month;Day;Hour;Minute;Temperature  [2 m above gnd];Relative Humidity  [2 m above gnd];Mean Sea Level Pressure  [MSL];Total Precipitation  [sfc];Snowfall amount raw  [sfc];Total Cloud Cover  [sfc];High Cloud Cover  [high cld lay];Medium Cloud Cover  [mid cld lay];Low Cloud Cover  [low cld lay];Sunshine Duration  [sfc];Shortwave Radiation  [sfc];Wind Speed  [10 m above gnd];Wind Direction  [10 m above gnd];Wind Speed  [80 m above gnd];Wind Direction  [80 m above gnd];Wind Speed  [900 mb];Wind Direction  [900 mb];Wind Gust  [sfc]
2018;08;02;00;00;25.22;69.00;1020.00;0.00;0.00;7.20;24.00;2.00;0.00;0.00;0.00;21.46;22.69;27.71;24.57;24.36;108.97;19.44
2018;08;02;01;00;24.23;71.00;1019.80;0.00;0.00;6.00;20.00;0.00;0.00;0.00;0.00;20.06;21.04;26.14;22.68;20.61;109.38;20.16
2018;08;02;02;00;23.50;74.00;1019.80;0.00;0.00;7.80;26.00;0.00;0.00;0.00;0.00;18.56;18.08;24.27;20.85;16.30;120.53;18.36
2018;08;02;03;00;22.85;77.00;1020.20;0.00;0.00;0.00;0.00;0.00;0.00;0.00;0.00;17.73;12.91;23.24;16.19;12.52;108.43;16.56
2018;08;02;04;00;22.23;78.00;1020.20;0.00;0.00;0.00;0.00;0.00;0.00;0.00;0.00;18.36;11.31;24.54;14.44;8.76;99.46;15.84
2018;08;02;05;00;21.86;76.00;1020.10;0.00;0.00;11.00;16.00;11.00;10.00;30.78;0.00;19.06;10.89;25.15;13.24;6.76;64.80;15.12
2018;08;02;06;00;21.84;72.00;1020.50;0.00;0.00;3.00;0.00;3.00;0.00;58.09;8.90;20.00;13.54;25.52;16.39;9.09;33.69;16.92
2018;08;02;07;00;22.71;65.00;1021.30;0.10;0.00;28.00;31.00;28.00;0.00;42.13;113.92;20.87;15.00;25.52;16.39;11.49;32.20;18.36
2018;08;02;08;00;24.22;55.00;1021.00;0.60;0.00;100.00;100.00;100.00;0.00;0.00;249.20;22.55;19.59;26.54;20.65;13.39;36.25;19.08
2018;08;02;09;00;26.20;44.00;1021.20;1.10;0.00;7.50;25.00;5.00;0.00;55.21;381.81;22.88;24.15;26.73;25.53;15.79;43.15;24.48
2018;08;02;10;00;27.96;36.00;1021.70;1.10;0.00;28.00;46.00;28.00;0.00;42.13;508.19;23.83;26.95;27.38;28.25;19.30;53.34;23.04
2018;08;02;11;00;29.31;32.00;1021.30;0.30;0.00;6.00;20.00;0.00;0.00;56.17;617.66;23.83;26.95;26.09;27.98;21.42;65.16;23.40
2018;08;02;12;00;30.65;30.00;1021.30;0.00;0.00;61.00;13.00;61.00;0.00;21.06;683.52;22.24;29.05;24.20;30.38;23.47;69.34;18.72
2018;08;02;13;00;31.75;28.00;1021.30;0.00;0.00;72.00;0.00;72.00;0.00;14.04;728.02;22.24;29.05;23.71;30.07;22.41;66.32;17.64
2018;08;02;14;00;30.74;50.00;1020.90;0.00;0.00;10.00;3.00;0.00;10.00;53.62;716.45;19.51;29.88;19.88;31.68;15.46;62.24;15.48
2018;08;02;15;00;31.42;46.00;1020.50;0.30;0.00;3.30;11.00;0.00;0.00;57.89;687.97;16.78;35.39;17.21;37.35;19.80;53.13;12.96
2018;08;02;16;00;31.76;43.00;1020.40;0.80;0.00;10.00;0.00;0.00;10.00;53.62;632.79;15.19;36.33;14.90;37.15;16.32;48.58;14.04
2018;08;02;17;00;31.78;42.00;1020.60;0.00;0.00;10.00;0.00;0.00;10.00;53.62;525.99;13.40;30.70;13.28;32.83;16.06;42.27;13.68
2018;08;02;18;00;30.93;43.00;1020.80;0.00;0.00;100.00;0.00;64.00;100.00;0.00;343.54;11.97;21.16;12.57;23.63;14.28;33.69;10.44
2018;08;02;19;00;30.39;44.00;1021.10;0.00;0.00;96.00;0.00;96.00;52.00;0.00;89.89;12.73;28.74;13.89;31.22;15.55;42.18;11.88
2018;08;02;20;00;29.99;44.00;1021.00;0.00;0.00;3.00;0.00;3.00;0.00;58.09;149.52;15.18;22.31;19.19;23.20;15.99;54.16;13.32
2018;08;02;21;00;27.99;43.00;1021.10;0.00;0.00;0.00;0.00;0.00;0.00;0.10;37.38;17.87;18.80;25.48;23.30;14.37;67.93;24.84
2018;08;02;22;00;26.43;43.00;1021.70;0.00;0.00;0.00;0.00;0.00;0.00;0.00;0.00;17.87;27.60;26.49;31.10;12.52;71.57;23.40
2018;08;02;23;00;25.07;44.00;1022.30;0.00;0.00;0.00;0.00;0.00;0.00;0.00;0.00;17.41;29.74;26.06;32.59;10.14;73.50;26.64
2018;08;03;00;00;23.92;43.00;1022.20;0.00;0.00;0.00;0.00;0.00;0.00;0.00;0.00;17.60;30.76;24.86;34.38;8.56;75.38;22.32
2018;08;03;01;00;23.06;42.00;1022.40;0.00;0.00;0.00;0.00;0.00;0.00;0.00;0.00;15.88;32.97;24.19;36.53;6.88;83.99;22.32
2018;08;03;02;00;22.42;43.00;1022.80;0.00;0.00;10.00;0.00;10.00;10.00;0.00;0.00;14.48;34.88;23.78;39.47;4.35;65.56;23.04
2018;08;03;03;00;21.92;44.00;1022.60;0.00;0.00;1.20;4.00;0.00;0.00;0.00;0.00;13.04;39.40;23.93;45.00;2.52;360.00;21.60
2018;08;03;04;00;21.38;47.00;1022.50;0.00;0.00;10.00;9.00;10.00;10.00;0.00;0.00;11.97;43.78;23.28;50.65;5.86;349.38;24.84
2018;08;03;05;00;20.90;50.00;1022.60;0.00;0.00;10.00;10.00;10.00;10.00;29.73;0.00;10.69;45.00;22.77;55.30;8.43;340.02;23.40
2018;08;03;06;00;20.53;54.00;1022.60;0.00;0.00;10.00;0.00;0.00;10.00;53.62;6.23;9.42;46.55;22.10;59.68;12.85;348.69;25.92
2018;08;03;07;00;21.48;55.00;1022.90;0.00;0.00;10.00;0.00;0.00;10.00;53.62;97.90;8.09;57.72;17.73;66.04;18.78;12.17;20.52
2018;08;03;08;00;23.17;52.00;1022.80;0.00;0.00;0.00;0.00;0.00;0.00;60.00;239.41;8.77;70.82;9.79;72.90;19.01;24.62;18.72
2018;08;03;09;00;25.08;46.00;1022.80;0.00;0.00;0.00;0.00;0.00;0.00;60.00;387.15;8.21;74.74;8.21;74.74;17.58;34.99;14.04
2018;08;03;10;00;27.08;40.00;1023.20;0.00;0.00;0.00;0.00;0.00;0.00;60.00;522.43;7.63;70.71;6.95;68.75;14.69;17.10;10.08
2018;08;03;11;00;28.88;35.00;1022.70;0.00;0.00;0.00;0.00;0.00;0.00;60.00;632.79;9.45;49.64;9.18;48.18;15.55;5.31;10.80
2018;08;03;12;00;30.05;33.00;1022.30;0.00;0.00;0.00;0.00;0.00;0.00;60.00;713.78;9.79;36.03;9.00;36.87;12.57;13.24;11.16
2018;08;03;13;00;30.70;33.00;1022.10;0.00;0.00;0.00;0.00;0.00;0.00;60.00;761.84;9.66;26.57;8.85;26.57;10.63;28.30;10.80
2018;08;03;14;00;30.24;36.00;1021.50;0.00;0.00;0.00;0.00;0.00;0.00;60.00;729.80;11.38;34.70;10.80;36.87;12.98;43.88;11.52
2018;08;03;15;00;30.71;36.00;1020.90;0.00;0.00;0.00;0.00;0.00;0.00;60.00;737.81;10.38;33.69;10.09;34.82;11.97;43.78;11.16
2018;08;03;16;00;30.96;36.00;1020.50;0.00;0.00;0.00;0.00;0.00;0.00;60.00;670.17;9.39;32.47;9.09;33.69;10.20;42.14;10.80
2018;08;03;17;00;31.00;36.00;1020.30;0.00;0.00;0.00;0.00;0.00;0.00;60.00;569.60;9.02;28.61;8.71;29.74;9.00;36.87;10.44
2018;08;03;18;00;30.82;36.00;1019.80;0.00;0.00;0.00;0.00;0.00;0.00;60.00;445.89;8.53;27.65;7.90;30.07;8.16;41.42;9.36
2018;08;03;19;00;30.43;37.00;1019.70;0.00;0.00;0.00;0.00;0.00;0.00;60.00;307.05;7.90;30.07;7.59;31.43;7.65;48.81;8.64
2018;08;03;20;00;29.75;39.00;1019.50;0.00;0.00;0.00;0.00;0.00;0.00;60.00;163.76;7.57;25.35;8.22;28.81;6.95;68.75;7.92
2018;08;03;21;00;28.77;42.00;1019.30;0.00;0.00;0.00;0.00;0.00;0.00;58.37;34.71;7.57;25.35;13.09;31.50;7.92;90.00;12.60
2018;08;03;22;00;27.44;46.00;1019.30;0.00;0.00;0.00;0.00;0.00;0.00;0.00;0.00;9.69;58.67;19.14;73.61;4.55;108.43;11.52
2018;08;03;23;00;25.91;46.00;1019.70;0.00;0.00;0.00;0.00;0.00;0.00;0.00;0.00;10.11;85.91;20.89;91.97;4.51;208.61;19.08
2018;08;04;00;00;24.55;49.00;1019.70;0.00;0.00;0.00;0.00;0.00;0.00;0.00;0.00;9.83;98.43;20.70;103.07;6.88;222.88;9.36
2018;08;04;01;00;23.50;53.00;1019.40;0.00;0.00;0.00;0.00;0.00;0.00;0.00;0.00;8.09;110.85;20.29;117.47;8.71;231.71;16.92
2018;08;04;02;00;22.69;56.00;1018.90;0.00;0.00;0.00;0.00;0.00;0.00;0.00;0.00;8.09;122.28;21.76;128.96;9.73;231.01;21.60
2018;08;04;03;00;22.04;58.00;1019.00;0.00;0.00;0.00;0.00;0.00;0.00;0.00;0.00;8.15;135.00;22.45;138.90;9.96;229.40;22.32
2018;08;04;04;00;21.50;60.00;1018.70;0.00;0.00;0.00;0.00;0.00;0.00;0.00;0.00;7.70;142.59;22.42;150.14;9.69;238.67;23.04
2018;08;04;05;00;21.06;61.00;1018.40;0.00;0.00;0.00;0.00;0.00;0.00;31.67;0.00;8.40;149.04;23.07;157.04;9.34;242.45;24.84
2018;08;04;06;00;20.90;62.00;1018.00;0.00;0.00;0.00;0.00;0.00;0.00;60.00;5.34;8.37;154.54;23.34;162.96;8.89;248.63;26.28
2018;08;04;07;00;22.00;60.00;1017.70;0.00;0.00;0.00;0.00;0.00;0.00;60.00;100.57;9.03;156.50;21.83;166.65;8.31;265.03;9.36
2018;08;04;08;00;23.95;55.00;1017.60;0.00;0.00;0.00;0.00;0.00;0.00;60.00;240.30;11.44;167.28;14.69;168.69;7.99;277.77;15.84
2018;08;04;09;00;25.97;53.00;1017.30;0.00;0.00;8.00;0.00;8.00;0.00;54.89;381.81;9.06;173.16;10.14;173.88;8.43;289.98;11.16
2018;08;04;10;00;27.73;52.00;1017.50;0.00;0.00;11.00;0.00;11.00;0.00;52.98;441.44;7.21;182.86;6.49;183.18;6.95;291.25;8.64
2018;08;04;11;00;29.68;47.00;1016.80;0.00;0.00;0.00;0.00;0.00;0.00;60.00;623.89;6.29;203.63;5.82;201.80;6.48;270.00;4.68
2018;08;04;12;00;30.93;40.00;1016.70;0.00;0.00;12.00;40.00;0.00;0.00;52.34;697.76;6.92;218.66;6.41;218.16;8.44;230.19;6.84
2018;08;04;13;00;31.41;38.00;1016.30;0.60;0.00;30.00;100.00;0.00;0.00;40.85;673.73;8.16;221.42;7.90;223.15;9.69;228.01;11.52
2018;08;04;14;00;31.48;38.00;1015.90;0.50;0.00;35.00;100.00;35.00;10.00;37.66;609.65;7.20;270.00;6.84;270.00;7.93;267.40;14.40
2018;08;04;15;00;30.90;39.00;1015.60;0.00;0.00;62.00;0.00;10.00;62.00;20.43;527.77;8.29;267.51;8.31;265.03;10.44;270.00;13.68
2018;08;04;16;00;30.49;39.00;1015.70;0.00;0.00;10.00;0.00;10.00;10.00;53.62;194.02;10.03;291.04;10.37;290.32;11.87;284.04;14.04
2018;08;04;17;00;30.88;38.00;1015.80;0.00;0.00;10.00;0.00;10.00;10.00;53.62;491.28;10.46;296.57;10.14;297.47;12.57;293.63;17.28
2018;08;04;18;00;30.51;39.00;1015.70;0.10;0.00;10.00;0.00;10.00;10.00;53.62;408.51;11.49;302.20;11.79;301.26;14.51;299.74;17.64
2018;08;04;19;00;30.01;39.00;1015.50;0.00;0.00;11.00;34.00;11.00;10.00;52.98;288.36;12.03;308.93;12.60;306.87;15.78;304.78;20.16
2018;08;04;20;00;29.26;40.00;1015.50;0.10;0.00;61.00;100.00;61.00;10.00;21.06;160.20;12.77;319.57;14.02;318.12;15.86;309.47;21.96
2018;08;04;21;00;27.89;46.00;1015.60;0.10;0.00;100.00;100.00;100.00;0.00;0.00;33.82;14.40;358.57;19.44;360.00;14.02;330.80;19.44
2018;08;04;22;00;26.42;51.00;1015.80;0.00;0.00;100.00;100.00;100.00;0.00;0.00;0.00;15.48;358.67;23.04;360.00;13.56;349.29;15.84
2018;08;04;23;00;25.39;53.00;1016.30;0.00;0.00;100.00;81.00;100.00;10.00;0.00;0.00;15.86;357.40;23.76;360.00;12.92;347.13;27.72
2018;08;05;00;00;24.27;58.00;1016.70;0.00;0.00;60.00;80.00;60.00;10.00;0.00;0.00;14.40;360.00;20.52;1.01;10.95;332.59;28.08
2018;08;05;01;00;23.25;63.00;1017.00;0.00;0.00;100.00;0.00;100.00;0.00;0.00;0.00;13.68;358.49;19.83;3.12;12.39;305.54;27.00
2018;08;05;02;00;22.32;66.00;1016.80;0.00;0.00;26.00;0.00;26.00;0.00;0.00;0.00;12.61;358.36;18.73;2.20;17.41;299.74;15.12
2018;08;05;03;00;21.39;70.00;1017.30;0.00;0.00;0.00;0.00;0.00;0.00;0.00;0.00;13.56;349.29;18.84;353.42;24.16;294.66;14.76
2018;08;05;04;00;20.46;74.00;1017.60;0.00;0.00;0.00;0.00;0.00;0.00;0.00;0.00;13.44;339.62;18.69;344.36;22.97;302.20;15.12
2018;08;05;05;00;19.73;77.00;1017.70;0.00;0.00;10.00;20.00;0.00;10.00;26.86;0.00;12.72;334.89;17.45;338.20;23.33;308.11;16.56
2018;08;05;06;00;19.05;81.00;1018.10;0.00;0.00;10.00;0.00;0.00;10.00;53.62;4.45;14.58;327.09;18.85;331.48;24.86;304.38;22.68
2018;08;05;07;00;19.13;81.00;1018.50;0.00;0.00;10.00;7.00;0.00;10.00;53.62;56.07;15.19;328.57;17.91;329.83;29.76;302.15;18.72
2018;08;05;08;00;19.82;78.00;1018.60;0.00;0.00;3.00;10.00;0.00;0.00;58.09;229.62;16.38;326.66;17.48;327.62;29.96;302.74;19.44
2018;08;05;09;00;20.55;73.00;1019.00;0.00;0.00;10.00;11.00;0.00;10.00;53.62;341.76;16.36;320.36;17.15;320.96;29.09;306.44;20.16
2018;08;05;10;00;21.10;68.00;1019.90;0.00;0.00;10.00;22.00;0.00;10.00;53.62;495.73;17.15;309.04;17.38;309.96;26.25;317.78;19.44
2018;08;05;11;00;22.04;61.00;1019.60;0.00;0.00;10.00;15.00;0.00;10.00;53.62;599.86;17.21;307.35;17.15;309.04;25.16;326.08;19.80
2018;08;05;12;00;23.14;52.00;1019.50;0.00;0.00;10.00;0.00;0.00;10.00;53.62;674.62;18.09;312.58;18.34;313.41;23.20;318.14;20.88
2018;08;05;13;00;23.45;49.00;1019.40;0.00;0.00;10.00;0.00;0.00;10.00;53.62;682.63;18.84;316.55;19.86;316.47;24.44;316.19;22.32
2018;08;05;14;00;25.21;47.00;1019.00;0.00;0.00;10.00;0.00;0.00;10.00;53.62;720.90;20.36;315.00;20.87;315.00;25.46;316.15;22.32
2018;08;05;15;00;25.37;45.00;1019.00;0.00;0.00;10.00;0.00;0.00;10.00;53.62;701.32;20.88;324.12;21.68;324.46;25.20;323.13;23.40
2018;08;05;16;00;24.99;42.00;1018.90;0.00;0.00;0.90;3.00;0.00;0.00;59.43;640.80;22.10;329.68;22.91;329.81;26.18;328.50;24.48
2018;08;05;17;00;24.82;39.00;1019.10;0.00;0.00;6.60;22.00;0.00;0.00;55.79;568.71;19.65;331.56;20.63;330.75;25.81;329.86;23.04
2018;08;05;18;00;24.60;41.00;1019.00;0.00;0.00;2.40;8.00;0.00;0.00;58.47;449.45;17.91;329.83;19.02;330.52;24.20;329.62;21.96
2018;08;05;19;00;24.24;43.00;1019.10;0.00;0.00;10.00;10.00;0.00;10.00;53.62;307.05;17.87;332.40;19.80;332.97;24.97;331.59;23.76
2018;08;05;20;00;23.54;45.00;1019.30;0.00;0.00;10.00;11.00;0.00;10.00;53.62;168.21;16.92;336.16;19.34;335.82;24.34;330.78;20.88
2018;08;05;21;00;22.59;50.00;1019.20;0.00;0.00;3.00;10.00;0.00;0.00;53.04;35.60;13.66;341.57;17.42;341.94;25.16;326.08;16.92
2018;08;05;22;00;21.92;54.00;1019.70;0.00;0.00;3.30;11.00;0.00;0.00;0.00;0.00;9.11;341.57;14.12;340.64;23.27;325.08;14.40
2018;08;05;23;00;21.31;57.00;1020.10;0.00;0.00;1.80;6.00;0.00;0.00;0.00;0.00;7.07;345.26;13.63;347.80;20.36;315.00;12.96
2018;08;06;00;00;20.56;60.00;1020.20;0.00;0.00;1.20;4.00;0.00;0.00;0.00;0.00;7.20;360.00;13.32;360.00;20.38;302.01;14.40
2018;08;06;01;00;19.92;62.00;1020.40;0.00;0.00;0.30;1.00;0.00;0.00;0.00;0.00;4.69;355.60;11.52;360.00;21.90;297.41;11.52
2018;08;06;02;00;19.43;65.00;1019.90;0.00;0.00;0.60;2.00;0.00;0.00;0.00;0.00;3.55;336.04;10.11;355.91;22.08;294.06;9.72
2018;08;06;03;00;19.02;67.00;1019.70;0.00;0.00;0.00;0.00;0.00;0.00;0.00;0.00;3.22;296.57;7.97;341.57;23.00;287.30;9.00
2018;08;06;04;00;18.48;69.00;1019.60;0.00;0.00;0.00;0.00;0.00;0.00;0.00;0.00;3.26;276.34;6.99;325.49;23.94;282.15;8.28
2018;08;06;05;00;17.95;72.00;1019.30;0.00;0.00;0.00;0.00;0.00;0.00;0.00;0.00;3.26;263.66;5.00;300.26;27.29;278.34;5.76
2018;08;06;06;00;17.62;74.00;1019.60;0.00;0.00;0.00;0.00;0.00;0.00;28.43;4.45;3.62;264.29;5.15;282.09;30.74;283.55;4.68
2018;08;06;07;00;18.32;73.00;1019.80;0.00;0.00;0.00;0.00;0.00;0.00;60.00;96.12;2.19;260.54;5.45;277.59;30.51;289.29;3.96
2018;08;06;08;00;19.59;66.00;1019.70;0.00;0.00;0.00;0.00;0.00;0.00;60.00;238.52;3.60;270.00;3.60;270.00;28.88;292.73;6.48
2018;08;06;09;00;20.67;61.00;1019.60;0.00;0.00;0.00;0.00;0.00;0.00;60.00;382.70;4.51;241.39;4.20;239.04;25.29;294.38;10.44
2018;08;06;10;00;22.03;56.00;1019.90;0.00;0.00;0.00;0.00;0.00;0.00;60.00;517.98;6.64;229.40;6.41;231.84;21.60;293.57;10.44
2018;08;06;11;00;23.20;49.00;1019.50;0.00;0.00;0.00;0.00;0.00;0.00;60.00;632.79;8.35;262.57;7.99;262.23;15.89;283.09;10.08
2018;08;06;12;00;24.17;45.00;1018.80;0.00;0.00;0.00;0.00;0.00;0.00;60.00;715.56;7.95;264.81;7.24;264.29;9.53;259.11;8.64
2018;08;06;13;00;25.08;44.00;1018.30;0.00;0.00;0.00;0.00;0.00;0.00;60.00;764.51;6.38;253.61;6.03;252.65;7.97;251.57;7.20
2018;08;06;14;00;25.35;44.00;1018.50;0.00;0.00;0.00;0.00;0.00;0.00;60.00;772.52;3.60;270.00;3.24;270.00;12.30;339.44;6.84
2018;08;06;15;00;26.17;41.00;1018.00;0.00;0.00;0.00;0.00;0.00;0.00;60.00;741.37;2.62;254.05;2.28;251.57;6.19;324.46;5.04
2018;08;06;16;00;26.77;39.00;1017.30;0.00;0.00;0.00;0.00;0.00;0.00;60.00;672.84;2.41;206.57;2.41;206.57;2.16;270.00;3.96
2018;08;06;17;00;27.15;37.00;1016.90;0.00;0.00;0.00;0.00;0.00;0.00;60.00;571.38;3.60;180.00;3.24;180.00;2.97;194.04;4.32
2018;08;06;18;00;27.24;36.00;1016.70;0.00;0.00;0.00;0.00;0.00;0.00;60.00;445.00;4.55;161.57;4.45;165.96;4.68;180.00;5.04
2018;08;06;19;00;26.98;36.00;1016.10;0.00;0.00;0.00;0.00;0.00;0.00;60.00;302.60;6.76;154.80;6.29;156.37;6.88;173.99;9.36
2018;08;06;20;00;26.41;38.00;1016.10;0.00;0.00;0.00;0.00;0.00;0.00;60.00;156.64;7.73;152.24;8.56;157.75;9.39;175.60;8.64
2018;08;06;21;00;25.44;41.00;1016.10;0.00;0.00;0.00;0.00;0.00;0.00;52.96;28.48;6.70;143.75;11.30;149.35;11.88;180.00;11.52
2018;08;06;22;00;24.43;45.00;1016.20;0.00;0.00;0.00;0.00;0.00;0.00;0.00;0.00;6.92;141.34;14.81;154.06;14.11;185.86;14.40
2018;08;06;23;00;23.40;48.00;1016.40;0.00;0.00;0.00;0.00;0.00;0.00;0.00;0.00;7.15;139.09;16.12;156.30;16.34;187.59;15.84
2018;08;07;00;00;22.42;50.00;1016.50;0.00;0.00;0.00;0.00;0.00;0.00;0.00;0.00;6.64;130.60;17.39;152.90;15.89;193.09;16.56
2018;08;07;01;00;21.42;53.00;1016.10;0.00;0.00;0.00;0.00;0.00;0.00;0.00;0.00;7.42;129.09;19.65;151.56;16.52;200.41;18.36
2018;08;07;02;00;20.48;56.00;1016.20;0.00;0.00;0.00;0.00;0.00;0.00;0.00;0.00;8.16;131.42;21.90;152.59;18.46;200.56;20.52
2018;08;07;03;00;19.62;59.00;1016.20;0.00;0.00;0.00;0.00;0.00;0.00;0.00;0.00;8.91;133.36;23.26;158.20;18.68;207.55;23.04
2018;08;07;04;00;18.90;61.00;1015.70;0.00;0.00;0.00;0.00;0.00;0.00;0.00;0.00;9.69;138.01;25.54;158.50;19.04;195.35;27.72
2018;08;07;05;00;18.21;64.00;1015.40;0.00;0.00;0.00;0.00;0.00;0.00;0.00;0.00;10.70;137.73;25.81;157.01;18.86;193.24;32.04
2018;08;07;06;00;17.61;68.00;1015.40;0.00;0.00;0.00;0.00;0.00;0.00;26.81;3.56;11.21;137.60;26.10;155.56;19.59;200.43;29.52
2018;08;07;07;00;18.56;66.00;1015.00;0.00;0.00;0.00;0.00;0.00;0.00;60.00;93.45;11.59;143.84;21.41;153.00;21.19;189.78;27.72
2018;08;07;08;00;20.21;62.00;1014.90;0.00;0.00;0.00;0.00;0.00;0.00;60.00;236.74;11.61;150.26;13.04;152.02;23.83;184.33;20.16
2018;08;07;09;00;22.69;58.00;1014.80;0.00;0.00;0.00;0.00;0.00;0.00;60.00;381.81;9.69;148.67;10.32;150.75;24.84;180.83;20.16
2018;08;07;10;00;25.39;51.00;1015.00;0.00;0.00;0.00;0.00;0.00;0.00;60.00;517.09;11.30;157.52;11.30;157.52;27.05;170.04;15.84
2018;08;07;11;00;27.56;42.00;1014.50;0.00;0.00;0.00;0.00;0.00;0.00;60.00;631.01;14.80;161.57;15.14;162.00;28.67;172.79;19.08
2018;08;07;12;00;28.67;36.00;1014.00;0.00;0.00;0.00;0.00;0.00;0.00;60.00;714.67;17.76;162.30;18.45;162.98;23.51;168.52;19.80
2018;08;07;13;00;29.58;34.00;1013.40;0.00;0.00;0.00;0.00;0.00;0.00;60.00;762.73;17.38;166.83;18.08;167.35;23.22;172.87;19.08
2018;08;07;14;00;31.70;31.00;1012.20;0.00;0.00;0.00;0.00;0.00;0.00;60.00;763.62;17.24;151.29;17.56;151.86;20.08;165.47;16.56
2018;08;07;15;00;32.45;30.00;1012.00;0.00;0.00;0.00;0.00;0.00;0.00;60.00;730.69;15.94;161.57;16.62;162.35;20.55;168.89;16.56
2018;08;07;16;00;32.91;28.00;1011.70;0.00;0.00;0.90;3.00;0.00;0.00;59.43;659.49;14.84;165.96;15.46;167.91;19.49;175.76;17.28
2018;08;07;17;00;33.08;28.00;1011.40;0.00;0.00;8.10;27.00;0.00;0.00;54.83;556.25;14.69;168.69;15.39;169.22;19.44;178.94;16.20
2018;08;07;18;00;32.98;28.00;1010.90;0.00;0.00;1.80;6.00;0.00;0.00;58.85;437.88;14.24;163.86;15.28;164.98;19.83;176.88;15.84
2018;08;07;19;00;32.62;29.00;1010.70;0.00;0.00;37.00;4.00;37.00;0.00;36.38;301.71;13.68;153.43;15.79;155.77;20.72;172.01;16.92
2018;08;07;20;00;31.60;33.00;1011.00;0.00;0.00;100.00;100.00;100.00;0.00;0.00;157.53;11.75;139.97;17.28;144.32;24.19;175.73;18.00
2018;08;07;21;00;30.05;37.00;1011.00;0.00;0.00;100.00;7.00;100.00;0.00;0.00;28.48;11.46;133.73;21.03;141.95;26.28;179.22;23.04
2018;08;07;22;00;28.53;41.00;1011.30;0.00;0.00;24.00;0.00;24.00;0.00;0.00;0.00;12.26;130.24;25.42;142.48;26.29;181.57;26.64
2018;08;07;23;00;27.04;46.00;1011.30;0.00;0.00;68.00;0.00;68.00;10.00;0.00;0.00;12.26;139.76;26.10;155.56;27.21;197.72;24.12
2018;08;08;00;00;25.75;50.00;1011.10;0.00;0.00;44.00;0.00;44.00;0.00;0.00;0.00;11.53;141.34;25.73;162.07;24.27;200.85;27.72
2018;08;08;01;00;24.71;53.00;1011.00;0.00;0.00;67.00;0.00;67.00;0.00;0.00;0.00;11.25;140.19;26.42;162.55;24.28;195.48;28.80
2018;08;08;02;00;23.82;55.00;1010.60;0.00;0.00;0.00;0.00;0.00;0.00;0.00;0.00;11.30;142.77;27.10;163.01;26.48;187.03;29.52
2018;08;08;03;00;23.08;58.00;1010.90;0.00;0.00;0.00;0.00;0.00;0.00;0.00;0.00;10.79;154.29;24.74;171.63;27.29;188.34;21.96
2018;08;08;04;00;22.04;62.00;1011.00;0.00;0.00;0.00;0.00;0.00;0.00;0.00;0.00;7.90;149.93;19.01;198.78;26.76;203.81;18.00
2018;08;08;05;00;21.19;65.00;1011.00;0.00;0.00;0.00;0.00;0.00;0.00;0.00;0.00;8.09;147.72;17.55;205.51;26.46;213.91;16.92
2018;08;08;06;00;20.40;68.00;1011.00;0.00;0.00;0.00;0.00;0.00;0.00;25.17;2.67;8.71;141.71;17.32;200.70;28.04;204.26;18.36
2018;08;08;07;00;21.13;68.00;1011.00;0.00;0.00;1.80;6.00;0.00;0.00;58.85;89.00;7.39;136.97;17.87;189.27;26.88;200.38;18.00
2018;08;08;08;00;23.80;64.00;1010.90;0.00;0.00;1.80;6.00;0.00;0.00;58.85;238.52;6.76;154.80;15.48;180.00;26.07;197.68;20.52
2018;08;08;09;00;26.63;58.00;1011.00;0.00;0.00;3.30;11.00;0.00;0.00;57.89;376.47;9.79;162.90;10.14;163.50;27.55;197.49;20.16
2018;08;08;10;00;29.48;50.00;1011.40;0.00;0.00;0.00;0.00;0.00;0.00;60.00;502.85;12.07;169.70;12.78;170.27;30.39;193.71;17.28
2018;08;08;11;00;31.62;41.00;1011.30;0.00;0.00;10.00;17.00;10.00;10.00;53.62;607.87;16.60;183.73;17.70;184.67;34.17;196.53;17.64
2018;08;08;12;00;32.53;35.00;1011.20;0.00;0.00;10.00;19.00;10.00;10.00;53.62;647.92;20.28;196.50;22.21;196.97;28.36;200.05;22.68
2018;08;08;13;00;33.21;32.00;1011.10;0.00;0.00;10.00;13.00;10.00;10.00;53.62;686.19;18.79;200.17;20.06;201.04;26.10;204.44;17.28
2018;08;08;14;00;34.26;31.00;1009.40;0.00;0.00;10.00;9.00;10.00;10.00;53.62;695.98;19.85;184.16;21.35;185.81;26.90;192.36;20.16
2018;08;08;15;00;34.86;28.00;1009.20;0.00;0.00;10.00;23.00;10.00;10.00;53.62;668.39;17.87;189.27;19.06;190.89;25.28;199.98;20.16
2018;08;08;16;00;35.12;27.00;1009.00;0.00;0.00;10.00;24.00;10.00;10.00;53.62;609.65;17.07;204.94;18.36;205.56;24.34;209.22;19.44
2018;08;08;17;00;34.89;28.00;1009.50;0.30;0.00;10.00;25.00;10.00;10.00;53.62;516.20;16.56;222.36;17.83;223.36;22.69;221.78;18.72
2018;08;08;18;00;33.51;31.00;1009.60;0.20;0.00;78.00;26.00;78.00;78.00;10.21;169.10;13.85;242.10;17.07;242.35;22.10;239.68;17.64
2018;08;08;19;00;31.08;45.00;1010.40;0.00;0.00;93.00;100.00;93.00;72.00;0.64;79.21;19.38;305.17;24.85;308.53;23.16;281.66;25.92
2018;08;08;20;00;30.29;49.00;1011.00;0.00;0.00;100.00;100.00;100.00;0.00;0.00;51.62;13.44;290.38;19.47;289.44;25.15;260.94;20.88
2018;08;08;21;00;29.22;49.00;1011.60;0.00;0.00;100.00;100.00;100.00;27.00;0.00;20.47;15.27;278.13;23.18;276.24;28.83;254.05;16.92
2018;08;08;22;00;28.73;46.00;1012.30;0.00;0.00;100.00;100.00;100.00;18.00;0.00;0.00;15.83;252.80;24.38;253.71;29.46;231.45;19.44
2018;08;08;23;00;28.25;47.00;1012.60;0.00;0.00;100.00;100.00;100.00;0.00;0.00;0.00;7.17;252.47;16.60;257.47;23.98;221.35;14.04
2018;08;09;00;00;27.84;49.00;1012.90;0.00;0.00;100.00;100.00;100.00;100.00;0.00;0.00;6.92;242.10;17.03;256.55;22.86;277.24;16.20
2018;08;09;01;00;26.88;54.00;1013.60;0.00;0.00;100.00;100.00;100.00;75.00;0.00;0.00;13.70;273.01;20.83;279.95;24.14;267.44;25.92
2018;08;09;02;00;25.74;56.00;1013.70;0.00;0.00;100.00;100.00;100.00;3.00;0.00;0.00;12.98;303.69;18.79;306.43;18.53;245.92;17.28
2018;08;09;03;00;24.23;65.00;1014.50;0.00;0.00;100.00;100.00;100.00;0.00;0.00;0.00;18.06;355.43;24.12;360.00;16.20;271.27;21.96
2018;08;09;04;00;22.84;70.00;1014.90;0.00;0.00;100.00;100.00;100.00;0.00;0.00;0.00;16.34;7.59;22.20;8.39;16.95;273.65;18.36
2018;08;09;05;00;22.06;71.00;1015.30;0.00;0.00;100.00;29.00;100.00;0.00;0.00;0.00;14.08;4.40;18.84;6.58;15.84;271.30;16.92
2018;08;09;06;00;21.24;75.00;1015.70;0.00;0.00;51.00;22.00;51.00;0.00;10.76;2.67;14.04;360.00;18.75;3.30;12.50;281.63;13.68
2018;08;09;07;00;21.33;73.00;1016.00;0.00;0.00;27.00;24.00;27.00;0.00;42.77;95.23;14.47;5.71;17.11;8.47;9.73;321.01;12.96
2018;08;09;08;00;22.30;67.00;1016.30;0.00;0.00;95.00;29.00;95.00;0.00;0.00;234.96;13.21;17.45;14.12;19.36;9.61;347.01;11.16
2018;08;09;09;00;23.84;60.00;1016.40;0.00;0.00;100.00;29.00;100.00;0.00;0.00;361.34;12.78;32.35;12.78;32.35;7.57;357.27;10.44
2018;08;09;10;00;25.66;53.00;1016.70;0.00;0.00;100.00;36.00;100.00;0.00;0.00;462.80;12.39;54.46;12.39;54.46;5.60;45.00;9.72
2018;08;09;11;00;27.27;47.00;1016.40;0.00;0.00;97.00;32.00;97.00;0.00;0.00;578.50;11.79;77.66;11.72;79.38;11.18;93.69;11.88
2018;08;09;12;00;28.66;44.00;1016.10;0.00;0.00;79.00;26.00;79.00;0.00;9.57;663.05;12.26;86.63;11.54;86.42;14.12;109.36;12.60
2018;08;09;13;00;29.68;42.00;1015.30;0.00;0.00;3.30;11.00;0.00;0.00;57.89;720.01;12.96;91.59;12.25;91.68;18.08;125.27;14.40
2018;08;09;14;00;31.54;41.00;1013.80;0.00;0.00;0.00;0.00;0.00;0.00;60.00;745.82;12.29;95.04;11.61;97.13;15.99;97.77;15.48
2018;08;09;15;00;32.40;38.00;1013.00;0.00;0.00;11.40;38.00;0.00;0.00;52.72;707.55;13.63;102.20;13.71;103.67;18.79;106.70;17.64
2018;08;09;16;00;32.74;36.00;1011.80;0.00;0.00;100.00;100.00;100.00;0.00;0.00;531.33;15.26;109.29;15.72;110.10;22.13;111.97;20.88
2018;08;09;17;00;32.56;36.00;1011.80;0.90;0.00;100.00;100.00;100.00;73.00;0.00;428.98;15.58;146.31;17.48;147.62;23.62;142.43;22.32
2018;08;09;18;00;31.80;38.00;1011.00;1.20;0.00;100.00;100.00;100.00;60.00;0.00;76.54;16.30;136.79;20.90;137.79;29.28;133.51;21.24
2018;08;09;19;00;31.58;40.00;1010.60;0.30;0.00;100.00;100.00;100.00;0.00;0.00;156.64;16.20;143.13;20.88;144.12;35.43;142.43;22.32
2018;08;09;20;00;30.26;46.00;1010.50;0.00;0.00;100.00;100.00;100.00;73.00;0.00;48.95;13.18;145.01;20.87;147.68;38.02;155.38;25.56
2018;08;09;21;00;29.21;52.00;1010.30;0.00;0.00;100.00;55.00;100.00;74.00;0.00;8.01;12.10;157.25;21.18;162.18;42.88;164.91;18.00
2018;08;09;22;00;28.47;56.00;1010.40;0.00;0.00;98.00;100.00;98.00;64.00;0.00;0.00;12.78;170.27;22.39;175.39;41.78;178.03;19.08
2018;08;09;23;00;28.29;51.00;1011.10;0.00;0.00;100.00;100.00;100.00;100.00;0.00;0.00;21.35;174.19;32.14;175.50;45.41;182.73;27.00
2018;08;10;00;00;27.57;51.00;1010.50;0.00;0.00;100.00;38.00;100.00;100.00;0.00;0.00;5.69;235.30;14.26;225.00;43.32;201.45;15.84
2018;08;10;01;00;26.70;58.00;1010.90;0.10;0.00;100.00;21.00;100.00;2.00;0.00;0.00;15.79;223.15;24.76;229.13;45.69;253.99;27.36
2018;08;10;02;00;24.58;67.00;1012.00;0.00;0.00;100.00;0.00;100.00;0.00;0.00;0.00;20.36;261.87;27.29;261.66;42.39;249.10;26.64
2018;08;10;03;00;22.59;69.00;1013.40;0.00;0.00;4.50;15.00;0.00;0.00;0.00;0.00;25.96;253.07;33.97;254.64;53.55;254.00;32.04
2018;08;10;04;00;21.11;72.00;1014.20;0.00;0.00;3.00;10.00;0.00;0.00;0.00;0.00;25.67;255.38;32.92;256.72;62.62;261.40;35.28
2018;08;10;05;00;19.59;71.00;1015.50;0.00;0.00;8.00;0.00;8.00;0.00;0.00;0.00;32.40;270.00;41.76;270.49;67.23;260.13;42.84
2018;08;10;06;00;16.83;70.00;1016.90;0.00;0.00;90.00;7.00;90.00;0.00;0.93;1.78;28.46;267.83;36.02;268.28;63.05;276.56;39.60
2018;08;10;07;00;16.49;70.00;1018.00;0.00;0.00;3.30;11.00;0.00;0.00;57.89;91.67;26.41;259.00;33.26;260.03;68.59;274.21;39.24
2018;08;10;08;00;16.70;68.00;1019.10;0.00;0.00;0.00;0.00;0.00;0.00;60.00;232.29;27.68;257.23;33.82;258.33;66.71;276.82;39.60
2018;08;10;09;00;17.53;63.00;1020.00;0.00;0.00;0.00;0.00;0.00;0.00;60.00;375.58;26.83;258.39;31.85;259.58;64.35;278.04;39.96
2018;08;10;10;00;18.58;57.00;1021.00;0.00;0.00;0.00;0.00;0.00;0.00;60.00;513.53;26.05;258.85;30.01;259.63;53.84;274.99;36.72
2018;08;10;11;00;19.83;52.00;1021.10;0.00;0.00;0.00;0.00;0.00;0.00;60.00;630.12;24.15;259.70;26.69;259.90;44.64;270.00;34.20
2018;08;10;12;00;21.09;47.00;1021.30;0.00;0.00;0.00;0.00;0.00;0.00;60.00;714.67;22.31;259.78;24.50;259.85;33.40;262.57;31.68
2018;08;10;13;00;22.21;42.00;1021.40;0.00;0.00;0.00;0.00;0.00;0.00;60.00;762.73;21.13;256.20;22.53;257.07;29.72;258.83;32.76
2018;08;10;14;00;21.67;47.00;1021.60;0.00;0.00;100.00;100.00;100.00;100.00;0.00;323.07;20.27;257.69;22.81;258.16;29.95;260.31;27.72
2018;08;10;15;00;22.61;43.00;1021.50;0.00;0.00;94.00;100.00;94.00;0.00;0.00;542.01;19.00;260.18;20.42;260.87;26.17;262.09;26.64
2018;08;10;16;00;23.11;40.00;1021.30;0.00;0.00;30.00;100.00;0.00;0.00;40.85;622.11;17.23;259.16;18.29;259.80;24.03;261.38;25.92
2018;08;10;17;00;23.53;37.00;1021.50;0.00;0.00;0.00;0.00;0.00;0.00;60.00;540.23;15.82;258.18;16.87;258.93;21.61;259.44;27.72
2018;08;10;18;00;23.54;37.00;1021.40;0.00;0.00;10.00;0.00;0.00;10.00;53.62;420.08;12.92;257.13;13.63;257.80;18.00;258.47;23.76
2018;08;10;19;00;23.44;36.00;1021.20;0.00;0.00;100.00;0.00;0.00;100.00;0.00;283.91;12.30;249.44;13.44;249.62;18.58;248.40;22.32
2018;08;10;20;00;23.11;36.00;1021.10;0.00;0.00;100.00;0.00;0.00;100.00;0.00;122.82;11.12;240.95;12.73;241.26;18.22;240.40;23.04
2018;08;10;21;00;22.53;37.00;1021.50;0.00;0.00;0.00;0.00;0.00;0.00;45.37;20.47;4.61;218.66;7.90;226.85;17.43;231.71;16.56
2018;08;10;22;00;22.31;38.00;1021.20;0.00;0.00;10.00;0.00;0.00;10.00;0.00;0.00;4.68;180.00;7.57;205.35;19.35;226.51;19.08
2018;08;10;23;00;21.77;40.00;1021.60;0.00;0.00;10.00;0.00;0.00;10.00;0.00;0.00;5.59;165.07;8.83;191.77;21.89;225.00;23.76
2018;08;11;00;00;20.53;48.00;1021.60;0.00;0.00;100.00;0.00;0.00;100.00;0.00;0.00;7.97;161.57;14.47;185.71;23.56;231.20;13.68
2018;08;11;01;00;19.97;50.00;1021.10;0.00;0.00;0.00;0.00;0.00;0.00;0.00;0.00;6.64;192.53;14.29;229.09;22.07;236.31;16.56
2018;08;11;02;00;20.13;46.00;1020.80;0.00;0.00;41.00;0.00;41.00;10.00;0.00;0.00;5.15;167.91;7.17;252.47;24.85;218.53;9.72
2018;08;11;03;00;19.24;50.00;1020.60;0.00;0.00;44.00;27.00;44.00;0.00;0.00;0.00;6.21;169.99;7.39;223.03;24.22;228.01;9.00
2018;08;11;04;00;18.47;54.00;1020.10;0.00;0.00;100.00;46.00;61.00;100.00;0.00;0.00;7.20;180.00;10.09;214.82;22.04;231.63;10.80
2018;08;11;05;00;18.13;57.00;1020.00;0.00;0.00;100.00;28.00;60.00;100.00;0.00;0.00;6.12;180.00;13.10;217.18;20.24;231.50;11.88
2018;08;11;06;00;17.73;57.00;1019.90;0.00;0.00;74.00;0.00;74.00;0.00;4.30;1.78;7.28;188.53;16.70;217.12;23.44;227.49;14.76
2018;08;11;07;00;18.27;56.00;1019.60;0.00;0.00;100.00;0.00;100.00;10.00;0.00;87.22;7.63;199.29;14.26;222.95;27.30;228.74;15.48
2018;08;11;08;00;19.61;51.00;1019.40;0.00;0.00;9.00;0.00;9.00;2.00;54.26;219.83;9.69;211.33;10.09;214.82;26.57;234.37;16.56
2018;08;11;09;00;21.17;48.00;1019.10;0.00;0.00;10.00;0.00;10.00;0.00;53.62;360.45;12.40;205.82;12.88;206.57;27.51;227.12;17.28
2018;08;11;10;00;22.29;43.00;1018.90;0.00;0.00;10.00;0.00;0.00;10.00;53.62;484.16;17.58;214.99;19.01;217.30;29.55;226.97;27.72
2018;08;11;11;00;22.88;36.00;1018.60;0.00;0.00;10.00;0.00;10.00;10.00;53.62;581.17;21.41;227.73;23.71;228.08;31.36;228.26;28.08
2018;08;11;12;00;22.21;39.00;1018.60;0.00;0.00;100.00;0.00;64.00;100.00;0.00;436.10;22.78;238.57;26.80;239.30;34.55;236.48;29.88
2018;08;11;13;00;20.68;49.00;1019.10;0.00;0.00;100.00;0.00;100.00;71.00;0.00;234.96;26.76;280.86;31.28;281.96;28.14;266.33;28.44
2018;08;11;14;00;19.75;54.00;1019.40;0.70;0.00;47.00;0.00;0.00;47.00;30.00;526.88;21.83;256.65;24.80;256.57;37.29;254.89;33.48
2018;08;11;15;00;20.69;49.00;1019.30;0.00;0.00;10.00;0.00;0.00;10.00;53.62;536.67;24.10;256.17;26.98;256.89;35.46;257.09;33.84
2018;08;11;16;00;21.41;40.00;1019.10;0.00;0.00;10.00;0.00;0.00;10.00;53.62;617.66;22.45;257.97;25.28;259.33;34.98;261.12;32.04
2018;08;11;17;00;21.82;37.00;1018.60;0.00;0.00;100.00;0.00;0.00;100.00;0.00;488.61;22.42;264.47;26.37;265.30;36.06;266.57;32.40
2018;08;11;18;00;21.58;38.00;1018.40;0.00;0.00;100.00;0.00;0.00;100.00;0.00;250.09;22.73;266.37;27.40;266.99;37.46;268.35;33.12
2018;08;11;19;00;21.28;38.00;1018.70;0.00;0.00;100.00;0.00;0.00;100.00;0.00;152.19;22.01;266.25;27.04;266.95;38.52;270.00;32.40
2018;08;11;20;00;20.83;39.00;1018.60;0.00;0.00;100.00;0.00;0.00;100.00;0.00;72.98;20.88;270.00;26.28;270.78;40.00;272.58;30.60
2018;08;11;21;00;20.31;40.00;1018.80;0.00;0.00;100.00;0.00;0.00;100.00;0.00;9.79;18.81;275.49;24.29;276.81;41.75;277.43;29.88
2018;08;11;22;00;19.68;43.00;1019.40;0.00;0.00;100.00;0.00;0.00;100.00;0.00;0.00;16.45;293.20;20.95;294.36;41.04;277.56;27.00
2018;08;11;23;00;18.86;46.00;1019.90;0.00;0.00;100.00;0.00;0.00;100.00;0.00;0.00;13.53;298.61;17.24;298.71;41.91;274.93;24.84
2018;08;12;00;00;17.73;51.00;1020.00;0.00;0.00;1.00;0.00;0.00;1.00;0.00;0.00;11.49;302.20;16.38;303.34;43.20;269.52;20.88
2018;08;12;01;00;16.72;56.00;1020.20;0.00;0.00;0.00;0.00;0.00;0.00;0.00;0.00;10.81;299.98;16.30;300.53;41.82;272.96;21.96
2018;08;12;02;00;15.88;60.00;1019.70;0.00;0.00;0.00;0.00;0.00;0.00;0.00;0.00;9.50;294.62;14.02;299.20;42.49;271.46;20.52
2018;08;12;03;00;15.29;64.00;1020.10;0.00;0.00;0.00;0.00;0.00;0.00;0.00;0.00;8.12;282.80;12.64;289.98;43.56;270.00;18.72
2018;08;12;04;00;14.82;67.00;1020.10;0.00;0.00;0.00;0.00;0.00;0.00;0.00;0.00;7.20;270.00;11.72;280.62;43.57;270.95;17.64
2018;08;12;05;00;14.40;69.00;1019.70;0.00;0.00;14.00;11.00;14.00;0.00;0.00;0.00;5.82;248.20;9.73;267.88;41.76;270.00;15.48
2018;08;12;06;00;14.12;71.00;1019.70;0.00;0.00;6.00;20.00;2.00;0.00;17.37;0.89;5.62;219.81;8.77;250.82;38.52;270.00;11.88
2018;08;12;07;00;14.91;69.00;1019.80;0.00;0.00;16.50;55.00;8.00;0.00;49.47;88.11;5.62;219.81;6.70;233.75;35.35;266.50;10.44
2018;08;12;08;00;16.08;65.00;1019.40;0.00;0.00;25.20;84.00;13.00;0.00;43.91;229.62;6.64;220.60;6.13;220.24;33.04;258.69;12.96
2018;08;12;09;00;17.54;60.00;1018.80;0.00;0.00;50.00;33.00;50.00;0.00;28.09;369.35;8.53;207.65;8.22;208.81;32.22;251.77;14.40
2018;08;12;10;00;19.24;52.00;1019.10;0.00;0.00;100.00;30.00;100.00;0.00;0.00;425.42;12.10;202.75;12.57;203.63;32.23;249.74;19.08
2018;08;12;11;00;20.69;42.00;1018.40;0.00;0.00;100.00;36.00;8.00;100.00;0.00;545.57;16.87;236.31;18.28;237.88;26.26;241.33;24.12
2018;08;12;12;00;21.90;37.00;1017.90;0.00;0.00;100.00;100.00;52.00;100.00;0.00;599.86;18.20;245.46;19.67;246.25;26.21;249.08;29.88
2018;08;12;13;00;22.87;35.00;1017.50;0.00;0.00;73.00;38.00;73.00;0.00;13.40;660.38;19.24;252.58;20.97;254.05;28.04;254.36;30.24
2018;08;12;14;00;24.10;37.00;1016.40;0.00;0.00;100.00;32.00;100.00;0.00;0.00;716.45;15.41;217.41;15.41;217.41;21.53;218.21;21.60
2018;08;12;15;00;24.90;34.00;1015.90;0.00;0.00;4.20;14.00;0.00;0.00;57.32;677.29;15.31;221.19;15.82;221.31;21.95;221.01;20.88
2018;08;12;16;00;25.37;33.00;1014.70;0.00;0.00;3.90;13.00;0.00;0.00;57.51;645.25;14.51;223.99;15.02;224.03;20.39;222.14;19.08
2018;08;12;17;00;25.63;32.00;1014.40;0.00;0.00;0.90;3.00;0.00;0.00;59.43;548.24;13.25;227.20;13.51;228.24;18.58;225.78;18.00
2018;08;12;18;00;25.63;32.00;1013.90;0.00;0.00;3.30;11.00;0.00;0.00;57.89;427.20;12.03;231.07;12.82;231.84;17.58;227.49;16.92
2018;08;12;19;00;25.35;33.00;1013.20;0.00;0.00;1.20;4.00;0.00;0.00;59.23;289.25;10.74;230.44;11.75;229.97;16.30;226.79;15.48
2018;08;12;20;00;24.74;35.00;1013.00;0.00;0.00;3.00;10.00;0.00;0.00;58.09;144.18;7.15;229.09;9.45;229.64;16.04;225.91;11.16
2018;08;12;21;00;24.28;36.00;1012.60;0.00;0.00;3.90;13.00;0.00;0.00;39.70;18.69;3.08;200.56;5.62;219.81;18.08;224.19;7.20
2018;08;12;22;00;23.87;36.00;1012.80;0.00;0.00;10.50;35.00;0.00;0.00;0.00;0.00;3.83;138.81;4.32;180.00;21.39;226.36;4.32
2018;08;12;23;00;23.39;37.00;1012.60;0.00;0.00;71.00;100.00;71.00;0.00;0.00;0.00;5.62;129.81;6.79;147.99;23.44;227.49;6.48
2018;08;13;00;00;22.24;41.00;1011.90;0.00;0.00;100.00;100.00;100.00;0.00;0.00;0.00;6.64;130.60;11.75;139.97;22.96;228.81;9.72
2018;08;13;01;00;20.83;46.00;1011.80;0.00;0.00;30.00;100.00;0.00;0.00;0.00;0.00;7.39;133.03;16.92;141.91;22.04;231.63;14.76
2018;08;13;02;00;19.65;50.00;1011.20;0.00;0.00;30.00;100.00;0.00;0.00;0.00;0.00;7.90;133.15;20.75;141.34;23.40;233.13;16.20
2018;08;13;03;00;18.74;54.00;1010.80;0.00;0.00;5.70;19.00;0.00;0.00;0.00;0.00;7.90;133.15;21.58;152.15;24.27;234.66;18.00
2018;08;13;04;00;17.80;59.00;1010.60;0.00;0.00;32.00;15.00;32.00;0.00;0.00;0.00;7.65;131.19;20.00;166.46;22.10;239.68;15.48
2018;08;13;05;00;16.87;64.00;1009.90;0.00;0.00;7.00;6.00;7.00;0.00;0.00;0.00;7.15;130.91;18.72;180.00;18.78;237.53;18.36
2018;08;13;06;00;16.16;69.00;1009.70;0.00;0.00;0.00;0.00;0.00;0.00;16.89;0.00;6.37;132.71;17.37;185.95;17.65;230.79;19.08
2018;08;13;07;00;16.73;70.00;1009.40;0.00;0.00;0.00;0.00;0.00;0.00;60.00;80.10;5.69;124.70;15.16;184.09;15.99;215.84;16.92
2018;08;13;08;00;19.03;66.00;1009.10;0.00;0.00;0.00;0.00;0.00;0.00;60.00;215.38;4.58;135.00;11.88;180.00;18.20;204.54;14.76
2018;08;13;09;00;21.58;59.00;1008.90;0.00;0.00;0.90;3.00;0.00;0.00;59.43;359.56;6.76;154.80;6.62;157.62;20.83;189.95;16.20
2018;08;13;10;00;24.23;52.00;1008.80;0.00;0.00;6.90;23.00;0.00;0.00;55.60;495.73;9.03;156.50;8.70;155.56;24.03;188.62;14.40
2018;08;13;11;00;26.53;45.00;1008.40;0.00;0.00;5.70;19.00;0.00;0.00;56.36;602.53;12.50;168.37;12.50;168.37;26.58;188.57;15.84
2018;08;13;12;00;27.97;41.00;1007.90;0.00;0.00;30.00;100.00;0.00;0.00;40.85;679.96;15.19;185.44;15.55;185.31;21.54;189.62;17.28
2018;08;13;13;00;28.69;36.00;1007.40;0.00;0.00;30.00;100.00;0.00;0.00;40.85;654.15;15.78;207.15;16.26;207.70;20.61;207.01;18.72
2018;08;13;14;00;29.11;33.00;1006.80;0.00;0.00;100.00;100.00;100.00;0.00;0.00;640.80;11.37;190.95;11.72;190.62;16.24;192.80;15.12
2018;08;13;15;00;29.11;33.00;1006.30;0.00;0.00;100.00;100.00;100.00;0.00;0.00;433.43;11.11;204.90;11.44;204.15;15.65;203.03;15.12
2018;08;13;16;00;29.57;31.00;1005.80;0.00;0.00;100.00;100.00;100.00;0.00;0.00;359.56;11.44;208.18;11.92;208.89;16.12;209.43;18.00
2018;08;13;17;00;30.09;29.00;1005.70;0.00;0.00;11.10;37.00;2.00;1.00;52.91;488.61;13.04;219.40;13.78;220.76;18.90;220.36;21.60
2018;08;13;18;00;29.66;30.00;1005.60;0.00;0.00;100.00;54.00;100.00;100.00;0.00;352.44;17.17;236.98;20.57;237.14;27.16;235.26;25.92
2018;08;13;19;00;22.66;63.00;1007.80;0.00;0.00;100.00;100.00;100.00;100.00;0.00;51.62;38.05;249.51;47.83;250.20;38.98;248.89;42.48
2018;08;13;20;00;20.95;80.00;1007.90;0.10;0.00;100.00;100.00;100.00;100.00;0.00;26.70;22.82;276.34;28.23;275.86;35.43;244.74;29.16
2018;08;13;21;00;20.30;81.00;1007.70;0.70;0.00;100.00;100.00;100.00;100.00;0.00;8.01;10.50;292.17;11.63;291.80;35.36;234.53;18.00
2018;08;13;22;00;20.66;78.00;1007.70;0.00;0.00;100.00;30.00;100.00;100.00;0.00;0.00;10.54;187.85;12.43;190.01;47.09;233.39;21.96
2018;08;13;23;00;20.23;79.00;1008.30;0.00;0.00;100.00;14.00;100.00;0.00;0.00;0.00;16.87;191.07;20.78;194.04;43.82;241.54;23.04
2018;08;14;00;00;19.79;79.00;1008.10;0.00;0.00;3.00;10.00;0.00;3.00;0.00;0.00;16.28;198.03;20.39;200.67;44.86;247.34;21.96
2018;08;14;01;00;19.40;82.00;1007.90;0.00;0.00;100.00;28.00;0.00;100.00;0.00;0.00;14.08;212.47;18.00;216.87;38.39;249.70;21.24
2018;08;14;02;00;18.96;83.00;1007.90;0.00;0.00;8.70;29.00;0.00;0.00;0.00;0.00;15.00;239.74;20.47;246.14;30.55;261.87;24.12
2018;08;14;03;00;18.30;83.00;1008.50;0.00;0.00;100.00;36.00;0.00;100.00;0.00;0.00;16.34;262.41;20.96;265.07;29.34;255.79;22.32
2018;08;14;04;00;17.61;82.00;1008.40;0.00;0.00;30.00;100.00;0.00;0.00;0.00;0.00;15.86;267.40;21.60;270.00;39.21;256.73;25.92
2018;08;14;05;00;17.23;82.00;1008.60;0.00;0.00;100.00;100.00;100.00;0.00;0.00;0.00;13.56;259.29;18.13;263.16;40.90;260.37;23.76
2018;08;14;06;00;16.79;84.00;1008.70;0.00;0.00;7.20;24.00;0.00;0.00;14.06;0.00;12.30;249.44;16.52;253.54;38.68;255.45;22.68
2018;08;14;07;00;17.23;83.00;1008.90;0.00;0.00;3.90;13.00;0.00;0.00;57.51;79.21;13.89;238.78;17.39;242.90;39.11;248.39;22.68
2018;08;14;08;00;17.95;77.00;1009.10;0.00;0.00;0.00;0.00;0.00;0.00;60.00;221.61;17.23;243.97;20.33;247.07;38.98;248.89;22.68
2018;08;14;09;00;18.78;73.00;1009.00;0.00;0.00;10.00;0.00;0.00;10.00;53.62;345.32;17.73;246.04;20.00;246.67;36.24;249.04;23.40
2018;08;14;10;00;19.91;67.00;1009.40;0.00;0.00;10.00;0.00;0.00;10.00;53.62;463.69;19.83;240.64;21.75;241.31;39.29;242.73;25.56
2018;08;14;11;00;20.30;63.00;1009.60;0.00;0.00;11.00;0.00;0.00;11.00;52.98;487.72;21.49;238.71;24.20;239.62;36.78;246.95;25.92
2018;08;14;12;00;21.63;59.00;1009.50;0.00;0.00;10.00;0.00;0.00;10.00;53.62;585.62;23.19;242.24;25.44;243.07;35.03;247.65;28.44
2018;08;14;13;00;20.81;61.00;1009.40;0.00;0.00;10.00;0.00;10.00;10.00;53.62;322.18;24.20;247.25;27.94;248.06;40.45;249.15;30.24
2018;08;14;14;00;23.20;53.00;1010.10;0.00;0.00;100.00;0.00;10.00;100.00;0.00;612.32;23.24;253.81;26.55;254.27;34.17;253.47;28.08
2018;08;14;15;00;22.39;56.00;1010.50;0.00;0.00;100.00;0.00;0.00;100.00;0.00;326.63;24.39;261.51;27.65;261.76;35.16;259.38;28.80
2018;08;14;16;00;22.64;57.00;1010.50;0.00;0.00;100.00;0.00;0.00;100.00;0.00;437.88;23.73;260.39;26.63;260.66;35.30;258.23;28.80
2018;08;14;17;00;22.53;58.00;1010.80;0.00;0.00;100.00;0.00;0.00;100.00;0.00;436.10;22.86;262.76;26.12;262.87;34.88;262.29;27.72
2018;08;14;18;00;21.94;59.00;1010.90;0.00;0.00;22.00;0.00;0.00;22.00;45.96;167.32;21.67;265.24;25.24;266.73;35.33;267.08;25.56
2018;08;14;19;00;21.84;59.00;1011.10;0.00;0.00;10.00;0.00;0.00;10.00;53.62;130.83;20.96;265.07;24.91;265.86;33.86;268.17;24.48
2018;08;14;20;00;21.14;63.00;1011.50;0.00;0.00;10.00;0.00;0.00;10.00;53.62;113.03;19.81;267.92;24.85;268.34;34.27;279.07;23.76
2018;08;14;21;00;20.47;66.00;1012.00;0.00;0.00;3.00;0.00;0.00;3.00;36.21;10.68;16.95;266.35;22.33;268.15;36.06;284.45;21.24
2018;08;14;22;00;20.36;67.00;1012.40;0.00;0.00;100.00;0.00;0.00;100.00;0.00;0.00;15.91;264.81;19.81;267.92;35.65;290.08;20.16
2018;08;14;23;00;20.19;69.00;1013.10;0.00;0.00;100.00;0.00;0.00;100.00;0.00;0.00;16.58;267.51;21.24;270.00;35.50;292.66;20.16
2018;08;15;00;00;19.43;73.00;1013.20;0.00;0.00;4.00;0.00;0.00;4.00;0.00;0.00;16.60;266.27;21.60;269.05;37.21;294.58;20.16
2018;08;15;01;00;19.17;73.00;1013.30;0.00;0.00;100.00;0.00;0.00;100.00;0.00;0.00;18.23;279.09;23.94;282.15;33.23;292.95;23.40
2018;08;15;02;00;17.88;78.00;1013.90;0.00;0.00;0.00;0.00;0.00;0.00;0.00;0.00;18.72;292.62;24.49;294.30;33.93;287.28;24.12
2018;08;15;03;00;16.69;82.00;1014.70;0.00;0.00;3.30;11.00;0.00;0.00;0.00;0.00;18.58;291.60;24.01;293.88;36.35;286.10;24.12
2018;08;15;04;00;15.77;85.00;1014.80;0.00;0.00;6.30;21.00;0.00;0.00;0.00;0.00;16.39;289.23;21.66;291.45;41.38;297.46;25.20
2018;08;15;05;00;15.08;88.00;1015.00;0.00;0.00;8.70;29.00;0.00;0.00;0.00;0.00;14.33;281.59;18.69;285.64;42.05;302.06;24.48
2018;08;15;06;00;14.81;88.00;1015.50;0.00;0.00;100.00;100.00;100.00;0.00;0.00;0.00;13.72;274.51;17.87;279.27;42.42;300.05;26.28
2018;08;15;07;00;15.28;85.00;1015.80;0.00;0.00;30.00;100.00;30.00;0.00;40.85;68.53;14.40;271.43;17.70;274.67;42.66;301.54;26.64
2018;08;15;08;00;16.58;79.00;1016.20;0.00;0.00;58.00;0.00;58.00;0.00;22.98;218.94;14.76;270.00;16.56;271.25;43.13;303.42;24.12
2018;08;15;09;00;18.38;72.00;1016.50;0.00;0.00;50.00;0.00;50.00;0.00;28.09;359.56;16.24;273.81;18.09;275.71;43.78;306.30;23.76
2018;08;15;10;00;20.04;64.00;1017.20;0.00;0.00;10.00;0.00;0.00;10.00;53.62;490.39;17.77;276.98;18.94;278.75;41.26;305.77;25.20
2018;08;15;11;00;21.40;57.00;1017.00;0.00;0.00;10.00;0.00;0.00;10.00;53.62;570.49;18.00;281.53;19.13;281.94;32.36;297.14;23.04
2018;08;15;12;00;22.49;54.00;1017.00;0.00;0.00;10.00;3.00;0.00;10.00;53.62;645.25;16.81;279.87;17.16;279.66;22.53;282.93;20.52
2018;08;15;13;00;22.77;52.00;1017.10;0.00;0.00;20.00;0.00;0.00;20.00;47.23;590.96;15.91;275.19;16.26;275.08;20.77;278.97;20.16
2018;08;15;14;00;23.58;52.00;1018.00;0.00;0.00;10.00;0.00;0.00;10.00;53.62;687.97;15.89;283.09;16.24;282.80;20.87;285.00;18.36
2018;08;15;15;00;24.06;49.00;1017.70;0.00;0.00;10.00;0.00;0.00;10.00;53.62;589.18;15.11;282.38;15.46;282.09;19.49;281.73;17.64
2018;08;15;16;00;24.45;47.00;1017.70;0.00;0.00;10.00;0.00;0.00;10.00;53.62;594.52;13.56;280.71;13.56;280.71;17.65;281.77;16.56
2018;08;15;17;00;24.65;47.00;1017.90;0.00;0.00;10.00;0.00;0.00;10.00;53.62;497.51;12.37;278.37;12.37;278.37;16.04;279.04;16.20
2018;08;15;18;00;24.55;47.00;1017.70;0.00;0.00;10.00;0.00;0.00;10.00;53.62;379.14;10.54;277.85;10.90;277.59;13.85;278.97;15.12
2018;08;15;19;00;24.35;48.00;1017.70;0.00;0.00;10.00;3.00;0.00;10.00;53.62;256.32;8.64;270.00;8.65;272.39;12.65;274.90;13.68
2018;08;15;20;00;24.05;48.00;1017.80;0.00;0.00;10.00;1.00;0.00;10.00;53.62;121.93;6.13;266.63;6.84;270.00;12.65;274.90;10.08
2018;08;15;21;00;23.76;49.00;1017.80;0.00;0.00;0.00;0.00;0.00;0.00;35.36;9.79;2.55;225.00;4.51;241.39;11.97;276.91;9.72
2018;08;15;22;00;23.29;51.00;1018.20;0.00;0.00;0.00;0.00;0.00;0.00;0.00;0.00;5.04;180.00;7.09;203.96;11.88;270.00;6.84
2018;08;15;23;00;22.29;55.00;1018.60;0.00;0.00;0.00;0.00;0.00;0.00;0.00;0.00;5.40;180.00;9.69;201.80;12.26;266.63;9.36
2018;08;16;00;00;21.23;60.00;1018.40;0.00;0.00;0.00;0.00;0.00;0.00;0.00;0.00;5.40;180.00;12.40;205.82;12.29;264.96;11.52
2018;08;16;01;00;20.39;63.00;1018.50;0.00;0.00;0.00;0.00;0.00;0.00;0.00;0.00;5.40;180.00;14.49;206.57;12.73;261.87;12.24
2018;08;16;02;00;19.68;65.00;1018.50;0.00;0.00;0.00;0.00;0.00;0.00;0.00;0.00;5.41;176.19;16.12;203.70;12.50;258.37;14.04
2018;08;16;03;00;19.85;65.00;1019.30;0.00;0.00;0.00;0.00;0.00;0.00;0.00;0.00;3.60;180.00;5.80;187.13;5.01;291.04;5.76
2018;08;16;04;00;19.49;67.00;1019.10;0.00;0.00;0.00;0.00;0.00;0.00;0.00;0.00;4.74;188.75;9.11;198.43;3.98;264.81;8.28
2018;08;16;05;00;19.03;69.00;1019.20;0.00;0.00;0.00;0.00;0.00;0.00;0.00;0.00;4.45;194.04;9.83;208.44;3.60;233.13;9.72
2018;08;16;06;00;18.48;72.00;1019.40;0.00;0.00;0.00;0.00;0.00;0.00;11.91;0.00;4.32;180.00;9.51;209.48;5.15;192.09;9.72
2018;08;16;07;00;18.52;74.00;1019.30;0.00;0.00;0.00;0.00;0.00;0.00;60.00;62.30;4.45;165.96;8.56;202.25;8.28;180.00;9.72
2018;08;16;08;00;19.78;70.00;1019.10;0.00;0.00;0.00;0.00;0.00;0.00;60.00;202.92;5.05;175.91;4.69;175.60;11.17;178.15;10.44
2018;08;16;09;00;21.28;65.00;1018.80;0.00;0.00;0.00;0.00;0.00;0.00;60.00;347.10;6.73;164.48;6.29;166.76;14.04;180.00;10.44
2018;08;16;10;00;22.82;59.00;1018.70;0.00;0.00;0.00;0.00;0.00;0.00;60.00;481.49;8.47;167.74;7.77;166.61;17.34;184.76;10.44
2018;08;16;11;00;24.20;53.00;1018.60;0.00;0.00;0.00;0.00;0.00;0.00;60.00;595.41;9.73;177.88;9.37;177.80;19.21;192.99;11.16
2018;08;16;12;00;25.24;49.00;1018.30;0.00;0.00;10.00;0.00;0.00;10.00;53.62;655.04;10.82;176.19;10.82;176.19;14.78;177.21;10.08
2018;08;16;13;00;26.22;46.00;1017.80;0.00;0.00;10.00;0.00;0.00;10.00;53.62;695.09;11.54;176.42;11.18;176.31;15.48;178.67;11.16
2018;08;16;14;00;27.04;43.00;1017.10;0.00;0.00;0.00;0.00;0.00;0.00;60.00;729.80;12.26;176.63;12.26;176.63;16.20;178.73;12.24
2018;08;16;15;00;27.59;42.00;1016.40;0.00;0.00;0.00;0.00;0.00;0.00;60.00;699.54;12.73;171.87;12.73;171.87;15.91;174.81;12.24
2018;08;16;16;00;27.98;41.00;1015.90;0.00;0.00;0.00;0.00;0.00;0.00;60.00;629.23;13.28;167.47;13.28;167.47;16.81;170.13;10.80
2018;08;16;17;00;28.20;40.00;1015.70;0.00;0.00;0.00;0.00;0.00;0.00;60.00;525.99;14.15;165.26;14.41;167.01;17.87;170.73;12.60
2018;08;16;18;00;28.14;40.00;1015.10;0.00;0.00;0.00;0.00;0.00;0.00;60.00;399.61;14.15;165.26;14.84;165.96;18.58;171.09;11.88
2018;08;16;19;00;27.78;40.00;1014.80;0.00;0.00;0.00;0.00;0.00;0.00;60.00;257.21;13.66;161.57;15.14;162.00;19.13;168.06;11.88
2018;08;16;20;00;26.94;43.00;1014.50;0.00;0.00;0.00;0.00;0.00;0.00;60.00;112.14;10.63;151.70;14.97;152.82;21.05;167.15;13.68
2018;08;16;21;00;25.86;47.00;1014.60;0.00;0.00;0.00;0.00;0.00;0.00;33.31;8.01;8.65;135.00;16.92;141.91;21.84;171.47;18.36
2018;08;16;22;00;24.66;51.00;1015.10;0.00;0.00;0.00;0.00;0.00;0.00;0.00;0.00;11.02;128.37;21.92;137.66;22.10;173.45;23.40
2018;08;16;23;00;23.32;55.00;1015.30;0.00;0.00;0.00;0.00;0.00;0.00;0.00;0.00;13.00;131.63;25.54;139.57;21.63;177.14;24.84
