LAT;;;;;-34.6132;-34.6132;-34.6132;-34.6132;-34.6132;-34.6132;-34.6132;-34.6132;-34.6132;-34.6132;-34.6132;-34.6132;-34.6132;-34.6132;-34.6132;-34.6132;-34.6132;-34.6132
LON;;;;;-58.3772;-58.3772;-58.3772;-58.3772;-58.3772;-58.3772;-58.3772;-58.3772;-58.3772;-58.3772;-58.3772;-58.3772;-58.3772;-58.3772;-58.3772;-58.3772;-58.3772;-58.3772
ASL;;;;;31.0000;31.0000;31.0000;31.0000;31.0000;31.0000;31.0000;31.0000;31.0000;31.0000;31.0000;31.0000;31.0000;31.0000;31.0000;31.0000;31.0000;31.0000
CITY;;;;;Buenos Aires;Buenos Aires;Buenos Aires;Buenos Aires;Buenos Aires;Buenos Aires;Buenos Aires;Buenos Aires;Buenos Aires;Buenos Aires;Buenos Aires;Buenos Aires;Buenos Aires;Buenos Aires;Buenos Aires;Buenos Aires;Buenos Aires;Buenos Aires
DOMAIN;;;;;NEMSSA;NEMSSA;NEMSSA;NEMSSA;NEMSSA;NEMSSA;NEMSSA;NEMSSA;NEMSSA;NEMSSA;NEMSSA;NEMSSA;NEMSSA;NEMSSA;NEMSSA;NEMSSA;NEMSSA;NEMSSA
LEVEL;;;;;2 m above gnd;2 m above gnd;MSL;sfc;sfc;sfc;high cld lay;mid cld lay;low cld lay;sfc;sfc;10 m above gnd;10 m above gnd;80 m above gnd;80 m above gnd;900 mb;900 mb;sfc
NAME;;;;;Temperature;Relative Humidity;Mean Sea Level Pressure;Total Precipitation;Snowfall amount raw;Total Cloud Cover;High Cloud Cover;Medium Cloud Cover;Low Cloud Cover;Sunshine Duration;Shortwave Radiation;Wind Speed;Wind Direction;Wind Speed;Wind Direction;Wind Speed;Wind Direction;Wind Gust
UNIT;;;;;째C;%;hPa;mm;cm;%;%;%;%;min;W/m2;km/h;째;km/h;째;km/h;째;km/h
AGGREGATION;;;;;;;;;;;;;;;;;;;;;;
UTC_OFFSET;;;;;-3;-3;-3;-3;-3;-3;-3;-3;-3;-3;-3;-3;-3;-3;-3;-3;-3;-3

Year;Month;Day;Hour;Minute;Temperature  [2 m above gnd];Relative Humidity  [2 m above gnd];Mean Sea Level Pressure  [MSL];Total Precipitation  [sfc];Snowfall amount raw  [sfc];Total Cloud Cover  [sfc];High Cloud Cover  [high cld lay];Medium Cloud Cover  [mid cld lay];Low Cloud Cover  [low cld lay];Sunshine Duration  [sfc];Shortwave Radiation  [sfc];Wind Speed  [10 m above gnd];Wind Direction  [10 m above gnd];Wind Speed  [80 m above gnd];Wind Direction  [80 m above gnd];Wind Speed  [900 mb];Wind Direction  [900 mb];Wind Gust  [sfc]
2018;08;17;00;00;12.77;85.00;1024.60;0.00;0.00;0.00;0.00;0.00;0.00;0.00;0.00;18.47;33.07;31.40;25.10;35.54;346.53;35.28
2018;08;17;01;00;12.35;86.00;1024.50;0.00;0.00;0.00;0.00;0.00;0.00;0.00;0.00;19.32;26.57;30.55;21.43;33.72;343.89;37.80
2018;08;17;02;00;12.08;88.00;1024.30;0.00;0.00;0.00;0.00;0.00;0.00;0.00;0.00;19.26;20.81;27.55;17.49;32.22;341.77;30.60
2018;08;17;03;00;11.95;90.00;1024.10;0.00;0.00;0.00;0.00;0.00;0.00;0.00;0.00;18.10;17.35;25.76;15.40;30.30;339.84;36.00
2018;08;17;04;00;11.76;91.00;1024.00;0.00;0.00;0.00;0.00;0.00;0.00;0.00;0.00;17.81;14.04;23.31;13.39;27.89;336.41;20.88
2018;08;17;05;00;11.49;93.00;1023.80;0.00;0.00;0.00;0.00;0.00;0.00;0.00;0.00;17.38;13.17;21.83;13.35;25.77;331.65;32.76
2018;08;17;06;00;11.23;93.00;1023.60;0.00;0.00;0.00;0.00;0.00;0.00;0.00;0.00;16.52;11.31;20.62;12.09;23.09;329.04;30.96
2018;08;17;07;00;11.06;94.00;1023.70;0.00;0.00;0.00;0.00;0.00;0.00;0.00;0.00;16.77;14.93;20.43;14.28;20.14;331.14;16.56
2018;08;17;08;00;11.66;92.00;1024.00;0.00;0.00;100.00;1.00;0.00;100.00;0.00;12.46;17.42;18.06;20.62;16.22;18.33;340.50;16.56
2018;08;17;09;00;12.20;88.00;1022.90;0.00;0.00;4.50;15.00;0.00;0.00;57.13;169.99;19.48;16.09;22.10;16.07;22.42;354.47;31.32
2018;08;17;10;00;12.89;84.00;1022.90;0.00;0.00;4.20;14.00;0.00;0.00;57.32;343.54;19.65;13.78;21.67;11.50;23.76;359.13;29.16
2018;08;17;11;00;13.37;82.00;1022.70;0.00;0.00;70.00;6.00;0.00;70.00;15.32;485.05;18.78;12.17;21.19;9.78;25.93;1.59;27.00
2018;08;17;12;00;13.90;81.00;1022.50;0.00;0.00;54.00;0.00;0.00;54.00;25.53;582.95;16.68;13.74;18.36;11.31;28.82;2.15;25.56
2018;08;17;13;00;14.63;81.00;1021.60;0.00;0.00;82.00;4.00;0.00;82.00;7.66;633.68;13.55;16.99;15.63;14.68;32.04;360.00;23.76
2018;08;17;14;00;15.62;80.00;1020.50;0.00;0.00;49.00;17.00;0.00;49.00;28.72;629.23;10.16;22.93;13.36;14.04;33.57;355.70;24.84
2018;08;17;15;00;16.44;79.00;1019.20;0.00;0.00;57.00;19.00;0.00;57.00;23.62;578.50;9.69;31.33;14.76;12.68;35.99;351.95;24.12
2018;08;17;16;00;16.60;80.00;1018.40;0.00;0.00;30.00;100.00;0.00;0.00;40.85;472.59;11.72;42.51;19.65;13.78;39.97;352.23;25.56
2018;08;17;17;00;16.16;83.00;1017.70;0.00;0.00;100.00;100.00;100.00;0.00;0.00;275.90;11.72;47.49;20.97;11.89;44.45;351.15;26.64
2018;08;17;18;00;15.54;87.00;1017.60;0.00;0.00;7.20;24.00;0.00;0.00;23.17;139.73;9.29;54.46;19.65;8.43;47.72;343.34;21.60
2018;08;17;19;00;14.12;93.00;1017.60;0.00;0.00;7.20;24.00;0.00;0.00;0.00;10.68;9.00;53.13;21.79;7.59;48.36;330.57;21.60
2018;08;17;20;00;13.68;96.00;1017.60;0.00;0.00;6.60;22.00;0.00;0.00;0.00;0.00;9.42;43.45;24.29;6.81;48.24;327.50;29.16
2018;08;17;21;00;13.51;97.00;1017.60;0.00;0.00;8.70;29.00;0.00;0.00;0.00;0.00;10.51;38.05;25.92;9.59;49.15;328.17;30.24
2018;08;17;22;00;13.70;96.00;1017.40;0.00;0.00;18.00;60.00;0.00;0.00;0.00;0.00;10.88;34.22;25.85;12.87;49.92;326.77;29.88
2018;08;17;23;00;13.90;97.00;1017.30;0.00;0.00;5.10;17.00;0.00;1.00;0.00;0.00;11.49;32.20;26.58;8.57;50.23;326.99;30.24
2018;08;18;00;00;14.05;97.00;1017.20;0.00;0.00;11.70;39.00;0.00;0.00;0.00;0.00;12.07;26.57;28.16;4.40;50.82;329.80;35.64
2018;08;18;01;00;13.94;97.00;1016.90;0.00;0.00;30.00;100.00;0.00;1.00;0.00;0.00;12.18;18.97;29.16;0.71;52.29;329.37;37.44
2018;08;18;02;00;13.68;97.00;1016.60;0.00;0.00;30.00;100.00;0.00;0.00;0.00;0.00;12.50;11.63;30.29;356.59;55.75;328.47;36.36
2018;08;18;03;00;13.65;97.00;1016.50;0.00;0.00;30.00;100.00;0.00;0.00;0.00;0.00;13.36;4.64;31.85;354.16;59.31;326.89;33.12
2018;08;18;04;00;13.70;97.00;1016.20;0.00;0.00;30.00;100.00;0.00;0.00;0.00;0.00;13.68;360.00;32.02;351.60;64.80;323.13;42.48
2018;08;18;05;00;13.99;95.00;1016.00;0.00;0.00;30.00;100.00;0.00;0.00;0.00;0.00;12.98;356.82;30.15;348.29;65.33;321.49;37.44
2018;08;18;06;00;14.04;95.00;1015.70;0.00;0.00;100.00;100.00;100.00;10.00;0.00;0.00;11.16;360.00;26.99;350.79;58.08;320.79;39.24
2018;08;18;07;00;13.89;95.00;1015.70;0.00;0.00;100.00;100.00;100.00;10.00;0.00;0.00;12.65;4.90;27.45;355.49;51.69;316.41;24.12
2018;08;18;08;00;14.35;94.00;1016.30;0.00;0.00;100.00;100.00;100.00;10.00;0.00;12.46;15.84;360.00;29.38;352.96;50.77;308.09;25.92
2018;08;18;09;00;16.49;90.00;1015.60;0.00;0.00;14.70;49.00;0.00;10.00;50.62;157.53;23.50;354.73;36.66;352.67;57.95;310.72;27.72
2018;08;18;10;00;17.64;86.00;1015.50;0.00;0.00;10.20;34.00;7.00;10.00;53.49;314.17;23.62;352.12;35.94;349.03;56.90;308.32;33.12
2018;08;18;11;00;18.92;81.00;1015.20;0.00;0.00;19.00;34.00;19.00;10.00;47.87;443.22;21.49;351.33;35.11;346.96;55.03;305.15;35.64
2018;08;18;12;00;19.81;80.00;1015.10;0.00;0.00;100.00;56.00;75.00;100.00;0.00;384.48;16.39;340.77;28.04;335.74;65.00;303.25;29.16
2018;08;18;13;00;20.38;80.00;1014.90;0.30;0.00;100.00;100.00;100.00;89.00;0.00;155.75;11.48;318.81;18.08;314.19;61.50;296.42;18.36
2018;08;18;14;00;20.96;82.00;1014.60;0.80;0.00;100.00;100.00;100.00;100.00;0.00;186.01;10.66;281.69;15.27;278.13;55.74;294.41;23.76
2018;08;18;15;00;20.52;85.00;1014.50;1.20;0.00;100.00;100.00;100.00;100.00;0.00;106.80;14.17;242.78;17.78;238.24;35.10;280.04;20.16
2018;08;18;16;00;18.62;90.00;1015.20;0.40;0.00;100.00;100.00;100.00;100.00;0.00;92.56;20.32;209.74;24.80;205.82;21.32;281.69;20.52
2018;08;18;17;00;17.05;89.00;1015.90;0.00;0.00;100.00;100.00;100.00;100.00;0.00;137.06;25.86;196.16;34.17;196.53;12.78;279.73;36.72
2018;08;18;18;00;15.29;88.00;1016.90;0.30;0.00;100.00;65.00;100.00;100.00;0.00;19.58;31.88;186.48;40.45;184.59;11.18;176.31;40.32
2018;08;18;19;00;13.63;86.00;1018.50;1.40;0.00;100.00;31.00;100.00;100.00;0.00;0.89;36.75;182.25;46.09;181.34;35.45;147.44;42.84
2018;08;18;20;00;11.64;87.00;1020.40;2.70;0.00;100.00;22.00;100.00;100.00;0.00;0.00;39.97;181.03;48.97;181.26;47.38;150.90;41.04
2018;08;18;21;00;10.48;90.00;1021.20;3.40;0.00;100.00;34.00;100.00;100.00;0.00;0.00;37.46;178.35;45.76;177.75;53.48;158.27;40.32
2018;08;18;22;00;9.61;91.00;1022.00;4.40;0.00;100.00;100.00;100.00;100.00;0.00;0.00;35.11;174.11;43.06;174.24;59.43;173.39;40.32
2018;08;18;23;00;8.92;91.00;1024.10;4.30;0.00;100.00;100.00;100.00;100.00;0.00;0.00;34.57;178.81;41.77;178.52;64.55;192.56;38.52
2018;08;19;00;00;8.22;90.00;1025.40;3.40;0.00;100.00;100.00;100.00;100.00;0.00;0.00;33.12;180.00;39.96;179.48;68.28;184.84;42.12
2018;08;19;01;00;7.30;88.00;1025.20;1.60;0.00;100.00;100.00;100.00;100.00;0.00;0.00;35.11;166.96;41.66;167.52;65.47;171.78;41.40
2018;08;19;02;00;6.10;89.00;1027.00;1.70;0.00;100.00;100.00;100.00;100.00;0.00;0.00;31.70;178.05;37.12;177.22;61.94;162.41;37.08
2018;08;19;03;00;4.76;90.00;1026.50;0.50;0.00;100.00;32.00;100.00;100.00;0.00;0.00;31.78;170.22;37.23;170.54;67.23;165.74;38.52
2018;08;19;04;00;4.49;88.00;1026.70;0.50;0.00;100.00;49.00;100.00;100.00;0.00;0.00;23.84;154.98;27.69;153.77;78.14;163.40;35.64
2018;08;19;05;00;4.94;87.00;1027.00;0.20;0.00;100.00;100.00;100.00;100.00;0.00;0.00;19.27;147.20;20.97;145.49;74.17;163.94;25.20
2018;08;19;06;00;5.07;87.00;1027.50;0.00;0.00;100.00;100.00;100.00;100.00;0.00;0.00;16.17;168.44;18.43;167.59;73.95;159.18;19.08
2018;08;19;07;00;5.10;90.00;1027.30;0.00;0.00;100.00;73.00;100.00;100.00;0.00;0.00;17.87;189.27;21.05;192.85;68.54;156.80;29.16
2018;08;19;08;00;5.73;89.00;1028.50;0.00;0.00;100.00;100.00;100.00;100.00;0.00;1.78;15.62;205.97;17.55;205.51;65.05;157.55;23.04
2018;08;19;09;00;8.37;67.00;1030.00;0.00;0.00;100.00;13.00;100.00;0.00;0.00;87.22;23.69;204.23;28.69;203.67;44.63;169.78;29.16
2018;08;19;10;00;7.97;65.00;1030.50;0.00;0.00;100.00;100.00;100.00;11.00;0.00;79.21;23.11;198.15;27.35;196.05;35.82;174.23;27.36
2018;08;19;11;00;8.46;63.00;1031.00;0.00;0.00;100.00;100.00;100.00;0.00;0.00;106.80;25.28;197.40;29.28;196.43;35.30;178.25;26.28
2018;08;19;12;00;10.24;56.00;1030.80;0.00;0.00;70.00;16.00;70.00;0.00;15.32;303.49;26.53;187.80;30.19;188.23;34.65;184.17;27.72
2018;08;19;13;00;11.42;51.00;1030.40;0.00;0.00;100.00;100.00;100.00;10.00;0.00;638.13;26.08;186.34;29.30;185.64;36.64;190.76;29.88
2018;08;19;14;00;11.69;49.00;1030.40;0.00;0.00;10.00;0.00;5.00;10.00;53.62;442.33;26.31;196.70;29.38;197.10;35.02;194.89;27.36
2018;08;19;15;00;11.82;44.00;1029.80;0.00;0.00;10.00;0.00;0.00;10.00;53.62;570.49;27.78;198.90;31.31;199.48;36.89;198.79;27.72
2018;08;19;16;00;11.62;42.00;1030.20;0.00;0.00;10.00;0.00;0.00;10.00;53.62;468.14;29.04;197.31;33.14;197.06;37.73;195.49;27.36
2018;08;19;17;00;10.99;44.00;1030.40;0.00;0.00;68.00;0.00;0.00;68.00;16.60;293.70;29.34;194.21;34.14;194.04;38.16;193.64;27.00
2018;08;19;18;00;9.67;49.00;1031.10;0.00;0.00;10.00;0.00;0.00;10.00;23.71;161.98;29.59;189.81;34.98;188.88;38.05;186.52;28.44
2018;08;19;19;00;8.99;52.00;1031.80;0.00;0.00;100.00;0.00;0.00;100.00;0.00;5.34;27.65;188.24;32.69;187.59;38.96;183.71;25.56
2018;08;19;20;00;8.36;56.00;1032.60;0.00;0.00;100.00;0.00;0.00;100.00;0.00;0.00;28.16;184.40;35.04;184.71;39.97;181.55;29.16
2018;08;19;21;00;8.12;57.00;1033.20;0.00;0.00;100.00;0.00;0.00;100.00;0.00;0.00;26.64;180.77;32.76;180.63;41.40;180.00;28.44
2018;08;19;22;00;7.73;58.00;1033.10;0.00;0.00;100.00;0.00;0.00;100.00;0.00;0.00;26.66;182.32;32.76;180.63;40.72;177.47;28.80
2018;08;19;23;00;7.31;60.00;1033.40;0.00;0.00;78.00;0.00;0.00;78.00;0.00;0.00;25.62;184.03;30.98;182.00;38.66;175.19;26.64
2018;08;20;00;00;6.18;66.00;1033.40;0.00;0.00;100.00;0.00;0.00;100.00;0.00;0.00;23.27;188.00;28.67;187.21;33.12;180.00;26.28
2018;08;20;01;00;6.15;68.00;1033.30;0.00;0.00;100.00;0.00;0.00;100.00;0.00;0.00;22.73;190.95;27.82;190.44;29.78;187.64;26.64
2018;08;20;02;00;5.59;71.00;1033.30;0.00;0.00;60.00;0.00;6.00;60.00;0.00;0.00;21.86;197.24;27.00;196.26;28.29;194.74;26.28
2018;08;20;03;00;4.50;75.00;1032.90;0.00;0.00;2.00;0.00;0.00;2.00;0.00;0.00;22.88;199.29;28.46;198.43;26.47;202.38;28.44
2018;08;20;04;00;3.23;81.00;1032.70;0.00;0.00;0.00;0.00;0.00;0.00;0.00;0.00;22.09;199.03;27.10;196.99;28.55;203.01;31.32
2018;08;20;05;00;2.40;85.00;1032.60;0.00;0.00;0.00;0.00;0.00;0.00;0.00;0.00;21.33;201.80;26.42;199.92;33.03;196.46;25.92
2018;08;20;06;00;1.80;87.00;1032.40;0.00;0.00;0.00;0.00;0.00;0.00;0.00;0.00;20.39;200.67;25.28;197.40;34.49;193.89;24.12
2018;08;20;07;00;1.19;89.00;1032.50;0.00;0.00;0.00;0.00;0.00;0.00;33.31;0.00;19.52;202.78;23.73;202.29;34.98;188.88;22.32
2018;08;20;08;00;1.08;90.00;1032.70;0.00;0.00;0.00;0.00;0.00;0.00;60.00;16.91;18.85;208.52;22.06;206.15;35.54;186.98;24.84
2018;08;20;09;00;1.57;93.00;1032.20;0.00;0.00;100.00;0.00;0.00;100.00;0.00;141.51;17.65;219.21;19.45;218.99;29.99;175.18;26.28
2018;08;20;10;00;4.60;81.00;1032.70;0.00;0.00;0.00;0.00;0.00;0.00;60.00;351.55;16.99;216.38;17.87;214.33;28.91;175.00;20.16
2018;08;20;11;00;7.24;72.00;1032.60;0.00;0.00;0.00;0.00;0.00;0.00;60.00;508.19;16.79;210.96;17.73;209.17;27.40;176.99;19.44
2018;08;20;12;00;8.81;64.00;1032.10;0.00;0.00;0.00;0.00;0.00;0.00;60.00;614.10;16.75;205.46;17.58;202.89;26.64;180.77;20.88
2018;08;20;13;00;9.75;59.00;1031.70;0.00;0.00;0.00;0.00;0.00;0.00;60.00;652.37;15.78;214.78;16.08;214.05;25.72;186.43;20.52
2018;08;20;14;00;10.34;55.00;1030.90;0.00;0.00;10.00;0.00;0.00;10.00;53.62;632.79;16.09;220.46;16.64;218.85;23.93;201.16;20.52
2018;08;20;15;00;10.71;54.00;1030.30;0.00;0.00;10.00;0.00;0.00;10.00;53.62;569.60;17.38;219.96;18.16;219.37;25.12;205.46;21.96
2018;08;20;16;00;10.84;53.00;1029.80;0.00;0.00;10.00;0.00;0.00;10.00;53.62;464.58;18.47;213.07;19.58;212.23;25.29;204.38;20.88
2018;08;20;17;00;10.58;54.00;1029.50;0.00;0.00;10.00;0.00;0.00;10.00;53.62;320.40;19.16;205.60;20.77;205.68;25.50;198.95;20.88
2018;08;20;18;00;9.82;58.00;1029.80;0.00;0.00;0.00;0.00;0.00;0.00;27.26;150.41;19.01;198.78;21.97;198.14;25.63;190.52;19.44
2018;08;20;19;00;8.51;66.00;1029.80;0.00;0.00;0.00;0.00;0.00;0.00;0.00;10.68;17.73;192.91;22.45;192.03;25.92;180.00;22.32
2018;08;20;20;00;7.41;72.00;1030.30;0.00;0.00;0.00;0.00;0.00;0.00;0.00;0.00;16.87;191.07;22.20;188.39;24.37;167.20;23.04
2018;08;20;21;00;6.58;73.00;1030.70;0.00;0.00;0.00;0.00;0.00;0.00;0.00;0.00;15.68;189.25;22.01;183.75;20.77;154.32;19.44
2018;08;20;22;00;5.82;74.00;1030.40;0.00;0.00;0.00;0.00;0.00;0.00;0.00;0.00;14.15;187.31;20.21;175.91;16.78;144.61;21.24
2018;08;20;23;00;5.16;76.00;1030.50;0.00;0.00;0.00;0.00;0.00;0.00;0.00;0.00;11.89;181.74;17.90;164.85;11.97;133.78;18.72
2018;08;21;00;00;4.57;79.00;1030.50;0.00;0.00;0.00;0.00;0.00;0.00;0.00;0.00;9.01;177.71;14.69;149.04;6.44;116.57;15.84
2018;08;21;01;00;4.21;82.00;1030.50;0.00;0.00;0.00;0.00;0.00;0.00;0.00;0.00;6.16;173.29;11.20;135.00;2.31;51.34;13.32
2018;08;21;02;00;4.19;82.00;1030.30;0.00;0.00;0.00;0.00;0.00;0.00;0.00;0.00;3.60;180.00;6.99;124.51;4.68;337.38;8.64
2018;08;21;03;00;4.20;83.00;1030.00;0.00;0.00;0.00;0.00;0.00;0.00;0.00;0.00;2.62;195.95;3.83;131.19;7.65;311.19;6.48
2018;08;21;04;00;4.04;83.00;1030.00;0.00;0.00;0.00;0.00;0.00;0.00;0.00;0.00;2.60;213.69;1.61;153.43;10.99;301.61;3.60
2018;08;21;05;00;3.67;85.00;1030.00;0.00;0.00;0.00;0.00;0.00;0.00;0.00;0.00;2.31;218.66;0.72;180.00;13.38;293.81;1.44
2018;08;21;06;00;3.21;86.00;1029.80;0.00;0.00;0.00;0.00;0.00;0.00;0.00;0.00;2.97;194.04;1.80;180.00;13.90;286.56;2.16
2018;08;21;07;00;2.68;88.00;1030.00;0.00;0.00;0.00;0.00;0.00;0.00;34.51;0.00;4.33;175.24;3.55;156.04;13.00;274.76;4.32
2018;08;21;08;00;2.50;91.00;1030.30;0.00;0.00;0.00;0.00;0.00;0.00;60.00;18.69;5.35;160.35;5.35;137.73;11.18;266.31;5.04
2018;08;21;09;00;4.22;74.00;1029.70;0.00;0.00;0.00;0.00;0.00;0.00;60.00;179.78;5.77;183.58;9.72;180.00;8.09;302.28;7.92
2018;08;21;10;00;7.53;62.00;1030.00;0.00;0.00;0.00;0.00;0.00;0.00;60.00;362.23;5.15;167.91;5.86;169.38;7.20;306.87;3.96
2018;08;21;11;00;9.26;53.00;1030.10;0.00;0.00;0.00;0.00;0.00;0.00;60.00;514.42;2.81;140.19;3.10;144.46;6.92;308.66;3.60
2018;08;21;12;00;10.28;50.00;1029.70;0.00;0.00;0.00;0.00;0.00;0.00;60.00;620.33;3.56;45.00;3.56;45.00;7.65;318.81;6.48
2018;08;21;13;00;10.83;50.00;1029.50;0.00;0.00;0.00;0.00;0.00;0.00;60.00;675.51;6.38;16.39;7.07;14.74;9.39;327.53;9.36
2018;08;21;14;00;11.08;49.00;1029.00;0.00;0.00;0.00;0.00;0.00;0.00;60.00;672.84;8.71;7.13;9.42;6.58;12.07;333.43;11.88
2018;08;21;15;00;11.11;50.00;1028.10;0.00;0.00;0.00;0.00;0.00;0.00;60.00;614.10;9.75;4.24;10.82;3.81;14.84;337.17;13.68
2018;08;21;16;00;11.02;52.00;1027.80;0.00;0.00;0.00;0.00;0.00;0.00;60.00;502.85;9.72;360.00;10.81;358.09;16.98;338.88;14.40
2018;08;21;17;00;10.76;55.00;1027.20;0.00;0.00;0.00;0.00;0.00;0.00;60.00;347.99;9.36;360.00;10.80;360.00;19.59;342.90;14.40
2018;08;21;18;00;10.12;60.00;1026.90;0.00;0.00;0.00;0.00;0.00;0.00;27.99;161.98;9.11;9.09;10.50;5.91;22.38;348.87;14.40
2018;08;21;19;00;9.46;66.00;1027.10;0.00;0.00;0.00;0.00;0.00;0.00;0.00;11.57;8.56;14.62;9.89;10.49;23.86;348.69;13.32
2018;08;21;20;00;9.34;69.00;1027.40;0.00;0.00;0.00;0.00;0.00;0.00;0.00;0.00;9.23;20.56;11.62;16.19;24.92;349.18;12.96
2018;08;21;21;00;9.43;72.00;1027.40;0.00;0.00;0.00;0.00;0.00;0.00;0.00;0.00;11.28;16.70;14.15;14.74;24.74;351.63;12.96
2018;08;21;22;00;9.47;74.00;1027.30;0.00;0.00;0.00;0.00;0.00;0.00;0.00;0.00;14.80;4.18;18.39;3.37;24.34;352.35;14.76
2018;08;21;23;00;9.36;72.00;1027.40;0.00;0.00;7.00;0.00;0.00;7.00;0.00;0.00;18.73;357.80;23.83;355.67;24.22;354.88;12.24
2018;08;22;00;00;9.47;67.00;1027.40;0.00;0.00;0.00;0.00;0.00;0.00;0.00;0.00;20.63;353.99;24.65;353.29;25.72;353.57;18.36
2018;08;22;01;00;9.24;67.00;1027.50;0.00;0.00;0.00;0.00;0.00;0.00;0.00;0.00;21.03;353.12;25.15;350.94;27.24;352.41;18.36
2018;08;22;02;00;9.11;67.00;1027.30;0.00;0.00;0.00;0.00;0.00;0.00;0.00;0.00;21.43;352.28;25.92;350.41;28.77;351.36;18.36
2018;08;22;03;00;8.94;70.00;1027.10;0.00;0.00;0.00;0.00;0.00;0.00;0.00;0.00;21.79;352.41;27.05;350.04;30.15;348.29;20.16
2018;08;22;04;00;8.74;72.00;1027.00;0.00;0.00;0.00;0.00;0.00;0.00;0.00;0.00;21.96;349.61;27.53;348.69;33.00;346.12;20.52
2018;08;22;05;00;8.54;74.00;1026.90;0.00;0.00;0.00;0.00;0.00;0.00;0.00;0.00;21.48;346.43;27.16;345.41;37.35;342.61;21.24
2018;08;22;06;00;8.36;76.00;1026.70;0.00;0.00;0.00;0.00;0.00;0.00;0.00;0.00;19.83;344.20;25.52;343.61;39.96;341.08;20.16
2018;08;22;07;00;8.28;77.00;1026.70;0.00;0.00;0.00;0.00;0.00;0.00;35.73;0.00;18.51;346.50;23.93;344.29;41.10;341.09;18.72
2018;08;22;08;00;8.38;79.00;1026.90;0.00;0.00;0.00;0.00;0.00;0.00;60.00;20.47;17.52;350.54;22.81;348.16;40.45;343.98;19.08
2018;08;22;09;00;9.07;82.00;1025.50;0.00;0.00;0.00;0.00;0.00;0.00;60.00;182.45;15.84;360.00;19.47;356.82;34.14;345.96;19.80
2018;08;22;10;00;10.33;76.00;1025.50;0.00;0.00;10.00;0.00;0.00;10.00;53.62;359.56;18.09;5.71;21.27;2.91;35.81;347.22;21.96
2018;08;22;11;00;11.07;73.00;1025.20;0.00;0.00;10.00;0.00;0.00;10.00;53.62;491.28;19.92;6.23;22.75;4.54;37.64;347.29;24.84
2018;08;22;12;00;11.19;73.00;1024.80;0.00;0.00;11.00;0.00;0.00;11.00;52.98;434.32;22.03;4.69;24.52;3.37;36.76;351.55;27.36
2018;08;22;13;00;12.06;69.00;1023.90;0.00;0.00;10.00;0.00;0.00;10.00;53.62;531.33;25.94;2.39;29.89;1.38;34.92;360.00;30.24
2018;08;22;14;00;12.49;66.00;1022.90;0.00;0.00;10.00;0.00;0.00;10.00;53.62;640.80;27.19;6.84;31.42;4.60;35.40;4.67;30.96
2018;08;22;15;00;12.58;65.00;1021.70;0.00;0.00;10.00;0.00;0.00;10.00;53.62;586.51;25.77;12.09;30.01;10.37;39.61;11.00;30.60
2018;08;22;16;00;12.58;66.00;1020.90;0.00;0.00;10.00;0.00;0.00;10.00;53.62;481.49;21.83;13.35;24.57;10.98;48.11;5.58;29.16
2018;08;22;17;00;12.57;68.00;1020.20;0.00;0.00;0.00;0.00;0.00;0.00;60.00;336.42;16.81;9.87;18.89;7.67;54.07;7.27;25.20
2018;08;22;18;00;12.26;72.00;1019.60;0.00;0.00;0.00;0.00;0.00;0.00;28.71;161.98;11.79;12.34;14.62;9.93;53.72;7.32;22.68
2018;08;22;19;00;11.71;77.00;1018.90;0.00;0.00;0.00;0.00;0.00;0.00;0.00;12.46;11.27;26.57;17.45;21.80;53.05;7.80;25.56
2018;08;22;20;00;11.81;82.00;1018.50;0.00;0.00;0.00;0.00;0.00;0.00;0.00;0.00;16.12;29.43;25.48;23.30;55.58;4.09;23.76
2018;08;22;21;00;12.24;80.00;1018.40;0.00;0.00;0.00;0.00;0.00;0.00;0.00;0.00;20.80;23.46;31.56;20.71;59.89;3.79;31.68
2018;08;22;22;00;11.83;81.00;1017.90;0.00;0.00;10.00;0.00;0.00;10.00;0.00;0.00;20.45;26.11;32.02;21.08;60.36;5.13;19.08
2018;08;22;23;00;11.58;83.00;1017.80;0.00;0.00;10.00;0.00;0.00;10.00;0.00;0.00;19.97;25.64;30.30;20.16;57.67;2.86;27.00
2018;08;23;00;00;11.58;85.00;1017.60;0.00;0.00;10.00;0.00;0.00;10.00;0.00;0.00;20.45;26.11;27.28;22.50;57.98;358.58;20.16
2018;08;23;01;00;11.05;89.00;1017.30;0.00;0.00;12.00;0.00;0.00;12.00;0.00;0.00;23.87;23.09;27.94;21.94;59.81;357.59;29.88
2018;08;23;02;00;11.10;90.00;1017.20;0.00;0.00;1.00;0.00;0.00;1.00;0.00;0.00;25.17;16.62;29.08;15.07;69.09;351.91;34.92
2018;08;23;03;00;11.18;91.00;1016.80;0.00;0.00;100.00;2.00;0.00;100.00;0.00;0.00;27.21;17.72;31.45;15.95;63.65;346.59;25.92
2018;08;23;04;00;11.21;90.00;1016.80;0.00;0.00;100.00;33.00;0.00;100.00;0.00;0.00;29.26;18.66;34.86;16.19;60.78;344.89;28.44
2018;08;23;05;00;10.89;89.00;1016.40;0.00;0.00;100.00;100.00;100.00;10.00;0.00;0.00;30.40;18.65;35.76;16.98;55.89;345.07;31.32
2018;08;23;06;00;10.62;88.00;1016.00;0.00;0.00;100.00;77.00;100.00;100.00;0.00;0.00;31.17;14.04;36.43;11.98;51.78;346.74;33.12
2018;08;23;07;00;10.25;90.00;1016.20;0.00;0.00;100.00;17.00;12.00;100.00;0.00;0.00;29.38;7.04;34.32;4.81;53.73;348.01;36.72
2018;08;23;08;00;10.30;89.00;1016.80;0.00;0.00;1.80;6.00;0.00;0.00;58.85;24.92;26.64;0.77;31.33;358.68;50.79;343.11;34.92
2018;08;23;09;00;10.33;85.00;1016.20;0.00;0.00;22.00;3.00;0.00;22.00;45.96;190.46;23.51;11.48;26.05;11.15;39.30;335.08;32.40
2018;08;23;10;00;10.86;83.00;1016.10;0.00;0.00;64.00;28.00;0.00;64.00;19.15;324.85;21.96;10.39;24.03;8.62;36.30;337.25;31.32
2018;08;23;11;00;11.75;80.00;1016.30;0.00;0.00;7.80;26.00;5.00;0.00;55.02;513.53;20.67;7.00;22.75;4.54;34.56;337.98;29.52
2018;08;23;12;00;12.54;78.00;1016.00;0.00;0.00;6.00;20.00;2.00;0.00;56.17;614.99;20.57;4.01;22.69;1.82;32.71;335.97;28.08
2018;08;23;13;00;13.40;76.00;1015.00;0.00;0.00;3.30;11.00;0.00;0.00;57.89;665.72;19.08;360.00;21.25;358.06;31.93;330.26;25.20
2018;08;23;14;00;14.33;74.00;1014.10;0.00;0.00;10.00;17.00;7.00;10.00;53.62;652.37;16.20;360.00;18.36;358.88;31.86;327.93;21.96
2018;08;23;15;00;14.94;72.00;1013.50;0.00;0.00;10.00;27.00;0.00;10.00;53.62;582.06;13.44;7.70;15.52;3.99;28.77;328.30;20.16
2018;08;23;16;00;15.15;70.00;1013.10;0.00;0.00;100.00;39.00;100.00;10.00;0.00;477.04;12.25;24.30;14.93;15.38;26.24;333.08;17.28
2018;08;23;17;00;14.81;71.00;1012.40;0.00;0.00;100.00;100.00;100.00;10.00;0.00;319.51;12.54;39.17;16.27;24.86;23.68;340.46;17.64
2018;08;23;18;00;14.10;74.00;1012.20;0.00;0.00;100.00;100.00;100.00;0.00;0.00;137.06;12.18;55.84;16.68;32.66;20.67;353.00;18.72
2018;08;23;19;00;13.43;78.00;1012.30;0.00;0.00;100.00;100.00;100.00;0.00;0.00;11.57;10.59;72.18;15.63;38.45;18.58;8.91;13.32
2018;08;23;20;00;12.97;82.00;1012.70;0.00;0.00;100.00;100.00;100.00;26.00;0.00;0.00;10.11;94.09;12.98;56.31;18.28;32.12;16.20
2018;08;23;21;00;12.84;86.00;1013.00;0.00;0.00;100.00;100.00;100.00;100.00;0.00;0.00;11.87;104.04;14.33;78.41;20.12;42.83;14.76
2018;08;23;22;00;12.72;88.00;1013.00;0.00;0.00;100.00;100.00;100.00;100.00;0.00;0.00;12.18;108.97;15.48;88.67;19.47;33.69;14.40
2018;08;23;23;00;12.63;89.00;1012.90;0.00;0.00;100.00;100.00;100.00;100.00;0.00;0.00;12.86;107.93;16.95;86.35;21.07;19.98;13.32
2018;08;24;00;00;12.47;90.00;1012.80;0.00;0.00;100.00;100.00;100.00;100.00;0.00;0.00;12.30;110.56;16.62;85.03;21.92;14.26;14.76
2018;08;24;01;00;12.20;92.00;1013.40;0.00;0.00;100.00;100.00;100.00;30.00;0.00;0.00;10.38;123.69;14.40;91.43;18.42;4.48;11.52
2018;08;24;02;00;11.98;92.00;1013.30;0.00;0.00;100.00;85.00;100.00;10.00;0.00;0.00;10.30;143.53;13.55;106.99;11.90;3.47;9.72
2018;08;24;03;00;11.54;93.00;1013.30;0.00;0.00;100.00;28.00;100.00;12.00;0.00;0.00;11.73;162.12;14.29;130.91;5.04;360.00;6.84
2018;08;24;04;00;11.26;93.00;1013.40;0.00;0.00;100.00;29.00;100.00;21.00;0.00;0.00;13.72;175.49;18.28;147.88;5.76;180.00;14.04
2018;08;24;05;00;11.21;91.00;1013.10;0.00;0.00;100.00;16.00;100.00;100.00;0.00;0.00;14.04;180.00;21.75;160.67;18.37;177.75;18.36
2018;08;24;06;00;11.14;90.00;1012.70;0.00;0.00;100.00;31.00;79.00;100.00;0.00;0.00;14.40;181.43;23.98;172.23;27.42;183.76;17.28
2018;08;24;07;00;10.68;91.00;1012.90;0.00;0.00;100.00;100.00;100.00;10.00;0.00;0.00;15.12;181.36;24.55;175.79;32.53;174.92;29.88
2018;08;24;08;00;10.45;91.00;1013.20;0.00;0.00;100.00;100.00;100.00;19.00;0.00;13.35;19.08;180.00;26.66;177.68;42.48;160.18;32.04
2018;08;24;09;00;10.60;85.00;1014.20;0.00;0.00;52.00;0.00;0.00;52.00;26.81;188.68;21.86;197.24;25.76;195.40;38.48;169.22;30.60
2018;08;24;10;00;12.34;77.00;1014.50;0.00;0.00;31.00;0.00;31.00;25.00;40.21;363.12;24.86;190.01;29.07;187.83;41.80;169.08;31.68
2018;08;24;11;00;13.31;72.00;1014.90;0.00;0.00;10.00;0.00;0.00;10.00;53.62;392.49;27.91;186.67;32.56;185.71;50.14;167.56;31.68
2018;08;24;12;00;13.32;69.00;1015.20;0.00;0.00;100.00;0.00;100.00;12.00;0.00;235.85;27.83;185.19;32.89;185.02;53.44;165.96;34.20
2018;08;24;13;00;13.33;68.00;1015.30;0.10;0.00;100.00;0.00;100.00;100.00;0.00;243.86;26.37;194.23;31.96;194.35;41.76;180.49;34.20
2018;08;24;14;00;12.95;73.00;1015.30;0.50;0.00;100.00;0.00;100.00;100.00;0.00;182.45;28.84;204.33;34.65;203.90;45.00;180.00;33.84
2018;08;24;15;00;12.23;78.00;1015.70;0.70;0.00;100.00;0.00;100.00;100.00;0.00;162.87;32.24;203.70;39.19;203.27;55.81;178.89;38.16
2018;08;24;16;00;12.23;75.00;1016.00;0.40;0.00;100.00;0.00;100.00;100.00;0.00;109.47;31.80;195.77;39.03;194.42;61.56;179.66;39.24
2018;08;24;17;00;12.89;71.00;1015.90;0.00;0.00;88.00;0.00;88.00;76.00;3.83;185.12;27.05;189.96;32.43;188.94;62.52;172.06;35.28
2018;08;24;18;00;12.66;69.00;1016.50;0.00;0.00;90.00;0.00;90.00;0.00;2.55;159.31;27.69;206.23;34.30;205.49;55.88;193.41;35.64
2018;08;24;19;00;11.58;70.00;1017.10;0.00;0.00;25.00;0.00;12.00;25.00;22.13;16.02;27.69;206.23;35.64;203.20;57.70;189.70;35.64
2018;08;24;20;00;10.48;68.00;1018.30;0.00;0.00;46.00;0.00;46.00;0.00;0.00;0.00;29.18;195.75;37.72;193.24;64.18;183.22;37.08
2018;08;24;21;00;9.25;71.00;1019.40;0.00;0.00;12.00;0.00;12.00;0.00;0.00;0.00;26.53;198.19;35.21;196.03;63.92;184.52;38.88
2018;08;24;22;00;8.32;72.00;1020.00;0.00;0.00;19.00;0.00;19.00;0.00;0.00;0.00;26.81;202.09;35.53;199.54;68.97;184.49;37.08
2018;08;24;23;00;7.57;73.00;1020.90;0.00;0.00;25.00;0.00;25.00;0.00;0.00;0.00;30.02;202.57;39.19;200.43;69.90;188.59;39.24
2018;08;25;00;00;6.75;77.00;1021.20;0.00;0.00;59.00;0.00;59.00;0.00;0.00;0.00;31.62;202.77;39.65;200.74;64.27;189.67;39.96
2018;08;25;01;00;5.86;81.00;1021.90;0.00;0.00;2.00;0.00;2.00;0.00;0.00;0.00;31.62;202.77;39.44;201.41;60.96;189.52;39.24
2018;08;25;02;00;4.94;84.00;1022.30;0.00;0.00;0.00;0.00;0.00;0.00;0.00;0.00;30.75;205.67;38.20;203.91;57.76;184.29;38.52
2018;08;25;03;00;4.21;86.00;1022.20;0.00;0.00;0.00;0.00;0.00;0.00;0.00;0.00;29.65;209.05;36.55;207.57;53.79;184.22;37.08
2018;08;25;04;00;3.60;87.00;1022.60;0.00;0.00;0.00;0.00;0.00;0.00;0.00;0.00;28.89;210.72;34.97;208.94;52.80;185.48;35.64
2018;08;25;05;00;3.05;88.00;1023.00;0.00;0.00;0.00;0.00;0.00;0.00;0.00;0.00;28.22;209.84;34.94;207.62;50.65;185.71;34.56
2018;08;25;06;00;2.48;89.00;1023.40;0.00;0.00;0.00;0.00;0.00;0.00;0.00;0.00;27.38;208.25;33.81;206.57;49.34;181.67;33.12
2018;08;25;07;00;1.94;91.00;1024.10;0.00;0.00;0.00;0.00;0.00;0.00;39.45;0.00;25.28;208.02;31.24;205.97;45.07;176.79;31.68
2018;08;25;08;00;1.88;90.00;1024.90;0.00;0.00;0.00;0.00;0.00;0.00;60.00;27.59;23.28;211.72;28.22;209.84;44.32;177.67;29.52
2018;08;25;09;00;3.62;81.00;1024.60;0.00;0.00;0.00;0.00;0.00;0.00;60.00;202.92;23.56;218.80;27.58;215.97;49.44;187.95;32.40
2018;08;25;10;00;6.32;69.00;1025.20;0.00;0.00;0.00;0.00;0.00;0.00;60.00;388.93;22.37;213.18;25.19;210.96;50.01;189.53;30.96
2018;08;25;11;00;8.60;60.00;1025.10;0.00;0.00;0.00;0.00;0.00;0.00;60.00;542.01;22.10;210.32;24.34;209.22;50.06;192.04;29.16
2018;08;25;12;00;10.26;51.00;1025.20;0.00;0.00;0.00;0.00;0.00;0.00;60.00;648.81;22.07;213.69;24.27;212.28;48.76;196.29;30.60
2018;08;25;13;00;11.31;45.00;1025.40;0.00;0.00;0.00;0.00;0.00;0.00;60.00;701.32;22.18;221.71;24.25;220.79;46.47;202.79;30.24
2018;08;25;14;00;11.93;40.00;1025.10;0.00;0.00;0.00;0.00;0.00;0.00;60.00;696.87;22.67;226.93;24.70;226.77;36.50;216.98;29.52
2018;08;25;15;00;12.22;39.00;1024.60;0.00;0.00;0.00;0.00;0.00;0.00;60.00;634.57;22.49;230.19;24.52;229.76;32.33;225.45;29.16
2018;08;25;16;00;12.26;38.00;1024.70;0.00;0.00;0.00;0.00;0.00;0.00;60.00;520.65;21.89;233.70;23.90;232.96;30.60;233.13;29.88
2018;08;25;17;00;11.96;40.00;1024.70;0.00;0.00;0.00;0.00;0.00;0.00;60.00;362.23;20.38;237.99;22.48;238.09;29.08;238.67;28.08
2018;08;25;18;00;11.20;44.00;1025.00;0.00;0.00;0.00;0.00;0.00;0.00;60.00;174.44;18.71;239.98;21.30;239.53;29.34;240.60;23.76
2018;08;25;19;00;9.99;52.00;1025.20;0.00;0.00;0.00;0.00;0.00;0.00;30.86;16.02;14.51;240.26;17.41;240.26;29.34;240.60;18.36
2018;08;25;20;00;9.33;55.00;1025.80;0.00;0.00;0.00;0.00;0.00;0.00;0.00;0.00;11.04;250.97;14.58;249.78;28.71;239.90;15.48
2018;08;25;21;00;9.21;55.00;1026.30;0.00;0.00;0.00;0.00;0.00;0.00;0.00;0.00;10.44;270.00;14.04;270.00;28.17;243.43;14.40
2018;08;25;22;00;9.11;57.00;1026.30;0.00;0.00;0.00;0.00;0.00;0.00;0.00;0.00;11.62;286.19;15.28;285.02;29.35;246.89;17.64
2018;08;25;23;00;8.80;60.00;1026.20;0.00;0.00;0.00;0.00;0.00;0.00;0.00;0.00;13.38;293.81;17.73;293.96;29.75;248.71;18.36
2018;08;26;00;00;8.41;62.00;1026.00;0.00;0.00;0.00;0.00;0.00;0.00;0.00;0.00;14.65;297.82;21.10;295.25;29.96;249.61;21.60
2018;08;26;01;00;7.83;65.00;1025.90;0.00;0.00;0.00;0.00;0.00;0.00;0.00;0.00;16.38;303.34;25.50;300.55;31.66;252.80;21.96
2018;08;26;02;00;7.31;68.00;1025.70;0.00;0.00;0.00;0.00;0.00;0.00;0.00;0.00;18.44;308.66;28.59;306.29;32.65;255.96;24.48
2018;08;26;03;00;7.01;68.00;1025.30;0.00;0.00;0.00;0.00;0.00;0.00;0.00;0.00;19.45;308.99;29.81;307.15;33.88;255.23;26.64
2018;08;26;04;00;6.87;67.00;1025.10;0.00;0.00;0.00;0.00;0.00;0.00;0.00;0.00;20.90;312.21;30.61;311.19;34.49;256.11;25.56
2018;08;26;05;00;6.70;67.00;1024.80;0.00;0.00;0.00;0.00;0.00;0.00;0.00;0.00;22.66;314.36;32.08;314.09;35.81;257.22;28.08
2018;08;26;06;00;6.46;67.00;1024.60;0.00;0.00;0.00;0.00;0.00;0.00;0.00;0.00;23.68;315.62;31.82;315.46;36.52;260.35;30.96
2018;08;26;07;00;6.34;67.00;1024.60;0.00;0.00;0.00;0.00;0.00;0.00;40.71;0.00;24.70;316.77;32.34;316.35;34.29;265.79;33.84
2018;08;26;08;00;6.55;66.00;1025.00;0.00;0.00;0.00;0.00;0.00;0.00;60.00;28.48;25.23;317.89;31.83;316.37;33.12;270.00;32.40
2018;08;26;09;00;8.06;60.00;1024.10;0.00;0.00;0.00;0.00;0.00;0.00;60.00;199.36;29.06;318.01;34.63;316.68;40.45;274.59;30.96
2018;08;26;10;00;9.81;57.00;1023.70;0.00;0.00;0.00;0.00;0.00;0.00;60.00;380.03;28.55;318.07;33.62;316.74;44.04;278.46;32.04
2018;08;26;11;00;11.91;53.00;1023.60;0.00;0.00;0.00;0.00;0.00;0.00;60.00;529.55;28.82;318.54;33.90;318.01;46.80;284.25;33.12
2018;08;26;12;00;13.84;51.00;1023.10;0.00;0.00;0.00;0.00;0.00;0.00;60.00;633.68;29.46;321.45;34.99;319.59;47.25;289.13;27.00
2018;08;26;13;00;15.40;50.00;1022.20;0.00;0.00;0.00;0.00;0.00;0.00;60.00;685.30;29.09;323.56;36.38;321.43;48.27;292.36;32.40
2018;08;26;14;00;16.57;49.00;1021.10;0.00;0.00;0.00;0.00;0.00;0.00;60.00;680.85;28.59;323.71;38.18;321.51;49.02;293.36;33.12
2018;08;26;15;00;17.21;50.00;1020.00;0.00;0.00;0.00;0.00;0.00;0.00;60.00;620.33;28.30;323.28;39.41;320.93;49.82;293.42;33.48
2018;08;26;16;00;17.48;52.00;1019.90;0.00;0.00;0.00;0.00;0.00;0.00;60.00;508.19;27.29;323.58;39.92;320.86;51.01;292.40;33.12
2018;08;26;17;00;17.22;55.00;1019.40;0.00;0.00;0.00;0.00;0.00;0.00;60.00;354.22;25.99;323.45;39.13;320.60;51.07;291.50;31.32
2018;08;26;18;00;16.33;59.00;1019.10;0.00;0.00;0.00;0.00;0.00;0.00;60.00;170.88;25.57;324.74;38.96;321.75;50.44;289.60;26.28
2018;08;26;19;00;15.25;63.00;1019.40;0.00;0.00;0.00;0.00;0.00;0.00;31.56;16.02;25.57;327.65;39.17;323.97;49.09;290.16;30.96
2018;08;26;20;00;14.39;67.00;1019.70;0.00;0.00;0.00;0.00;0.00;0.00;0.00;0.00;25.68;328.76;39.76;324.58;47.07;291.07;30.96
2018;08;26;21;00;13.65;70.00;1020.00;0.00;0.00;0.00;0.00;0.00;0.00;0.00;0.00;25.50;329.45;39.44;326.16;46.06;291.55;30.60
2018;08;26;22;00;12.88;74.00;1019.90;0.00;0.00;0.00;0.00;0.00;0.00;0.00;0.00;26.30;329.57;38.74;326.75;45.13;291.04;29.88
2018;08;26;23;00;12.25;76.00;1020.20;0.00;0.00;0.60;2.00;0.00;0.00;0.00;0.00;27.48;328.39;39.14;325.87;43.66;291.27;27.36
2018;08;27;00;00;11.68;78.00;1020.20;0.00;0.00;2.40;8.00;0.00;0.00;0.00;0.00;28.66;327.31;39.25;324.71;43.73;292.77;33.12
2018;08;27;01;00;11.14;80.00;1020.10;0.00;0.00;1.50;5.00;0.00;0.00;0.00;0.00;28.56;326.31;38.88;323.66;46.24;294.37;37.80
2018;08;27;02;00;10.60;81.00;1020.10;0.00;0.00;1.20;4.00;0.00;0.00;0.00;0.00;27.76;326.10;37.30;323.24;48.80;294.86;34.20
2018;08;27;03;00;10.09;83.00;1020.10;0.00;0.00;3.30;11.00;0.00;0.00;0.00;0.00;27.56;326.73;37.01;322.91;48.36;293.70;34.56
2018;08;27;04;00;9.67;83.00;1019.90;0.00;0.00;2.70;9.00;0.00;0.00;0.00;0.00;27.48;328.39;36.58;323.81;47.23;293.83;29.88
2018;08;27;05;00;9.31;83.00;1019.90;0.00;0.00;3.00;10.00;0.00;0.00;0.00;0.00;27.11;329.69;36.16;324.73;45.74;295.15;29.16
2018;08;27;06;00;8.99;83.00;1020.00;0.00;0.00;3.90;13.00;0.00;0.00;0.00;0.00;26.58;331.70;35.65;326.95;43.95;296.77;28.08
2018;08;27;07;00;8.71;84.00;1020.00;0.00;0.00;3.90;13.00;0.00;0.00;40.25;0.00;26.76;336.19;35.11;331.86;41.00;300.62;26.28
2018;08;27;08;00;9.00;83.00;1020.50;0.00;0.00;2.10;7.00;0.00;0.00;58.66;35.60;27.10;340.60;35.13;335.80;39.46;305.72;31.68
2018;08;27;09;00;10.72;74.00;1019.50;0.00;0.00;6.60;22.00;0.00;0.00;55.79;216.27;26.73;334.47;31.56;334.31;40.83;307.48;38.16
2018;08;27;10;00;12.30;68.00;1019.50;0.00;0.00;7.50;25.00;0.00;0.00;55.21;394.27;26.10;335.56;30.11;333.74;40.74;313.57;30.24
2018;08;27;11;00;14.09;63.00;1019.60;0.00;0.00;5.40;18.00;0.00;0.00;56.55;538.45;24.34;336.47;28.19;335.07;42.13;319.50;27.00
2018;08;27;12;00;16.00;58.00;1019.40;0.00;0.00;0.60;2.00;0.00;0.00;59.62;639.02;22.21;340.10;25.81;337.01;45.07;323.77;27.72
2018;08;27;13;00;17.53;55.00;1019.00;0.00;0.00;5.40;18.00;0.00;0.00;56.55;689.75;19.83;344.20;26.21;339.08;47.93;325.71;28.80
2018;08;27;14;00;18.63;53.00;1018.10;0.00;0.00;4.80;16.00;0.00;0.00;56.94;684.41;18.71;348.91;28.24;340.64;51.33;327.31;29.88
2018;08;27;15;00;19.31;52.00;1017.40;0.00;0.00;0.00;0.00;0.00;0.00;60.00;627.45;18.53;352.18;29.52;344.44;53.10;329.44;30.96
2018;08;27;16;00;19.42;52.00;1017.00;0.00;0.00;0.00;0.00;0.00;0.00;60.00;517.09;19.11;356.76;30.93;347.91;52.97;332.91;31.32
2018;08;27;17;00;19.00;53.00;1016.50;0.00;0.00;5.70;19.00;0.00;0.00;56.36;368.46;19.44;358.94;33.26;350.03;53.18;336.04;31.32
2018;08;27;18;00;17.80;58.00;1016.30;0.00;0.00;8.40;28.00;0.00;0.00;54.64;187.79;20.16;1.02;35.82;354.23;53.68;338.77;34.92
2018;08;27;19;00;16.60;63.00;1016.20;0.00;0.00;9.30;31.00;0.00;0.00;29.07;20.47;21.61;1.91;38.60;356.26;53.81;338.41;30.96
2018;08;27;20;00;16.06;65.00;1016.60;0.00;0.00;10.50;35.00;0.00;0.00;0.00;0.00;23.05;1.79;40.00;357.42;53.51;336.19;32.40
2018;08;27;21;00;15.21;70.00;1017.20;0.00;0.00;10.20;34.00;0.00;0.00;0.00;0.00;23.04;0.90;40.02;356.91;52.98;332.04;32.04
2018;08;27;22;00;14.28;73.00;1017.30;0.00;0.00;9.30;31.00;0.00;0.00;0.00;0.00;23.05;358.21;38.40;353.54;51.94;327.74;37.08
2018;08;27;23;00;13.63;74.00;1017.50;0.00;0.00;8.70;29.00;0.00;0.00;0.00;0.00;23.89;353.95;38.35;350.27;51.64;324.65;44.28
2018;08;28;00;00;13.17;73.00;1017.50;0.00;0.00;9.30;31.00;0.00;0.00;0.00;0.00;25.28;349.33;38.42;347.01;51.39;320.40;31.32
2018;08;28;01;00;12.65;73.00;1017.60;0.00;0.00;8.70;29.00;0.00;0.00;0.00;0.00;26.46;345.02;37.93;343.46;49.39;315.59;48.24
2018;08;28;02;00;12.09;73.00;1017.50;0.00;0.00;8.10;27.00;0.00;0.00;0.00;0.00;27.22;339.89;36.97;337.68;47.25;310.36;31.68
2018;08;28;03;00;11.45;75.00;1017.60;0.00;0.00;7.50;25.00;0.00;0.00;0.00;0.00;25.29;335.62;34.46;332.63;45.16;305.59;33.48
2018;08;28;04;00;10.82;78.00;1017.90;0.00;0.00;6.90;23.00;0.00;0.00;0.00;0.00;23.02;333.03;31.44;330.50;45.32;300.03;38.16
2018;08;28;05;00;10.32;81.00;1018.00;0.00;0.00;7.50;25.00;0.00;0.00;0.00;0.00;21.27;336.04;28.66;333.11;44.13;295.10;35.28
2018;08;28;06;00;9.94;84.00;1018.00;0.00;0.00;8.40;28.00;0.00;0.00;0.00;0.00;20.49;341.57;27.68;339.44;38.97;286.09;25.20
2018;08;28;07;00;9.71;87.00;1018.30;0.00;0.00;9.00;30.00;0.00;0.00;39.13;0.00;20.35;346.70;26.72;345.96;36.24;283.21;23.76
2018;08;28;08;00;10.17;86.00;1018.70;0.00;0.00;8.70;29.00;0.00;0.00;54.45;38.27;20.55;348.89;26.76;349.14;30.43;280.91;34.20
2018;08;28;09;00;11.95;73.00;1017.60;0.00;0.00;30.00;100.00;0.00;0.00;40.85;210.04;21.66;344.58;26.31;343.30;16.66;276.20;27.36
2018;08;28;10;00;13.23;68.00;1017.30;0.00;0.00;30.00;100.00;0.00;0.00;40.85;385.37;21.57;345.50;24.38;343.71;10.83;285.42;24.48
2018;08;28;11;00;14.51;65.00;1017.30;0.00;0.00;27.00;90.00;0.00;0.00;42.77;532.22;20.08;345.47;22.80;344.43;8.44;309.81;18.72
2018;08;28;12;00;16.01;62.00;1017.20;0.00;0.00;30.00;100.00;0.00;0.00;40.85;628.34;18.25;345.14;20.72;342.82;10.14;332.53;16.92
2018;08;28;13;00;17.49;59.00;1016.80;0.00;0.00;30.00;100.00;0.00;0.00;40.85;677.29;14.93;344.62;19.59;339.57;12.98;340.56;15.12
2018;08;28;14;00;18.89;57.00;1016.00;0.00;0.00;27.30;91.00;0.00;0.00;42.57;675.51;12.14;348.02;17.78;338.63;16.39;340.77;13.68
2018;08;28;15;00;19.78;54.00;1015.10;0.00;0.00;27.00;90.00;0.00;0.00;42.77;621.22;10.46;356.05;15.60;341.15;18.25;337.99;13.68
2018;08;28;16;00;20.05;55.00;1014.80;0.00;0.00;11.70;39.00;0.00;0.00;52.53;517.98;10.18;8.13;14.97;350.31;20.45;333.89;14.40
2018;08;28;17;00;19.50;59.00;1014.40;0.00;0.00;8.70;29.00;0.00;0.00;54.45;370.24;10.50;22.17;15.84;360.00;22.22;333.02;16.20
2018;08;28;18;00;17.82;66.00;1014.50;0.00;0.00;9.60;32.00;0.00;0.00;53.87;189.57;11.30;30.65;19.60;7.39;24.15;333.43;20.16
2018;08;28;19;00;16.10;72.00;1014.70;0.00;0.00;5.70;19.00;0.00;0.00;30.97;22.25;12.18;34.16;24.37;12.80;26.43;330.64;24.12
2018;08;28;20;00;15.67;74.00;1015.00;0.00;0.00;0.00;0.00;0.00;0.00;0.00;0.00;13.55;39.61;26.65;16.48;27.26;326.31;24.48
2018;08;28;21;00;15.57;76.00;1015.40;0.00;0.00;0.00;0.00;0.00;0.00;0.00;0.00;14.62;38.00;29.49;17.77;27.61;320.29;26.28
2018;08;28;22;00;15.49;78.00;1015.30;0.00;0.00;0.00;0.00;0.00;0.00;0.00;0.00;15.50;30.74;31.09;13.39;28.02;317.08;30.60
2018;08;28;23;00;14.83;80.00;1015.20;0.00;0.00;0.00;0.00;0.00;0.00;0.00;0.00;14.65;27.82;31.62;7.85;27.76;313.42;31.32
2018;08;29;00;00;13.91;85.00;1015.00;0.00;0.00;0.00;0.00;0.00;0.00;0.00;0.00;13.68;26.57;31.42;4.60;26.79;306.25;32.04
2018;08;29;01;00;13.36;88.00;1014.90;0.00;0.00;0.00;0.00;0.00;0.00;0.00;0.00;12.64;19.98;31.69;358.70;26.18;301.50;29.52
2018;08;29;02;00;13.28;87.00;1014.40;0.00;0.00;0.00;0.00;0.00;0.00;0.00;0.00;11.79;12.34;31.09;354.69;27.24;299.28;30.60
2018;08;29;03;00;13.27;87.00;1014.10;0.00;0.00;0.00;0.00;0.00;0.00;0.00;0.00;11.30;9.16;30.14;352.45;29.08;301.33;34.20
2018;08;29;04;00;13.11;87.00;1014.20;0.00;0.00;0.00;0.00;0.00;0.00;0.00;0.00;11.21;5.53;28.95;349.25;30.68;305.93;29.16
2018;08;29;05;00;12.89;87.00;1014.10;0.00;0.00;0.00;0.00;0.00;0.00;0.00;0.00;11.17;1.85;28.47;346.84;31.77;308.56;29.16
2018;08;29;06;00;12.94;87.00;1014.10;0.00;0.00;0.00;0.00;0.00;0.00;0.00;0.00;10.80;360.00;27.25;344.68;32.55;308.26;28.44
2018;08;29;07;00;13.12;87.00;1014.10;0.00;0.00;0.00;0.00;0.00;0.00;44.57;0.00;10.14;6.12;25.86;343.84;31.82;315.46;26.64
2018;08;29;08;00;13.00;90.00;1014.50;0.00;0.00;0.00;0.00;0.00;0.00;60.00;34.71;9.69;15.07;23.75;345.96;32.11;317.73;31.32
2018;08;29;09;00;13.93;87.00;1012.70;0.00;0.00;0.00;0.00;0.00;0.00;60.00;209.15;9.00;36.87;21.03;6.88;29.60;311.05;27.72
2018;08;29;10;00;15.87;81.00;1012.50;0.00;0.00;0.00;0.00;0.00;0.00;60.00;388.04;8.15;45.00;16.66;6.20;25.36;308.66;26.28
2018;08;29;11;00;17.37;76.00;1012.20;0.00;0.00;0.00;0.00;0.00;0.00;60.00;534.00;8.22;61.19;11.87;14.04;19.45;308.99;23.40
2018;08;29;12;00;18.69;72.00;1011.70;0.00;0.00;0.00;0.00;0.00;0.00;60.00;634.57;9.79;72.90;10.99;31.61;15.86;320.53;20.88
2018;08;29;13;00;19.71;69.00;1011.10;0.00;0.00;0.00;0.00;0.00;0.00;60.00;685.30;10.50;84.09;10.23;50.71;14.99;335.90;16.56
2018;08;29;14;00;20.61;68.00;1010.00;0.00;0.00;0.00;0.00;0.00;0.00;60.00;680.85;11.93;95.19;10.66;78.31;14.41;347.01;14.40
2018;08;29;15;00;21.14;67.00;1009.10;0.00;0.00;0.00;0.00;0.00;0.00;60.00;620.33;13.56;100.71;14.11;95.86;14.47;354.29;12.60
2018;08;29;16;00;21.09;69.00;1008.80;0.00;0.00;0.00;0.00;0.00;0.00;60.00;507.30;14.76;102.68;19.21;102.99;14.76;360.00;12.60
2018;08;29;17;00;20.46;73.00;1008.50;0.00;0.00;8.00;0.00;0.00;8.00;54.89;353.33;15.03;106.70;24.03;106.53;13.68;1.51;14.04
2018;08;29;18;00;19.25;79.00;1008.50;0.00;0.00;10.00;0.00;0.00;10.00;53.62;154.86;16.18;110.85;29.71;109.09;13.08;7.91;20.52
2018;08;29;19;00;17.97;84.00;1008.70;0.00;0.00;10.00;0.00;10.00;10.00;30.09;16.02;18.20;114.54;35.77;110.62;13.04;27.98;27.00
2018;08;29;20;00;17.52;84.00;1008.90;0.00;0.00;10.00;0.00;10.00;10.00;0.00;0.00;19.27;122.80;37.54;114.35;14.06;50.19;29.52
2018;08;29;21;00;17.19;86.00;1009.40;0.00;0.00;10.00;0.00;10.00;10.00;0.00;0.00;14.71;111.54;34.25;102.14;24.57;39.05;28.44
2018;08;29;22;00;17.03;87.00;1009.20;0.00;0.00;1.00;0.00;0.00;1.00;0.00;0.00;18.40;120.58;33.70;103.59;13.28;12.53;20.52
2018;08;29;23;00;16.43;88.00;1009.80;0.30;0.00;91.00;100.00;88.00;91.00;0.00;0.00;11.02;128.37;23.11;108.15;14.56;351.47;13.68
2018;08;30;00;00;16.63;89.00;1010.40;2.10;0.00;90.00;85.00;90.00;90.00;0.00;0.00;13.36;152.74;22.41;136.30;10.14;332.53;14.40
2018;08;30;01;00;15.79;93.00;1010.20;0.00;0.00;1.00;0.00;0.00;1.00;0.00;0.00;16.61;150.10;27.87;144.46;2.41;333.43;15.84
2018;08;30;02;00;15.73;92.00;1010.50;0.00;0.00;100.00;0.00;10.00;100.00;0.00;0.00;16.98;158.88;21.52;162.47;3.89;123.69;15.12
2018;08;30;03;00;14.66;87.00;1010.90;0.00;0.00;100.00;0.00;0.00;100.00;0.00;0.00;26.21;159.08;33.63;158.65;5.50;121.61;21.60
2018;08;30;04;00;13.04;85.00;1011.50;0.00;0.00;100.00;0.00;10.00;100.00;0.00;0.00;30.27;154.65;38.17;154.89;7.15;130.91;21.96
2018;08;30;05;00;12.23;83.00;1012.00;0.00;0.00;100.00;0.00;0.00;100.00;0.00;0.00;30.45;155.56;37.25;156.66;12.50;138.50;21.96
2018;08;30;06;00;11.38;82.00;1012.50;0.00;0.00;100.00;0.00;0.00;100.00;0.00;0.00;31.62;157.23;38.11;157.80;20.42;139.29;33.84
2018;08;30;07;00;10.79;82.00;1013.30;0.00;0.00;100.00;0.00;0.00;100.00;0.00;0.00;32.49;158.55;39.99;159.44;29.53;135.99;38.88
2018;08;30;08;00;10.15;82.00;1014.30;0.00;0.00;100.00;0.00;0.00;100.00;0.00;10.68;33.43;157.85;39.91;158.29;36.95;132.24;41.76
2018;08;30;09;00;12.14;80.00;1013.40;0.00;0.00;100.00;0.00;0.00;100.00;0.00;96.12;30.76;145.01;35.75;145.67;18.36;131.82;24.12
2018;08;30;10;00;12.64;76.00;1013.80;0.00;0.00;100.00;0.00;0.00;100.00;0.00;170.88;31.56;145.22;37.34;146.00;21.47;124.76;34.20
2018;08;30;11;00;13.26;74.00;1013.80;0.00;0.00;100.00;0.00;0.00;100.00;0.00;226.95;33.59;149.04;40.01;149.74;28.59;121.09;33.84
2018;08;30;12;00;13.99;71.00;1013.80;0.00;0.00;100.00;0.00;0.00;100.00;0.00;276.79;34.31;151.82;40.58;152.53;37.42;120.02;29.16
2018;08;30;13;00;14.44;68.00;1014.40;0.00;0.00;100.00;0.00;100.00;100.00;0.00;203.81;32.73;150.33;39.48;151.10;43.16;121.70;33.48
2018;08;30;14;00;14.14;68.00;1014.80;0.20;0.00;100.00;0.00;60.00;100.00;0.00;118.37;34.25;146.14;42.14;146.85;50.12;123.58;25.20
2018;08;30;15;00;13.68;67.00;1014.70;0.10;0.00;100.00;0.00;0.00;100.00;0.00;85.44;38.04;150.52;46.23;151.64;59.88;129.14;27.36
2018;08;30;16;00;13.09;67.00;1015.20;0.10;0.00;100.00;0.00;0.00;100.00;0.00;105.02;38.32;153.19;46.37;153.24;68.22;130.08;27.00
2018;08;30;17;00;12.36;64.00;1015.70;0.00;0.00;100.00;0.00;10.00;100.00;0.00;67.64;40.43;151.84;49.60;152.32;73.03;128.40;41.40
2018;08;30;18;00;11.33;61.00;1016.90;0.00;0.00;100.00;0.00;10.00;100.00;0.00;24.92;40.26;152.29;49.11;152.50;72.09;129.73;45.72
2018;08;30;19;00;10.68;60.00;1017.80;0.00;0.00;100.00;0.00;0.00;100.00;0.00;2.67;40.32;150.00;49.16;150.62;69.87;131.66;45.00
2018;08;30;20;00;10.20;55.00;1019.00;0.00;0.00;100.00;0.00;0.00;100.00;0.00;0.00;39.44;146.16;47.73;146.07;70.73;128.39;44.28
2018;08;30;21;00;9.81;52.00;1019.90;0.00;0.00;100.00;0.00;10.00;100.00;0.00;0.00;37.46;144.78;45.24;145.05;70.99;124.25;43.92
2018;08;30;22;00;7.37;76.00;1021.50;0.00;0.00;9.00;30.00;0.00;0.00;0.00;0.00;32.84;142.13;38.96;141.75;64.95;127.57;40.32
2018;08;30;23;00;7.01;77.00;1022.10;0.00;0.00;3.90;13.00;0.00;0.00;0.00;0.00;30.26;145.18;35.75;145.67;62.50;123.96;35.28
2018;08;31;00;00;6.52;81.00;1022.20;0.00;0.00;37.00;81.00;37.00;0.00;0.00;0.00;28.82;154.08;34.15;155.06;64.50;123.16;32.40
2018;08;31;01;00;6.55;82.00;1022.10;0.00;0.00;100.00;100.00;100.00;0.00;0.00;0.00;28.04;155.74;32.90;156.80;66.40;119.21;33.12
2018;08;31;02;00;6.57;83.00;1022.10;0.00;0.00;100.00;65.00;100.00;0.00;0.00;0.00;29.14;154.38;34.78;154.23;65.05;115.57;37.08
2018;08;31;03;00;6.49;82.00;1022.70;0.00;0.00;100.00;100.00;100.00;0.00;0.00;0.00;30.63;156.45;36.59;156.21;59.73;116.10;36.00
2018;08;31;04;00;6.26;81.00;1023.00;0.00;0.00;100.00;100.00;100.00;0.00;0.00;0.00;29.08;158.20;34.56;157.98;51.54;114.78;34.92
2018;08;31;05;00;5.98;79.00;1022.40;0.00;0.00;100.00;100.00;100.00;0.00;0.00;0.00;32.02;158.92;38.18;159.00;50.40;117.66;37.08
2018;08;31;06;00;5.85;77.00;1022.10;0.00;0.00;100.00;100.00;100.00;0.00;0.00;0.00;32.52;153.72;38.80;154.15;49.91;116.57;37.44
2018;08;31;07;00;5.73;78.00;1022.90;0.00;0.00;100.00;100.00;100.00;1.00;0.00;0.00;31.58;151.39;36.87;152.68;49.79;114.34;37.80
2018;08;31;08;00;5.78;78.00;1023.10;0.00;0.00;100.00;100.00;100.00;100.00;0.00;8.01;33.67;151.24;39.79;151.35;50.39;116.75;40.32
2018;08;31;09;00;6.62;75.00;1022.70;0.00;0.00;100.00;3.00;100.00;2.00;0.00;108.58;33.77;144.11;39.25;144.71;55.78;113.59;29.88
2018;08;31;10;00;7.19;75.00;1025.60;0.00;0.00;100.00;100.00;100.00;100.00;0.00;177.11;25.46;146.53;28.86;146.71;49.52;109.09;27.00
2018;08;31;11;00;7.59;75.00;1025.60;0.00;0.00;100.00;100.00;100.00;100.00;0.00;80.99;28.01;142.84;32.69;143.51;49.76;109.88;23.04
2018;08;31;12;00;7.93;74.00;1025.20;0.00;0.00;100.00;100.00;100.00;100.00;0.00;58.74;29.64;139.93;35.22;139.14;48.00;111.56;23.04
2018;08;31;13;00;8.45;72.00;1025.10;0.00;0.00;100.00;40.00;100.00;100.00;0.00;131.72;33.11;136.76;39.97;136.09;43.12;112.07;21.60
2018;08;31;14;00;8.51;73.00;1024.20;0.00;0.00;100.00;18.00;100.00;100.00;0.00;133.50;35.25;124.18;41.94;124.51;45.19;101.49;31.68
2018;08;31;15;00;8.73;72.00;1023.60;0.00;0.00;100.00;24.00;100.00;100.00;0.00;158.42;35.45;124.66;42.35;125.31;48.18;96.43;55.44
2018;08;31;16;00;9.85;68.00;1023.20;0.00;0.00;100.00;100.00;50.00;100.00;0.00;379.14;34.86;125.33;41.05;125.36;49.71;102.12;29.52
2018;08;31;17;00;9.66;69.00;1023.40;0.00;0.00;100.00;98.00;100.00;100.00;0.00;180.67;34.64;127.82;41.55;127.96;49.75;108.57;28.08
2018;08;31;18;00;9.56;70.00;1023.50;0.00;0.00;100.00;8.00;87.00;100.00;0.00;113.03;34.99;130.41;42.18;129.81;49.45;106.06;31.32
2018;08;31;19;00;9.11;71.00;1024.30;0.00;0.00;100.00;3.00;100.00;100.00;0.00;16.91;31.06;135.94;37.17;135.78;47.45;101.82;28.08
2018;08;31;20;00;8.69;73.00;1024.90;0.00;0.00;100.00;0.00;100.00;100.00;0.00;0.00;31.58;136.85;37.95;136.92;48.73;94.24;31.32
2018;08;31;21;00;8.10;77.00;1025.60;0.00;0.00;100.00;100.00;100.00;100.00;0.00;0.00;29.46;141.45;35.14;142.07;47.17;91.31;30.96
2018;08;31;22;00;7.63;80.00;1025.60;0.00;0.00;100.00;0.00;100.00;100.00;0.00;0.00;28.08;139.16;33.43;138.93;49.48;85.41;31.32
2018;08;31;23;00;7.44;82.00;1025.90;0.00;0.00;100.00;0.00;100.00;100.00;0.00;0.00;28.31;138.61;32.92;138.99;51.33;84.77;32.04
