LAT;;;;;-33.8679;-33.8679;-33.8679;-33.8679;-33.8679;-33.8679;-33.8679;-33.8679;-33.8679;-33.8679;-33.8679;-33.8679;-33.8679;-33.8679;-33.8679;-33.8679;-33.8679;-33.8679
LON;;;;;151.207;151.207;151.207;151.207;151.207;151.207;151.207;151.207;151.207;151.207;151.207;151.207;151.207;151.207;151.207;151.207;151.207;151.207
ASL;;;;;58.0000;58.0000;58.0000;58.0000;58.0000;58.0000;58.0000;58.0000;58.0000;58.0000;58.0000;58.0000;58.0000;58.0000;58.0000;58.0000;58.0000;58.0000
CITY;;;;;Sydney;Sydney;Sydney;Sydney;Sydney;Sydney;Sydney;Sydney;Sydney;Sydney;Sydney;Sydney;Sydney;Sydney;Sydney;Sydney;Sydney;Sydney
DOMAIN;;;;;NEMSGLOBAL;NEMSGLOBAL;NEMSGLOBAL;NEMSGLOBAL;NEMSGLOBAL;NEMSGLOBAL;NEMSGLOBAL;NEMSGLOBAL;NEMSGLOBAL;NEMSGLOBAL;NEMSGLOBAL;NEMSGLOBAL;NEMSGLOBAL;NEMSGLOBAL;NEMSGLOBAL;NEMSGLOBAL;NEMSGLOBAL;NEMSGLOBAL
LEVEL;;;;;2 m above gnd;2 m above gnd;MSL;sfc;sfc;sfc;high cld lay;mid cld lay;low cld lay;sfc;sfc;10 m above gnd;10 m above gnd;80 m above gnd;80 m above gnd;900 mb;900 mb;sfc
NAME;;;;;Temperature;Relative Humidity;Mean Sea Level Pressure;Total Precipitation;Snowfall amount raw;Total Cloud Cover;High Cloud Cover;Medium Cloud Cover;Low Cloud Cover;Sunshine Duration;Shortwave Radiation;Wind Speed;Wind Direction;Wind Speed;Wind Direction;Wind Speed;Wind Direction;Wind Gust
UNIT;;;;;째C;%;hPa;mm;cm;%;%;%;%;min;W/m2;km/h;째;km/h;째;km/h;째;km/h
AGGREGATION;;;;;;;;;;;;;;;;;;;;;;
UTC_OFFSET;;;;;10;10;10;10;10;10;10;10;10;10;10;10;10;10;10;10;10;10

Year;Month;Day;Hour;Minute;Temperature  [2 m above gnd];Relative Humidity  [2 m above gnd];Mean Sea Level Pressure  [MSL];Total Precipitation  [sfc];Snowfall amount raw  [sfc];Total Cloud Cover  [sfc];High Cloud Cover  [high cld lay];Medium Cloud Cover  [mid cld lay];Low Cloud Cover  [low cld lay];Sunshine Duration  [sfc];Shortwave Radiation  [sfc];Wind Speed  [10 m above gnd];Wind Direction  [10 m above gnd];Wind Speed  [80 m above gnd];Wind Direction  [80 m above gnd];Wind Speed  [900 mb];Wind Direction  [900 mb];Wind Gust  [sfc]
2018;08;02;00;00;11.67;62.00;1023.40;0.00;0.00;18.00;0.00;0.00;18.00;0.00;0.00;8.40;149.04;13.18;145.01;9.16;135.00;3.60
2018;08;02;01;00;11.28;64.00;1023.70;0.00;0.00;20.00;0.00;0.00;20.00;0.00;0.00;7.64;135.00;11.46;133.73;9.36;112.62;3.96
2018;08;02;02;00;10.89;66.00;1023.60;0.00;0.00;23.00;0.00;0.00;23.00;0.00;0.00;7.20;126.87;10.69;122.62;9.83;98.43;4.68
2018;08;02;03;00;10.61;68.00;1023.50;0.00;0.00;24.00;0.00;0.00;24.00;0.00;0.00;6.30;120.96;9.83;113.75;10.08;90.00;4.68
2018;08;02;04;00;10.35;69.00;1023.50;0.00;0.00;10.00;0.00;0.00;10.00;0.00;0.00;5.82;111.80;8.91;104.04;10.31;77.91;5.40
2018;08;02;05;00;10.04;71.00;1023.90;0.00;0.00;19.00;0.00;0.00;19.00;0.00;0.00;5.15;102.09;8.31;94.97;10.97;66.80;5.76
2018;08;02;06;00;9.67;74.00;1024.60;0.00;0.00;26.00;0.00;0.00;26.00;0.00;0.00;5.04;90.00;8.29;87.51;11.89;54.87;6.12
2018;08;02;07;00;9.93;73.00;1025.10;0.00;0.00;34.00;0.00;0.00;34.00;8.69;0.89;5.09;81.87;8.12;77.20;11.99;48.65;6.48
2018;08;02;08;00;11.47;70.00;1025.50;0.00;0.00;100.00;0.00;0.00;100.00;0.00;64.08;5.01;68.96;7.42;67.17;12.77;40.43;7.20
2018;08;02;09;00;13.38;65.00;1025.80;0.00;0.00;24.00;0.00;0.00;24.00;44.68;169.10;6.92;62.10;6.61;60.64;13.68;35.36;10.08
2018;08;02;10;00;14.23;58.00;1025.70;0.00;0.00;100.00;0.00;0.00;100.00;0.00;300.82;8.65;45.00;9.18;41.82;14.02;29.20;10.80
2018;08;02;11;00;14.63;57.00;1025.60;0.00;0.00;100.00;0.00;0.00;100.00;0.00;322.18;9.96;40.60;10.23;39.29;14.97;27.18;12.24
2018;08;02;12;00;15.15;55.00;1024.90;0.00;0.00;21.00;0.00;0.00;21.00;46.60;375.58;10.80;36.87;12.03;38.93;16.45;23.20;12.60
2018;08;02;13;00;15.29;56.00;1024.20;0.00;0.00;18.00;0.00;0.00;18.00;48.51;323.07;12.39;35.54;14.06;39.81;17.87;18.80;14.40
2018;08;02;14;00;15.39;56.00;1023.20;0.00;0.00;10.00;0.00;0.00;10.00;53.62;299.04;13.18;34.99;15.58;40.31;19.48;16.09;15.48
2018;08;02;15;00;15.62;57.00;1022.10;0.00;0.00;10.00;0.00;0.00;10.00;53.62;383.59;14.62;38.00;16.56;42.36;21.48;13.57;16.92
2018;08;02;16;00;15.02;60.00;1021.30;0.00;0.00;10.00;0.00;0.00;10.00;53.62;279.46;15.31;41.19;18.08;44.19;22.96;13.60;15.84
2018;08;02;17;00;14.31;63.00;1021.10;0.00;0.00;10.00;0.00;0.00;10.00;15.46;105.91;16.06;42.27;19.86;45.00;24.29;11.98;16.92
2018;08;02;18;00;12.76;70.00;1021.60;0.00;0.00;0.00;0.00;0.00;0.00;0.00;1.78;15.53;44.06;21.90;43.67;25.28;10.67;15.84
2018;08;02;19;00;12.08;74.00;1022.40;0.00;0.00;0.00;0.00;0.00;0.00;0.00;0.00;16.09;40.46;24.25;40.79;25.81;8.02;18.72
2018;08;02;20;00;11.83;76.00;1022.70;0.00;0.00;0.00;0.00;0.00;0.00;0.00;0.00;16.49;36.12;25.49;36.38;26.44;6.25;15.48
2018;08;02;21;00;11.66;77.00;1022.80;0.00;0.00;0.00;0.00;0.00;0.00;0.00;0.00;16.68;32.66;26.06;32.59;27.19;6.84;21.60
2018;08;02;22;00;12.09;81.00;1022.10;0.00;0.00;26.00;0.00;0.00;26.00;0.00;0.00;14.97;27.18;23.34;26.57;33.91;9.16;21.96
2018;08;02;23;00;11.66;83.00;1021.90;0.00;0.00;30.00;0.00;0.00;30.00;0.00;0.00;14.51;23.39;22.80;21.30;35.19;7.05;23.40
2018;08;03;00;00;10.91;89.00;1021.30;0.00;0.00;16.00;0.00;0.00;16.00;0.00;0.00;13.78;19.86;20.61;19.38;35.79;5.19;18.36
2018;08;03;01;00;10.43;93.00;1020.80;0.00;0.00;22.00;0.00;0.00;22.00;0.00;0.00;13.10;20.92;18.58;21.60;36.42;3.40;22.32
2018;08;03;02;00;10.10;96.00;1020.30;0.00;0.00;26.00;0.00;0.00;26.00;0.00;0.00;12.77;21.50;17.25;23.36;36.00;0.57;22.32
2018;08;03;03;00;9.84;99.00;1019.60;0.00;0.00;29.00;0.00;0.00;29.00;0.00;0.00;12.52;18.43;16.45;23.20;35.69;357.11;21.60
2018;08;03;04;00;9.66;100.00;1019.10;0.00;0.00;16.00;12.00;0.00;16.00;0.00;0.00;12.66;14.83;15.94;18.43;35.81;350.16;21.24
2018;08;03;05;00;9.73;99.00;1018.90;0.00;0.00;23.00;54.00;1.00;23.00;0.00;0.00;12.37;8.37;14.97;9.69;36.54;341.03;20.16
2018;08;03;06;00;9.78;98.00;1019.00;0.00;0.00;36.00;100.00;36.00;32.00;0.00;0.00;12.25;1.68;14.76;360.00;39.30;331.56;19.08
2018;08;03;07;00;9.67;97.00;1019.10;0.00;0.00;100.00;100.00;0.00;100.00;0.00;1.78;12.29;354.96;14.69;348.69;43.53;325.78;19.44
2018;08;03;08;00;11.09;90.00;1018.80;0.00;0.00;100.00;100.00;0.00;100.00;0.00;96.12;13.14;350.54;13.66;341.57;49.10;323.05;22.32
2018;08;03;09;00;12.51;81.00;1019.00;0.00;0.00;100.00;100.00;0.00;100.00;0.00;259.88;15.75;349.46;16.28;341.97;51.85;324.32;23.76
2018;08;03;10;00;14.33;72.00;1018.50;0.00;0.00;1.20;4.00;0.00;0.00;59.23;428.09;17.02;353.93;18.16;346.24;53.82;326.74;24.48
2018;08;03;11;00;16.49;64.00;1017.10;0.00;0.00;0.00;0.00;0.00;0.00;60.00;532.22;18.00;358.85;19.16;354.61;55.58;323.43;27.36
2018;08;03;12;00;18.23;58.00;1015.90;0.00;0.00;0.00;0.00;0.00;0.00;60.00;587.40;20.52;1.01;24.12;360.00;54.80;317.93;23.76
2018;08;03;13;00;19.32;54.00;1014.20;0.00;0.00;0.00;0.00;0.00;0.00;60.00;589.18;22.35;2.77;26.65;1.55;48.08;320.47;27.00
2018;08;03;14;00;20.08;51.00;1013.00;0.00;0.00;0.00;0.00;0.00;0.00;60.00;539.34;22.39;4.61;27.09;4.57;42.02;333.00;26.64
2018;08;03;15;00;20.32;50.00;1012.00;0.00;0.00;0.00;0.00;0.00;0.00;60.00;436.10;22.25;9.31;26.93;8.46;41.14;344.26;26.28
2018;08;03;16;00;19.93;49.00;1011.20;0.00;0.00;0.00;0.00;0.00;0.00;60.00;292.81;22.01;15.17;26.55;15.73;43.70;348.60;26.28
2018;08;03;17;00;18.39;53.00;1010.80;0.00;0.00;0.00;0.00;0.00;0.00;17.99;121.04;20.33;22.93;26.90;24.51;47.30;351.68;24.84
2018;08;03;18;00;16.71;58.00;1010.80;0.00;0.00;0.00;0.00;0.00;0.00;0.00;3.56;20.29;27.47;28.85;29.12;51.80;353.62;24.84
2018;08;03;19;00;15.69;63.00;1010.70;0.00;0.00;11.00;0.00;0.00;11.00;0.00;0.00;21.25;26.13;30.11;27.79;55.82;353.33;28.08
2018;08;03;20;00;14.75;67.00;1010.40;0.00;0.00;4.00;0.00;4.00;3.00;0.00;0.00;22.00;21.10;30.22;21.67;61.43;348.16;29.16
2018;08;03;21;00;14.81;67.00;1010.30;0.00;0.00;100.00;0.00;100.00;0.00;0.00;0.00;21.66;15.42;28.55;13.86;67.05;341.86;30.60
2018;08;03;22;00;15.86;59.00;1010.00;0.00;0.00;100.00;0.00;100.00;100.00;0.00;0.00;19.35;350.36;23.00;342.70;67.90;325.80;34.20
2018;08;03;23;00;16.21;53.00;1010.10;0.00;0.00;2.00;0.00;2.00;2.00;0.00;0.00;20.77;332.10;26.71;322.67;64.92;314.33;36.00
2018;08;04;00;00;15.23;53.00;1010.60;0.00;0.00;3.00;0.00;1.00;3.00;0.00;0.00;22.69;311.78;32.85;304.73;62.66;298.48;36.72
2018;08;04;01;00;14.43;56.00;1011.30;0.00;0.00;0.00;0.00;0.00;0.00;0.00;0.00;25.87;291.21;36.32;287.90;60.79;280.58;36.72
2018;08;04;02;00;13.09;57.00;1012.00;0.00;0.00;0.00;0.00;0.00;0.00;0.00;0.00;26.44;276.25;36.81;273.93;57.57;263.90;35.28
2018;08;04;03;00;11.57;57.00;1012.40;0.00;0.00;3.00;0.00;0.00;3.00;0.00;0.00;25.58;267.58;35.67;267.69;56.23;255.16;33.84
2018;08;04;04;00;10.34;58.00;1013.00;0.00;0.00;0.00;0.00;0.00;0.00;0.00;0.00;24.19;265.73;34.23;267.59;56.49;255.61;32.76
2018;08;04;05;00;9.32;61.00;1013.80;0.00;0.00;0.00;0.00;0.00;0.00;0.00;0.00;23.76;269.13;34.20;270.60;59.90;252.87;33.12
2018;08;04;06;00;8.41;66.00;1014.60;0.00;0.00;0.00;0.00;0.00;0.00;0.00;0.00;22.68;270.91;33.89;273.04;62.87;246.37;32.04
2018;08;04;07;00;7.51;70.00;1015.40;0.00;0.00;0.00;0.00;0.00;0.00;15.27;1.78;21.32;274.84;32.14;274.50;62.97;247.83;30.60
2018;08;04;08;00;9.04;65.00;1016.10;0.00;0.00;0.00;0.00;0.00;0.00;60.00;108.58;19.92;276.23;29.27;274.94;60.91;252.10;29.16
2018;08;04;09;00;11.90;57.00;1016.50;0.00;0.00;0.00;0.00;0.00;0.00;60.00;286.58;21.27;272.91;26.29;271.57;56.89;248.47;30.24
2018;08;04;10;00;13.81;50.00;1016.60;0.00;0.00;2.00;5.00;2.00;0.00;58.72;439.66;22.68;269.09;29.18;267.88;54.11;242.24;29.52
2018;08;04;11;00;15.34;45.00;1016.40;0.00;0.00;38.00;35.00;38.00;0.00;35.74;546.46;22.32;270.92;28.44;270.00;51.23;241.45;29.16
2018;08;04;12;00;16.59;40.00;1015.80;0.00;0.00;93.00;26.00;93.00;0.00;0.64;597.19;20.91;272.96;26.66;272.32;40.19;251.73;25.56
2018;08;04;13;00;17.58;36.00;1015.00;0.00;0.00;100.00;22.00;100.00;0.00;0.00;584.73;19.13;274.32;24.52;273.37;29.99;265.18;23.04
2018;08;04;14;00;18.17;35.00;1014.50;0.00;0.00;73.00;28.00;73.00;0.00;13.40;530.44;17.31;273.58;21.63;272.86;27.02;272.29;21.24
2018;08;04;15;00;18.30;34.00;1014.30;0.00;0.00;48.00;24.00;48.00;0.00;29.36;444.11;14.42;272.86;18.39;273.37;25.01;276.61;18.72
2018;08;04;16;00;17.88;35.00;1014.30;0.00;0.00;22.00;2.00;22.00;0.00;45.96;307.94;11.57;275.36;14.83;275.57;23.32;278.88;15.84
2018;08;04;17;00;16.62;38.00;1014.70;0.00;0.00;0.00;0.00;0.00;0.00;18.69;135.28;7.17;287.53;10.66;281.69;22.03;281.31;9.72
2018;08;04;18;00;15.30;40.00;1015.00;0.00;0.00;0.00;0.00;0.00;0.00;0.00;3.56;5.62;309.81;8.53;297.65;21.75;282.43;7.20
2018;08;04;19;00;14.39;42.00;1015.80;0.00;0.00;0.00;0.00;0.00;0.00;0.00;0.00;5.69;325.30;7.90;313.15;21.32;281.69;6.84
2018;08;04;20;00;13.50;44.00;1016.20;0.00;0.00;0.00;0.00;0.00;0.00;0.00;0.00;6.49;326.31;8.79;325.01;19.84;281.51;8.64
2018;08;04;21;00;12.61;46.00;1016.50;0.00;0.00;0.00;0.00;0.00;0.00;0.00;0.00;6.99;325.49;9.69;328.67;18.08;282.65;9.36
2018;08;04;22;00;12.05;42.00;1016.90;0.00;0.00;0.00;0.00;0.00;0.00;0.00;0.00;7.93;309.47;13.98;304.51;19.83;285.80;14.04
2018;08;04;23;00;11.21;43.00;1017.30;0.00;0.00;11.00;19.00;11.00;0.00;0.00;0.00;8.21;307.87;14.90;307.15;19.34;298.95;14.40
2018;08;05;00;00;10.58;43.00;1017.40;0.00;0.00;28.00;9.00;28.00;0.00;0.00;0.00;8.79;304.99;16.20;306.87;20.47;309.29;15.48
2018;08;05;01;00;9.68;43.00;1017.40;0.00;0.00;0.00;0.00;0.00;0.00;0.00;0.00;9.20;300.58;16.38;303.34;21.39;313.64;15.48
2018;08;05;02;00;8.80;44.00;1017.10;0.00;0.00;0.00;0.00;0.00;0.00;0.00;0.00;9.02;298.61;15.68;301.87;21.39;313.64;15.12
2018;08;05;03;00;7.93;45.00;1016.80;0.00;0.00;0.00;0.00;0.00;0.00;0.00;0.00;9.02;298.61;14.88;302.15;21.20;310.18;14.40
2018;08;05;04;00;7.02;48.00;1016.60;0.00;0.00;0.00;0.00;0.00;0.00;0.00;0.00;8.40;300.96;12.60;306.87;20.30;307.07;11.16
2018;08;05;05;00;6.26;50.00;1016.80;0.00;0.00;0.00;0.00;0.00;0.00;0.00;0.00;7.99;305.84;11.97;316.22;19.88;305.42;9.00
2018;08;05;06;00;5.62;52.00;1017.20;0.00;0.00;0.00;0.00;0.00;0.00;0.00;0.00;7.65;311.19;11.38;325.30;19.08;305.79;7.92
2018;08;05;07;00;5.12;55.00;1017.60;0.00;0.00;0.00;0.00;0.00;0.00;16.13;1.78;7.90;316.85;11.92;331.11;18.95;308.83;7.92
2018;08;05;08;00;6.83;55.00;1017.90;0.00;0.00;0.00;0.00;0.00;0.00;60.00;111.25;7.42;320.91;12.56;332.70;19.11;312.71;9.00
2018;08;05;09;00;11.84;48.00;1017.70;0.00;0.00;0.00;0.00;0.00;0.00;60.00;288.36;7.73;332.24;11.75;332.65;19.86;315.00;10.80
2018;08;05;10;00;15.15;47.00;1017.00;0.00;0.00;0.00;0.00;0.00;0.00;60.00;437.88;9.18;348.69;10.70;340.35;20.63;317.12;10.08
2018;08;05;11;00;17.30;41.00;1016.50;0.00;0.00;0.00;0.00;0.00;0.00;60.00;546.46;12.26;356.63;13.80;352.50;22.73;319.50;13.32
2018;08;05;12;00;18.35;38.00;1015.40;0.00;0.00;0.00;0.00;0.00;0.00;60.00;603.42;13.68;1.51;15.12;360.00;24.06;321.07;16.56
2018;08;05;13;00;19.01;35.00;1014.00;0.00;0.00;0.00;0.00;0.00;0.00;60.00;605.20;14.87;6.95;16.70;7.43;23.19;332.24;23.40
2018;08;05;14;00;19.35;35.00;1012.80;0.00;0.00;0.00;0.00;0.00;0.00;60.00;553.58;16.24;12.80;18.51;13.50;24.54;345.56;26.28
2018;08;05;15;00;19.34;35.00;1012.00;0.00;0.00;0.00;0.00;0.00;0.00;60.00;449.45;17.31;16.93;20.15;18.76;27.40;350.17;27.72
2018;08;05;16;00;18.78;38.00;1011.20;0.00;0.00;0.00;0.00;0.00;0.00;60.00;304.38;17.25;23.36;21.41;27.00;30.72;349.88;29.52
2018;08;05;17;00;16.87;45.00;1010.90;0.00;0.00;0.00;0.00;0.00;0.00;19.38;129.05;16.68;32.66;23.40;36.87;35.19;346.39;28.80
2018;08;05;18;00;15.68;51.00;1011.00;0.00;0.00;0.00;0.00;0.00;0.00;0.00;4.45;16.68;32.66;25.36;38.66;39.40;340.24;28.80
2018;08;05;19;00;14.74;57.00;1011.20;0.00;0.00;0.00;0.00;0.00;0.00;0.00;0.00;17.10;30.34;26.16;34.35;44.01;336.37;28.80
2018;08;05;20;00;14.48;60.00;1011.10;0.00;0.00;0.00;0.00;0.00;0.00;0.00;0.00;17.07;27.65;26.93;29.65;49.10;333.43;28.44
2018;08;05;21;00;14.28;62.00;1010.60;0.00;0.00;0.00;0.00;0.00;0.00;0.00;0.00;17.07;24.94;26.56;26.57;54.74;332.59;33.84
2018;08;05;22;00;13.87;69.00;1010.70;0.00;0.00;0.00;0.00;0.00;0.00;0.00;0.00;15.79;24.23;26.24;26.92;54.23;327.47;31.68
2018;08;05;23;00;13.26;72.00;1010.00;0.00;0.00;0.00;0.00;0.00;0.00;0.00;0.00;15.72;20.10;24.34;23.53;58.16;328.67;31.32
2018;08;06;00;00;12.17;79.00;1009.10;0.00;0.00;0.00;0.00;0.00;0.00;0.00;0.00;14.59;15.75;23.45;17.88;61.82;325.20;29.88
2018;08;06;01;00;11.39;83.00;1008.30;0.00;0.00;0.00;0.00;0.00;0.00;0.00;0.00;13.85;8.97;22.61;9.16;64.04;318.87;29.16
2018;08;06;02;00;10.73;85.00;1007.60;0.00;0.00;0.00;0.00;0.00;0.00;0.00;0.00;12.62;3.27;20.89;1.97;63.41;313.39;23.76
2018;08;06;03;00;10.10;86.00;1006.40;0.00;0.00;0.00;0.00;0.00;0.00;0.00;0.00;12.25;1.68;20.16;360.00;60.72;311.15;16.20
2018;08;06;04;00;9.79;85.00;1005.80;0.00;0.00;81.00;0.00;81.00;9.00;0.00;0.00;11.53;358.21;21.84;351.47;64.46;312.51;18.36
2018;08;06;05;00;10.44;77.00;1006.60;0.00;0.00;100.00;0.00;100.00;100.00;0.00;0.00;12.90;337.01;26.26;326.75;72.79;310.39;26.28
2018;08;06;06;00;10.43;71.00;1007.40;0.00;0.00;100.00;0.00;100.00;100.00;0.00;0.00;13.25;317.20;29.56;304.08;70.49;306.69;28.44
2018;08;06;07;00;11.02;64.00;1006.20;0.00;0.00;100.00;0.00;100.00;100.00;0.00;1.78;10.63;331.70;22.67;316.93;66.29;320.95;22.68
2018;08;06;08;00;12.07;64.00;1005.60;0.00;0.00;100.00;0.00;100.00;100.00;0.00;58.74;13.49;350.79;25.17;343.38;73.11;324.82;29.52
2018;08;06;09;00;14.21;54.00;1005.60;0.00;0.00;100.00;0.00;100.00;100.00;0.00;90.78;17.87;341.20;22.90;343.56;76.63;314.43;32.76
2018;08;06;10;00;15.81;57.00;1004.70;0.00;0.00;100.00;0.00;100.00;100.00;0.00;166.43;18.85;331.48;21.25;333.87;69.10;304.60;29.88
2018;08;06;11;00;18.19;56.00;1004.40;0.00;0.00;100.00;0.00;100.00;100.00;0.00;363.12;20.39;312.14;25.64;308.16;55.60;294.08;32.04
2018;08;06;12;00;15.53;69.00;1005.50;0.30;0.00;100.00;0.00;100.00;100.00;0.00;131.72;23.69;294.23;32.59;286.03;50.14;282.44;40.68
2018;08;06;13;00;16.59;62.00;1004.00;0.00;0.00;54.00;0.00;54.00;12.00;25.53;274.12;21.13;293.07;23.69;286.78;39.99;283.54;39.96
2018;08;06;14;00;17.70;52.00;1003.10;0.00;0.00;96.00;0.00;96.00;12.00;0.00;509.08;23.62;307.57;29.67;305.62;46.56;301.72;46.08
2018;08;06;15;00;17.64;46.00;1002.70;0.00;0.00;0.00;0.00;0.00;0.00;60.00;373.80;26.83;310.10;35.82;309.29;52.44;305.22;48.60
2018;08;06;16;00;16.83;41.00;1003.10;0.00;0.00;10.00;0.00;0.00;10.00;53.62;292.81;30.50;300.50;42.84;298.07;54.44;295.04;47.88
2018;08;06;17;00;15.18;37.00;1004.10;0.00;0.00;10.00;0.00;0.00;10.00;17.94;122.82;32.33;288.84;46.24;286.74;57.72;284.82;42.12
2018;08;06;18;00;13.41;38.00;1005.50;0.00;0.00;0.00;0.00;0.00;0.00;0.00;4.45;30.22;285.20;42.79;284.62;59.31;280.49;38.52
2018;08;06;19;00;11.94;40.00;1006.50;0.00;0.00;0.00;0.00;0.00;0.00;0.00;0.00;27.10;289.40;37.80;289.47;61.91;283.79;37.80
2018;08;06;20;00;10.71;41.00;1007.10;0.00;0.00;0.00;0.00;0.00;0.00;0.00;0.00;23.67;296.18;32.85;297.41;68.04;285.65;36.36
2018;08;06;21;00;9.52;41.00;1007.10;0.00;0.00;0.00;0.00;0.00;0.00;0.00;0.00;22.10;300.32;31.67;301.52;71.16;283.76;33.48
2018;08;06;22;00;10.78;30.00;1008.30;0.00;0.00;0.00;0.00;0.00;0.00;0.00;0.00;22.38;297.80;34.37;292.80;69.90;281.89;33.48
2018;08;06;23;00;10.07;30.00;1008.30;0.00;0.00;0.00;0.00;0.00;0.00;0.00;0.00;23.07;292.96;35.53;289.54;69.96;278.88;33.84
2018;08;07;00;00;9.44;30.00;1008.40;0.00;0.00;0.00;0.00;0.00;0.00;0.00;0.00;22.46;291.63;34.97;290.49;67.63;275.50;33.12
2018;08;07;01;00;8.86;30.00;1008.40;0.00;0.00;0.00;0.00;0.00;0.00;0.00;0.00;22.13;291.97;34.05;289.78;64.88;272.86;34.20
2018;08;07;02;00;8.32;31.00;1008.30;0.00;0.00;0.00;0.00;0.00;0.00;0.00;0.00;21.33;291.80;33.01;288.43;63.08;272.94;33.48
2018;08;07;03;00;7.81;31.00;1008.50;0.00;0.00;0.00;0.00;0.00;0.00;0.00;0.00;20.39;290.67;31.31;287.39;63.41;272.28;33.48
2018;08;07;04;00;7.04;32.00;1008.60;0.00;0.00;0.00;0.00;0.00;0.00;0.00;0.00;19.72;291.41;31.08;288.23;63.00;270.00;33.48
2018;08;07;05;00;6.31;33.00;1009.10;0.00;0.00;0.00;0.00;0.00;0.00;0.00;0.00;19.59;290.43;31.31;287.39;61.29;266.97;32.76
2018;08;07;06;00;5.79;34.00;1009.50;0.00;0.00;0.00;0.00;0.00;0.00;0.00;0.00;19.59;290.43;31.90;286.39;58.84;265.79;33.84
2018;08;07;07;00;5.47;35.00;1010.30;0.00;0.00;0.00;0.00;0.00;0.00;17.92;2.67;19.93;290.07;32.84;285.26;57.33;266.76;33.84
2018;08;07;08;00;7.33;36.00;1011.00;0.00;0.00;0.00;0.00;0.00;0.00;60.00;117.48;20.39;290.67;32.59;286.03;58.69;268.95;35.28
2018;08;07;09;00;11.03;36.00;1011.10;0.00;0.00;0.00;0.00;0.00;0.00;60.00;295.48;24.70;288.70;33.03;286.46;59.76;270.35;38.52
2018;08;07;10;00;13.02;42.00;1010.70;0.00;0.00;0.00;0.00;0.00;0.00;60.00;445.00;30.12;284.53;39.56;283.15;57.40;274.32;42.12
2018;08;07;11;00;14.13;39.00;1010.70;0.00;0.00;0.00;0.00;0.00;0.00;60.00;551.80;32.62;280.81;42.97;278.67;54.74;276.80;45.72
2018;08;07;12;00;14.72;37.00;1010.50;0.00;0.00;0.00;0.00;0.00;0.00;60.00;608.76;33.71;276.75;44.40;274.18;55.18;273.37;46.08
2018;08;07;13;00;14.86;37.00;1010.30;0.00;0.00;10.00;0.00;0.00;10.00;53.62;589.18;34.61;272.98;46.09;271.34;54.37;271.14;46.80
2018;08;07;14;00;14.71;36.00;1010.30;0.00;0.00;10.00;0.00;0.00;10.00;53.62;535.78;34.92;270.59;46.80;270.00;55.44;269.26;46.08
2018;08;07;15;00;14.39;36.00;1010.70;0.00;0.00;0.00;0.00;0.00;0.00;60.00;454.79;34.20;269.40;46.09;269.10;54.02;268.47;43.92
2018;08;07;16;00;13.85;36.00;1011.00;0.00;0.00;0.00;0.00;0.00;0.00;60.00;312.39;31.70;268.05;42.50;268.06;51.90;267.22;38.52
2018;08;07;17;00;12.69;38.00;1011.60;0.00;0.00;0.00;0.00;0.00;0.00;20.77;136.17;26.65;268.45;36.39;267.73;49.09;265.79;33.48
2018;08;07;18;00;10.96;41.00;1012.70;0.00;0.00;0.00;0.00;0.00;0.00;0.00;5.34;21.24;270.00;30.60;270.00;47.72;264.81;29.52
2018;08;07;19;00;9.31;45.00;1013.50;0.00;0.00;0.00;0.00;0.00;0.00;0.00;0.00;17.31;273.58;27.06;273.81;47.72;264.81;24.84
2018;08;07;20;00;8.27;47.00;1014.40;0.00;0.00;0.00;0.00;0.00;0.00;0.00;0.00;15.68;279.25;25.35;281.47;46.51;266.89;21.60
2018;08;07;21;00;7.40;48.00;1014.70;0.00;0.00;0.00;0.00;0.00;0.00;0.00;0.00;15.28;285.02;25.84;288.69;46.08;270.00;22.32
2018;08;07;22;00;7.03;45.00;1015.40;0.00;0.00;0.00;0.00;0.00;0.00;0.00;0.00;16.39;289.23;28.95;291.14;46.25;265.09;20.16
2018;08;07;23;00;6.15;46.00;1015.20;0.00;0.00;0.00;0.00;0.00;0.00;0.00;0.00;16.78;292.71;29.17;294.03;47.36;264.77;21.60
2018;08;08;00;00;5.43;46.00;1014.90;0.00;0.00;0.00;0.00;0.00;0.00;0.00;0.00;16.45;293.20;28.51;294.62;48.86;264.08;21.24
2018;08;08;01;00;4.89;46.00;1014.90;0.00;0.00;0.00;0.00;0.00;0.00;0.00;0.00;15.94;295.41;27.06;295.20;49.51;264.99;22.68
2018;08;08;02;00;4.69;45.00;1014.90;0.00;0.00;0.00;0.00;0.00;0.00;0.00;0.00;15.46;297.76;25.28;298.02;50.45;267.55;22.32
2018;08;08;03;00;4.93;43.00;1014.60;0.00;0.00;0.00;0.00;0.00;0.00;0.00;0.00;15.00;300.26;24.08;301.55;51.12;270.00;23.40
2018;08;08;04;00;4.93;42.00;1014.40;0.00;0.00;0.00;0.00;0.00;0.00;0.00;0.00;14.48;304.88;24.19;306.53;51.50;271.60;21.96
2018;08;08;05;00;4.77;42.00;1014.90;0.00;0.00;7.00;11.00;7.00;0.00;0.00;0.00;14.06;309.81;24.29;309.59;51.86;271.59;21.60
2018;08;08;06;00;4.50;43.00;1014.80;0.00;0.00;22.00;12.00;22.00;0.00;0.00;0.00;14.26;312.95;24.44;313.81;52.56;270.78;22.68
2018;08;08;07;00;4.38;44.00;1015.20;0.00;0.00;41.00;20.00;41.00;0.00;10.63;4.45;14.53;318.01;24.49;318.58;52.92;270.00;20.52
2018;08;08;08;00;6.26;47.00;1015.40;0.00;0.00;50.00;17.00;50.00;0.00;28.09;129.94;13.83;321.34;24.57;320.95;53.30;268.45;20.52
2018;08;08;09;00;10.62;42.00;1015.00;0.00;0.00;56.00;16.00;56.00;0.00;24.26;305.27;15.12;321.77;20.19;320.06;54.04;267.71;23.40
2018;08;08;10;00;13.71;43.00;1014.70;0.00;0.00;51.00;6.00;51.00;0.00;27.45;448.56;17.83;313.36;21.65;312.98;52.58;268.43;23.76
2018;08;08;11;00;15.81;39.00;1014.30;0.00;0.00;28.00;0.00;28.00;0.00;42.13;552.69;18.97;303.39;23.28;301.72;41.23;275.51;26.28
2018;08;08;12;00;17.25;37.00;1013.70;0.00;0.00;0.00;0.00;0.00;0.00;60.00;607.87;19.64;296.10;24.01;293.88;35.21;286.03;28.44
2018;08;08;13;00;18.25;35.00;1013.30;0.00;0.00;0.00;0.00;0.00;0.00;60.00;609.65;19.19;293.20;23.13;290.97;35.18;287.88;29.88
2018;08;08;14;00;18.80;34.00;1012.80;0.00;0.00;0.00;0.00;0.00;0.00;60.00;558.03;17.78;291.37;20.95;289.06;34.76;285.62;30.96
2018;08;08;15;00;18.86;34.00;1012.80;0.00;0.00;0.00;0.00;0.00;0.00;60.00;454.79;16.62;287.65;19.73;284.80;33.39;281.19;30.96
2018;08;08;16;00;18.33;35.00;1013.20;0.00;0.00;0.00;0.00;0.00;0.00;60.00;308.83;14.76;282.68;18.58;278.91;34.32;274.81;29.52
2018;08;08;17;00;16.90;37.00;1013.80;0.00;0.00;0.00;0.00;0.00;0.00;21.47;137.06;11.37;280.95;17.70;274.67;34.22;271.81;22.68
2018;08;08;18;00;16.22;36.00;1014.80;0.00;0.00;0.00;0.00;0.00;0.00;0.00;5.34;9.61;282.99;16.95;273.65;33.84;270.00;19.80
2018;08;08;19;00;15.22;37.00;1016.00;0.00;0.00;1.00;0.00;0.00;1.00;0.00;0.00;9.47;278.75;18.72;270.00;34.25;266.99;17.64
2018;08;08;20;00;14.16;39.00;1017.20;0.00;0.00;0.00;0.00;0.00;0.00;0.00;0.00;10.45;271.97;20.63;263.99;35.46;264.17;18.00
2018;08;08;21;00;13.01;41.00;1018.00;0.00;0.00;0.00;0.00;0.00;0.00;0.00;0.00;11.53;268.21;22.03;258.69;37.88;261.25;20.52
2018;08;08;22;00;12.55;39.00;1017.60;0.00;0.00;0.00;0.00;0.00;0.00;0.00;0.00;13.63;282.20;21.84;278.53;41.74;257.04;23.04
2018;08;08;23;00;11.53;41.00;1017.90;0.00;0.00;0.00;0.00;0.00;0.00;0.00;0.00;14.21;278.75;22.82;276.34;46.11;250.86;23.76
2018;08;09;00;00;10.48;44.00;1018.20;0.00;0.00;0.00;0.00;0.00;0.00;0.00;0.00;15.16;274.09;24.14;272.56;51.37;244.69;20.52
2018;08;09;01;00;9.31;49.00;1018.50;0.00;0.00;0.00;0.00;0.00;0.00;0.00;0.00;15.48;270.00;25.92;269.20;52.36;238.50;19.08
2018;08;09;02;00;8.42;53.00;1019.00;0.00;0.00;0.00;0.00;0.00;0.00;0.00;0.00;15.88;266.10;26.40;264.52;49.32;230.03;17.28
2018;08;09;03;00;7.83;56.00;1019.50;0.00;0.00;0.00;0.00;0.00;0.00;0.00;0.00;15.68;260.75;26.05;258.85;45.36;222.43;15.48
2018;08;09;04;00;7.79;56.00;1020.00;0.00;0.00;0.00;0.00;0.00;0.00;0.00;0.00;14.93;254.62;25.07;254.17;41.98;216.28;12.24
2018;08;09;05;00;7.73;57.00;1020.80;0.00;0.00;0.00;0.00;0.00;0.00;0.00;0.00;14.37;247.93;24.07;248.04;38.16;211.89;10.44
2018;08;09;06;00;7.54;58.00;1021.60;0.00;0.00;0.00;0.00;0.00;0.00;0.00;0.00;13.20;244.13;21.90;244.70;34.34;209.52;8.64
2018;08;09;07;00;7.40;59.00;1022.50;0.00;0.00;0.00;0.00;0.00;0.00;19.80;3.56;12.24;241.93;20.29;242.53;29.95;207.18;8.28
2018;08;09;08;00;8.85;60.00;1023.20;0.00;0.00;0.00;0.00;0.00;0.00;60.00;122.82;11.18;236.82;18.22;240.40;25.01;202.87;15.84
2018;08;09;09;00;12.72;56.00;1023.60;0.00;0.00;0.00;0.00;0.00;0.00;60.00;300.82;12.23;227.39;14.58;237.09;19.13;199.80;14.76
2018;08;09;10;00;14.50;51.00;1023.60;0.00;0.00;0.00;0.00;0.00;0.00;60.00;451.23;13.18;214.99;15.55;222.18;13.66;198.43;8.64
2018;08;09;11;00;15.44;47.00;1023.80;0.00;0.00;0.00;0.00;0.00;0.00;60.00;558.92;10.46;206.57;12.18;214.16;8.22;208.81;10.08
2018;08;09;12;00;16.12;45.00;1023.60;0.00;0.00;0.00;0.00;0.00;0.00;60.00;616.77;6.38;196.39;7.09;203.96;5.12;230.71;8.28
2018;08;09;13;00;16.57;43.00;1022.70;0.00;0.00;0.00;0.00;0.00;0.00;60.00;618.55;2.90;172.87;2.52;180.00;3.32;257.47;7.56
2018;08;09;14;00;16.80;43.00;1022.40;0.00;0.00;0.00;0.00;0.00;0.00;60.00;566.93;2.19;99.46;2.19;80.54;3.55;293.96;9.72
2018;08;09;15;00;16.66;44.00;1022.00;0.00;0.00;0.00;0.00;0.00;0.00;60.00;462.80;3.76;73.30;4.69;57.53;4.58;315.00;11.16
2018;08;09;16;00;16.11;46.00;1021.90;0.00;0.00;0.00;0.00;0.00;0.00;60.00;315.95;6.29;66.37;7.79;56.31;6.92;321.34;12.24
2018;08;09;17;00;14.58;53.00;1022.30;0.00;0.00;0.00;0.00;0.00;0.00;22.18;138.84;7.90;65.77;11.79;58.74;10.95;316.33;13.32
2018;08;09;18;00;13.61;58.00;1022.90;0.00;0.00;0.00;0.00;0.00;0.00;0.00;6.23;9.51;60.52;16.20;53.13;15.04;312.09;10.44
2018;08;09;19;00;12.88;62.00;1023.40;0.00;0.00;0.00;0.00;0.00;0.00;0.00;0.00;10.74;50.44;18.09;47.42;17.34;311.63;11.88
2018;08;09;20;00;12.42;66.00;1024.10;0.00;0.00;0.00;0.00;0.00;0.00;0.00;0.00;11.72;42.51;19.41;40.49;18.09;312.58;12.24
2018;08;09;21;00;12.04;69.00;1024.20;0.00;0.00;0.00;0.00;0.00;0.00;0.00;0.00;12.68;34.59;20.47;34.25;18.12;319.03;12.24
2018;08;09;22;00;12.24;79.00;1023.80;0.00;0.00;0.00;0.00;0.00;0.00;0.00;0.00;11.68;33.69;18.97;33.39;16.87;326.31;12.96
2018;08;09;23;00;11.39;86.00;1023.60;0.00;0.00;0.00;0.00;0.00;0.00;0.00;0.00;11.63;21.80;18.53;24.08;18.36;334.44;15.84
2018;08;10;00;00;10.78;90.00;1023.70;0.00;0.00;0.00;0.00;0.00;0.00;0.00;0.00;11.44;12.72;18.00;16.26;20.06;338.96;16.20
2018;08;10;01;00;10.18;93.00;1023.00;0.00;0.00;0.00;0.00;0.00;0.00;0.00;0.00;11.17;1.85;17.82;8.13;21.18;342.18;19.44
2018;08;10;02;00;9.65;96.00;1022.70;0.00;0.00;0.00;0.00;0.00;0.00;0.00;0.00;11.18;356.31;18.37;2.25;21.76;343.66;20.16
2018;08;10;03;00;9.06;98.00;1022.20;0.00;0.00;0.00;0.00;0.00;0.00;0.00;0.00;11.30;350.84;18.73;357.80;22.80;344.43;15.84
2018;08;10;04;00;8.48;99.00;1022.20;0.00;0.00;0.00;0.00;0.00;0.00;0.00;0.00;11.44;347.28;19.20;353.54;23.40;345.75;16.56
2018;08;10;05;00;7.84;100.00;1022.20;0.00;0.00;0.00;0.00;0.00;0.00;0.00;0.00;11.28;343.30;19.42;349.32;24.10;346.17;16.56
2018;08;10;06;00;6.69;97.00;1022.40;0.00;0.00;30.00;0.00;0.00;30.00;0.00;0.00;11.04;340.97;18.95;345.70;24.37;347.20;16.56
2018;08;10;07;00;6.21;94.00;1022.50;0.00;0.00;27.00;0.00;0.00;27.00;14.80;3.56;10.70;340.35;18.25;345.14;24.99;348.37;16.56
2018;08;10;08;00;7.90;89.00;1022.60;0.00;0.00;0.00;0.00;0.00;0.00;60.00;119.26;10.31;347.91;17.46;345.68;26.69;349.90;21.60
2018;08;10;09;00;12.43;70.00;1022.40;0.00;0.00;0.00;0.00;0.00;0.00;60.00;307.05;12.29;354.96;13.91;349.56;28.88;349.95;24.12
2018;08;10;10;00;15.61;57.00;1021.60;0.00;0.00;0.00;0.00;0.00;0.00;60.00;459.24;15.12;1.36;16.20;360.00;31.63;348.18;18.72
2018;08;10;11;00;17.83;50.00;1020.90;0.00;0.00;0.90;3.00;0.00;0.00;59.43;567.82;18.06;4.57;19.13;4.32;35.46;344.69;21.60
2018;08;10;12;00;19.14;42.00;1019.90;0.00;0.00;0.30;1.00;0.00;0.00;59.81;623.89;19.96;7.25;22.15;7.47;39.24;337.91;23.04
2018;08;10;13;00;19.86;39.00;1018.40;0.00;0.00;0.30;1.00;0.00;0.00;59.81;626.56;20.19;11.31;22.53;12.93;37.83;333.43;24.12
2018;08;10;14;00;20.19;39.00;1017.30;0.00;0.00;2.40;8.00;0.00;0.00;58.47;576.72;20.62;16.22;23.34;19.83;33.14;342.94;24.84
2018;08;10;15;00;20.15;39.00;1016.20;0.00;0.00;2.10;7.00;0.00;0.00;58.66;474.37;20.86;21.25;24.32;25.43;33.86;351.44;25.20
2018;08;10;16;00;19.60;42.00;1015.70;0.00;0.00;8.10;27.00;0.00;0.00;54.83;331.08;21.25;26.13;25.38;31.66;36.90;354.40;24.84
2018;08;10;17;00;17.93;48.00;1015.90;0.00;0.00;13.20;44.00;0.00;0.00;19.67;153.97;20.32;29.74;26.28;36.09;40.76;356.46;24.12
2018;08;10;18;00;15.97;57.00;1016.30;0.00;0.00;12.60;42.00;0.00;0.00;0.00;8.90;20.19;31.14;28.01;37.16;44.04;355.78;23.40
2018;08;10;19;00;14.71;65.00;1016.90;0.00;0.00;12.00;40.00;0.00;0.00;0.00;0.00;20.63;29.25;28.56;33.69;45.41;352.26;23.04
2018;08;10;20;00;13.36;73.00;1016.80;0.00;0.00;10.20;34.00;0.00;0.00;0.00;0.00;20.93;26.57;29.83;29.66;46.32;348.34;23.04
2018;08;10;21;00;12.22;80.00;1016.70;0.00;0.00;9.00;30.00;0.00;0.00;0.00;0.00;20.33;22.93;29.14;25.62;47.72;343.34;23.04
2018;08;10;22;00;12.93;74.00;1016.60;0.00;0.00;30.00;100.00;0.00;0.00;0.00;0.00;20.39;20.67;28.15;20.98;46.33;341.42;24.84
2018;08;10;23;00;12.69;75.00;1016.20;0.00;0.00;30.00;100.00;0.00;0.00;0.00;0.00;19.48;16.09;25.32;14.83;51.49;339.54;24.84
2018;08;11;00;00;12.57;73.00;1015.60;0.00;0.00;30.00;100.00;0.00;0.00;0.00;0.00;18.36;11.31;23.89;6.05;57.72;336.47;25.20
2018;08;11;01;00;12.33;70.00;1015.10;0.00;0.00;12.00;40.00;0.00;0.00;0.00;0.00;17.82;8.13;24.48;0.84;63.76;333.87;27.36
2018;08;11;02;00;11.87;68.00;1014.50;0.00;0.00;0.60;2.00;0.00;0.00;0.00;0.00;16.66;6.20;24.84;360.00;68.44;332.09;28.08
2018;08;11;03;00;11.30;67.00;1013.60;0.00;0.00;0.00;0.00;0.00;0.00;0.00;0.00;15.88;3.90;25.20;359.18;72.56;330.26;22.32
2018;08;11;04;00;10.87;66.00;1013.20;0.00;0.00;0.00;0.00;0.00;0.00;0.00;0.00;15.48;1.33;26.34;356.08;74.15;328.70;20.88
2018;08;11;05;00;10.46;66.00;1012.90;0.00;0.00;0.00;0.00;0.00;0.00;0.00;0.00;14.76;360.00;27.15;353.91;73.79;326.54;23.76
2018;08;11;06;00;10.09;65.00;1013.10;0.00;0.00;0.00;0.00;0.00;0.00;0.00;0.00;15.12;358.64;28.00;351.87;73.38;320.37;21.24
2018;08;11;07;00;9.82;64.00;1013.30;0.00;0.00;0.00;0.00;0.00;0.00;21.76;5.34;15.50;357.34;28.53;349.82;72.04;315.61;20.16
2018;08;11;08;00;10.98;65.00;1013.20;0.00;0.00;0.00;0.00;0.00;0.00;60.00;131.72;16.24;356.19;28.59;349.11;71.03;313.97;21.96
2018;08;11;09;00;14.71;53.00;1012.90;0.00;0.00;0.00;0.00;0.00;0.00;60.00;311.50;19.47;356.82;23.62;352.12;71.42;311.32;27.72
2018;08;11;10;00;17.54;43.00;1012.10;0.00;0.00;0.00;0.00;0.00;0.00;60.00;462.80;21.65;356.19;21.67;355.24;71.86;309.51;30.96
2018;08;11;11;00;20.28;36.00;1011.10;0.00;0.00;0.00;0.00;0.00;0.00;60.00;570.49;23.80;349.54;24.28;344.52;66.28;311.92;29.52
2018;08;11;12;00;22.20;31.00;1010.10;0.00;0.00;0.00;0.00;0.00;0.00;60.00;625.67;24.83;343.14;26.58;335.17;53.52;317.73;33.12
2018;08;11;13;00;23.57;27.00;1008.80;0.00;0.00;0.00;0.00;0.00;0.00;60.00;624.78;23.68;340.46;26.09;332.02;48.41;317.41;36.00
2018;08;11;14;00;24.14;25.00;1007.90;0.00;0.00;0.00;0.00;0.00;0.00;60.00;572.27;22.43;341.27;25.44;333.07;45.06;315.97;39.60
2018;08;11;15;00;24.01;24.00;1007.30;0.00;0.00;0.00;0.00;0.00;0.00;60.00;467.25;21.57;345.50;25.01;337.13;42.31;317.76;39.24
2018;08;11;16;00;23.23;25.00;1006.70;0.00;0.00;0.00;0.00;0.00;0.00;60.00;319.51;20.67;353.00;24.19;345.34;41.77;321.65;38.16
2018;08;11;17;00;21.30;29.00;1006.60;0.00;0.00;0.00;0.00;0.00;0.00;23.58;142.40;18.75;3.30;23.78;357.40;43.63;326.44;34.92
2018;08;11;18;00;19.89;31.00;1007.10;0.00;0.00;18.00;0.00;18.00;10.00;0.00;7.12;17.94;10.41;25.26;4.09;47.79;329.18;32.40
2018;08;11;19;00;19.17;34.00;1007.70;0.00;0.00;51.00;0.00;51.00;27.00;0.00;0.00;17.82;8.13;25.68;5.63;51.62;326.09;26.28
2018;08;11;20;00;18.82;35.00;1008.20;0.00;0.00;100.00;0.00;100.00;78.00;0.00;0.00;15.48;360.00;23.77;358.26;51.97;317.25;23.76
2018;08;11;21;00;18.19;38.00;1009.20;0.00;0.00;100.00;0.00;100.00;100.00;0.00;0.00;11.68;326.31;18.09;317.42;47.52;298.51;23.76
2018;08;11;22;00;14.38;47.00;1012.50;0.00;0.00;67.00;0.00;67.00;40.00;0.00;0.00;25.86;235.20;41.21;231.03;44.30;245.52;32.76
2018;08;11;23;00;11.82;60.00;1012.50;0.00;0.00;3.00;0.00;2.00;3.00;0.00;0.00;26.87;230.98;36.87;234.14;51.37;264.37;33.84
2018;08;12;00;00;10.71;63.00;1012.70;0.00;0.00;1.00;0.00;1.00;0.00;0.00;0.00;23.83;243.05;34.40;256.69;68.04;269.70;33.84
2018;08;12;01;00;9.66;64.00;1012.80;0.00;0.00;0.00;0.00;0.00;0.00;0.00;0.00;22.88;257.28;34.68;265.24;64.47;257.75;32.76
2018;08;12;02;00;8.56;65.00;1013.10;0.00;0.00;0.00;0.00;0.00;0.00;0.00;0.00;23.02;260.10;33.50;261.35;55.42;236.93;29.52
2018;08;12;03;00;7.43;67.00;1013.40;0.00;0.00;0.00;0.00;0.00;0.00;0.00;0.00;21.40;257.37;31.87;256.28;51.27;228.70;28.08
2018;08;12;04;00;6.53;70.00;1013.70;0.00;0.00;0.00;0.00;0.00;0.00;0.00;0.00;19.21;257.01;28.47;256.84;50.64;237.78;24.48
2018;08;12;05;00;5.91;71.00;1014.40;0.00;0.00;2.00;0.00;0.00;2.00;0.00;0.00;18.29;259.80;27.65;261.76;54.93;241.42;24.48
2018;08;12;06;00;5.61;72.00;1015.30;0.00;0.00;14.00;0.00;14.00;10.00;0.00;0.00;19.65;261.57;30.74;264.62;56.38;233.57;24.12
2018;08;12;07;00;6.37;66.00;1016.00;0.00;0.00;100.00;0.00;100.00;100.00;0.00;4.45;22.15;262.53;34.71;264.64;56.27;226.30;29.88
2018;08;12;08;00;8.47;57.00;1017.30;0.00;0.00;100.00;0.00;100.00;100.00;0.00;69.42;25.07;257.56;34.68;260.44;55.55;218.95;27.72
2018;08;12;09;00;10.62;49.00;1017.90;0.00;0.00;100.00;0.00;100.00;82.00;0.00;224.28;27.68;249.44;36.77;251.74;51.95;219.09;29.52
2018;08;12;10;00;11.81;45.00;1018.20;0.00;0.00;0.00;0.00;0.00;0.00;60.00;461.02;28.51;245.38;37.04;248.92;45.89;228.18;29.88
2018;08;12;11;00;12.65;42.00;1018.40;0.00;0.00;0.00;0.00;0.00;0.00;60.00;575.83;28.66;244.72;36.79;249.97;42.06;240.80;29.52
2018;08;12;12;00;13.48;39.00;1018.10;0.00;0.00;0.00;0.00;0.00;0.00;60.00;634.57;28.34;244.41;35.19;250.27;40.41;244.12;28.80
2018;08;12;13;00;14.14;36.00;1017.50;0.00;0.00;0.00;0.00;0.00;0.00;60.00;635.46;26.41;242.39;32.62;247.96;36.71;244.44;28.44
2018;08;12;14;00;14.48;35.00;1017.50;0.00;0.00;0.00;0.00;0.00;0.00;60.00;582.06;24.51;240.05;29.80;244.98;33.65;242.61;28.44
2018;08;12;15;00;14.52;35.00;1017.90;0.00;0.00;0.00;0.00;0.00;0.00;60.00;476.15;23.04;241.03;28.02;244.09;32.53;242.30;28.08
2018;08;12;16;00;14.03;35.00;1018.10;0.00;0.00;0.00;0.00;0.00;0.00;60.00;326.63;22.06;243.85;27.94;248.06;33.01;244.83;28.08
2018;08;12;17;00;12.67;38.00;1018.70;0.00;0.00;0.00;0.00;0.00;0.00;24.28;147.74;20.86;248.75;28.69;252.47;35.79;246.27;24.48
2018;08;12;18;00;10.90;39.00;1019.80;0.00;0.00;0.00;0.00;0.00;0.00;0.00;8.01;20.52;254.74;31.44;256.76;41.56;245.43;25.56
2018;08;12;19;00;9.61;40.00;1021.00;0.00;0.00;0.00;0.00;0.00;0.00;0.00;0.00;22.10;257.77;34.25;257.86;48.96;241.93;24.48
2018;08;12;20;00;8.47;40.00;1021.60;0.00;0.00;0.00;0.00;0.00;0.00;0.00;0.00;24.80;256.57;36.67;256.37;58.92;237.48;31.68
2018;08;12;21;00;7.29;41.00;1021.90;0.00;0.00;0.00;0.00;0.00;0.00;0.00;0.00;25.67;255.38;37.38;254.36;68.20;231.86;28.08
2018;08;12;22;00;7.12;44.00;1021.50;0.00;0.00;0.00;0.00;0.00;0.00;0.00;0.00;24.80;260.81;36.22;259.70;71.54;223.98;24.84
2018;08;12;23;00;6.52;46.00;1021.10;0.00;0.00;0.00;0.00;0.00;0.00;0.00;0.00;24.15;259.70;34.74;259.85;71.12;221.92;25.56
2018;08;13;00;00;6.13;48.00;1020.70;0.00;0.00;0.00;0.00;0.00;0.00;0.00;0.00;23.68;261.25;33.67;263.86;68.80;222.46;25.56
2018;08;13;01;00;5.86;49.00;1020.70;0.00;0.00;0.00;0.00;0.00;0.00;0.00;0.00;22.46;263.56;32.78;268.11;65.29;221.42;24.12
2018;08;13;02;00;5.66;50.00;1020.40;0.00;0.00;0.00;0.00;0.00;0.00;0.00;0.00;21.67;265.24;31.68;269.35;60.78;218.02;23.40
2018;08;13;03;00;5.52;50.00;1020.00;0.00;0.00;0.00;0.00;0.00;0.00;0.00;0.00;21.67;265.24;31.33;268.68;56.75;215.71;24.84
2018;08;13;04;00;5.39;49.00;1019.80;0.00;0.00;0.00;0.00;0.00;0.00;0.00;0.00;22.07;264.38;31.71;267.40;54.07;216.34;24.84
2018;08;13;05;00;5.28;50.00;1020.00;0.00;0.00;0.00;0.00;0.00;0.00;0.00;0.00;22.10;263.45;32.17;264.86;52.35;217.74;23.40
2018;08;13;06;00;5.18;51.00;1020.40;0.00;0.00;0.00;0.00;0.00;0.00;0.00;0.00;22.15;262.53;32.20;264.23;49.61;217.04;22.68
2018;08;13;07;00;5.32;53.00;1020.80;0.00;0.00;1.00;0.00;0.00;1.00;23.53;7.12;22.25;260.69;31.97;262.23;45.93;213.81;22.68
2018;08;13;08;00;7.44;51.00;1021.80;0.00;0.00;0.00;0.00;0.00;0.00;60.00;138.84;22.53;257.07;31.21;258.69;41.06;207.69;22.32
2018;08;13;09;00;11.01;51.00;1022.20;0.00;0.00;0.00;0.00;0.00;0.00;60.00;318.62;24.36;251.03;33.48;253.12;37.17;201.60;24.48
2018;08;13;10;00;13.10;52.00;1022.60;0.00;0.00;0.00;0.00;0.00;0.00;60.00;469.03;26.25;244.84;37.06;245.92;34.39;199.57;27.00
2018;08;13;11;00;14.66;49.00;1022.40;0.00;0.00;2.00;0.00;0.00;2.00;58.72;575.83;24.97;241.59;34.29;243.17;31.88;205.41;27.00
2018;08;13;12;00;15.83;46.00;1021.60;0.00;0.00;0.00;0.00;0.00;0.00;60.00;631.90;22.87;241.82;30.12;245.27;29.76;214.65;26.64
2018;08;13;13;00;16.47;45.00;1021.00;0.00;0.00;0.00;0.00;0.00;0.00;60.00;631.90;21.25;243.87;27.61;247.78;27.94;231.80;27.36
2018;08;13;14;00;16.84;46.00;1020.60;0.00;0.00;0.00;0.00;0.00;0.00;60.00;579.39;19.97;244.36;25.62;250.29;29.80;244.98;27.00
2018;08;13;15;00;16.80;46.00;1020.40;0.00;0.00;0.00;0.00;0.00;0.00;60.00;473.48;18.86;246.37;24.25;251.83;31.22;249.06;26.64
2018;08;13;16;00;16.36;48.00;1020.60;0.00;0.00;0.00;0.00;0.00;0.00;60.00;327.52;17.78;248.63;23.49;254.90;32.56;251.97;24.84
2018;08;13;17;00;15.02;51.00;1020.90;0.00;0.00;1.00;0.00;0.00;1.00;24.72;150.41;15.83;252.80;23.58;257.66;34.32;254.80;23.40
2018;08;13;18;00;13.34;54.00;1021.50;0.00;0.00;0.00;0.00;0.00;0.00;0.00;8.90;13.40;263.83;23.58;262.98;37.24;253.14;16.56
2018;08;13;19;00;11.89;58.00;1022.10;0.00;0.00;0.00;0.00;0.00;0.00;0.00;0.00;14.04;271.47;24.86;267.51;39.66;246.46;20.52
2018;08;13;20;00;10.15;63.00;1022.80;0.00;0.00;0.00;0.00;0.00;0.00;0.00;0.00;15.88;273.90;28.48;267.10;39.35;237.33;20.52
2018;08;13;21;00;9.36;64.00;1023.40;0.00;0.00;1.20;4.00;0.00;0.00;0.00;0.00;18.72;268.90;32.14;260.33;38.03;229.22;17.64
2018;08;13;22;00;9.67;59.00;1023.10;0.00;0.00;0.00;0.00;0.00;0.00;0.00;0.00;20.35;256.70;30.39;256.29;50.64;215.16;21.24
2018;08;13;23;00;8.93;62.00;1023.00;0.00;0.00;0.00;0.00;0.00;0.00;0.00;0.00;18.64;259.99;28.36;261.97;49.95;211.74;21.60
2018;08;14;00;00;8.23;65.00;1022.90;0.00;0.00;0.00;0.00;0.00;0.00;0.00;0.00;18.06;265.43;27.73;268.51;47.38;209.10;21.96
2018;08;14;01;00;7.59;69.00;1022.90;0.00;0.00;0.00;0.00;0.00;0.00;0.00;0.00;17.65;267.66;28.45;271.45;43.31;206.14;21.60
2018;08;14;02;00;7.03;71.00;1022.50;0.00;0.00;1.00;0.00;0.00;1.00;0.00;0.00;17.64;270.00;29.54;272.10;37.97;201.70;18.72
2018;08;14;03;00;6.47;74.00;1022.30;0.00;0.00;5.00;0.00;0.00;5.00;0.00;0.00;17.28;270.00;30.24;270.68;31.90;196.39;16.92
2018;08;14;04;00;5.97;76.00;1022.50;0.00;0.00;0.00;0.00;0.00;0.00;0.00;0.00;16.92;268.78;30.62;267.98;26.90;192.36;15.84
2018;08;14;05;00;5.09;79.00;1022.90;0.00;0.00;1.00;0.00;0.00;1.00;0.00;0.00;16.58;267.51;31.45;264.75;21.61;190.56;14.76
2018;08;14;06;00;4.15;82.00;1023.20;0.00;0.00;0.00;0.00;0.00;0.00;0.00;0.00;15.84;268.70;31.09;264.69;16.07;195.59;13.68
2018;08;14;07;00;3.88;82.00;1023.60;0.00;0.00;0.00;0.00;0.00;0.00;24.82;8.01;15.84;270.00;29.54;267.90;11.75;207.35;11.88
2018;08;14;08;00;7.38;68.00;1023.60;0.00;0.00;0.00;0.00;0.00;0.00;60.00;142.40;14.44;274.29;27.40;273.01;8.94;229.90;11.16
2018;08;14;09;00;11.95;56.00;1023.20;0.00;0.00;0.00;0.00;0.00;0.00;60.00;323.07;14.92;278.33;21.49;278.67;8.40;260.13;12.24
2018;08;14;10;00;14.47;53.00;1022.60;0.00;0.00;0.00;0.00;0.00;0.00;60.00;475.26;16.39;278.84;23.18;276.24;11.25;277.35;15.12
2018;08;14;11;00;16.43;48.00;1022.10;0.00;0.00;0.00;0.00;0.00;0.00;60.00;583.84;15.46;282.09;21.75;276.65;15.11;282.38;16.20
2018;08;14;12;00;18.09;44.00;1020.60;0.00;0.00;0.00;0.00;0.00;0.00;60.00;640.80;13.45;285.52;18.71;281.09;19.49;274.24;16.56
2018;08;14;13;00;19.44;41.00;1019.50;0.00;0.00;0.00;0.00;0.00;0.00;60.00;640.80;11.97;291.16;15.73;285.95;25.21;260.13;18.36
2018;08;14;14;00;20.34;39.00;1018.50;0.00;0.00;0.00;0.00;0.00;0.00;60.00;587.40;10.63;298.30;13.53;295.20;29.94;251.78;20.52
2018;08;14;15;00;20.90;36.00;1017.70;0.00;0.00;0.00;0.00;0.00;0.00;60.00;480.60;10.09;304.82;12.29;301.83;24.03;261.38;21.24
2018;08;14;16;00;20.84;37.00;1017.30;0.00;0.00;0.00;0.00;0.00;0.00;60.00;331.08;8.40;316.74;10.44;316.40;27.38;267.74;20.88
2018;08;14;17;00;19.79;38.00;1017.20;0.00;0.00;0.00;0.00;0.00;0.00;25.68;152.19;8.05;349.70;11.18;345.07;30.97;271.33;17.64
2018;08;14;18;00;17.87;42.00;1017.50;0.00;0.00;0.00;0.00;0.00;0.00;0.00;9.79;9.72;360.00;15.88;356.10;32.17;275.14;18.00
2018;08;14;19;00;16.48;46.00;1017.90;0.00;0.00;0.00;0.00;0.00;0.00;0.00;0.00;10.09;357.95;19.30;351.42;32.64;276.97;15.48
2018;08;14;20;00;15.32;49.00;1018.10;0.00;0.00;0.00;0.00;0.00;0.00;0.00;0.00;10.31;347.91;20.72;342.82;31.88;276.48;14.76
2018;08;14;21;00;14.22;52.00;1018.10;0.00;0.00;0.00;0.00;0.00;0.00;0.00;0.00;10.16;337.07;21.18;328.20;30.70;274.71;15.48
2018;08;14;22;00;13.52;57.00;1018.20;0.00;0.00;0.00;0.00;0.00;0.00;0.00;0.00;10.03;338.96;18.25;337.99;25.07;291.04;13.32
2018;08;14;23;00;12.39;59.00;1017.70;0.00;0.00;0.00;0.00;0.00;0.00;0.00;0.00;9.89;326.89;18.44;321.34;26.94;292.80;14.40
2018;08;15;00;00;11.28;61.00;1017.10;0.00;0.00;0.00;0.00;0.00;0.00;0.00;0.00;10.69;315.00;19.45;308.99;30.97;289.70;16.56
2018;08;15;01;00;10.17;62.00;1016.80;0.00;0.00;0.00;0.00;0.00;0.00;0.00;0.00;11.25;309.81;19.77;303.11;36.16;282.65;17.64
2018;08;15;02;00;9.50;61.00;1016.10;0.00;0.00;0.00;0.00;0.00;0.00;0.00;0.00;12.31;307.87;20.87;302.32;42.87;277.72;20.52
2018;08;15;03;00;8.55;62.00;1015.20;0.00;0.00;0.00;0.00;0.00;0.00;0.00;0.00;12.77;310.43;23.48;305.64;50.10;277.43;23.76
2018;08;15;04;00;7.79;62.00;1014.50;0.00;0.00;0.00;0.00;0.00;0.00;0.00;0.00;14.00;313.96;26.87;309.02;56.62;277.31;24.84
2018;08;15;05;00;7.31;61.00;1014.10;0.00;0.00;0.00;0.00;0.00;0.00;0.00;0.00;15.27;315.00;28.62;309.90;61.74;274.35;25.92
2018;08;15;06;00;7.15;60.00;1014.00;0.00;0.00;0.00;0.00;0.00;0.00;0.00;0.00;16.29;315.00;29.55;313.03;66.30;272.49;28.80
2018;08;15;07;00;6.80;60.00;1014.10;0.00;0.00;0.00;0.00;0.00;0.00;25.88;8.90;17.31;315.00;30.81;313.58;70.79;274.67;30.96
2018;08;15;08;00;9.97;53.00;1014.00;0.00;0.00;0.00;0.00;0.00;0.00;60.00;148.63;18.60;312.65;30.65;310.24;76.77;276.19;33.12
2018;08;15;09;00;14.48;46.00;1013.50;0.00;0.00;0.00;0.00;0.00;0.00;60.00;331.97;22.90;306.69;28.08;306.14;82.85;275.74;38.88
2018;08;15;10;00;18.01;38.00;1012.70;0.00;0.00;0.00;0.00;0.00;0.00;60.00;484.16;27.78;301.22;35.28;298.66;88.10;276.81;43.56
2018;08;15;11;00;20.54;31.00;1011.60;0.00;0.00;0.00;0.00;0.00;0.00;60.00;592.74;29.78;296.57;39.38;292.58;75.33;281.58;46.80
2018;08;15;12;00;22.30;25.00;1010.50;0.00;0.00;0.00;0.00;0.00;0.00;60.00;648.81;29.64;294.39;40.20;289.90;64.14;286.30;48.60
2018;08;15;13;00;23.16;22.00;1009.50;0.00;0.00;0.00;0.00;0.00;0.00;60.00;649.70;29.17;294.03;41.56;289.22;58.41;287.21;50.76
2018;08;15;14;00;23.25;23.00;1008.80;0.00;0.00;0.00;0.00;0.00;0.00;60.00;596.30;29.50;293.75;43.49;289.33;56.14;287.16;52.20
2018;08;15;15;00;22.87;24.00;1008.30;0.00;0.00;0.00;0.00;0.00;0.00;60.00;488.61;28.84;294.33;44.63;289.31;57.15;287.98;51.84
2018;08;15;16;00;22.16;26.00;1008.10;0.00;0.00;0.00;0.00;0.00;0.00;60.00;337.31;27.21;295.89;43.53;290.83;57.49;289.00;49.68
2018;08;15;17;00;20.70;28.00;1008.20;0.00;0.00;0.00;0.00;0.00;0.00;26.38;156.64;24.16;298.47;40.46;293.60;59.77;287.89;47.52
2018;08;15;18;00;18.89;29.00;1008.80;0.00;0.00;0.00;0.00;0.00;0.00;0.00;10.68;21.18;301.80;36.40;298.34;62.31;286.45;43.56
2018;08;15;19;00;17.29;31.00;1009.40;0.00;0.00;0.00;0.00;0.00;0.00;0.00;0.00;19.47;303.69;33.28;301.28;65.67;285.26;37.80
2018;08;15;20;00;16.28;33.00;1009.90;0.00;0.00;0.00;0.00;0.00;0.00;0.00;0.00;18.29;306.19;32.17;301.73;69.16;283.24;37.80
2018;08;15;21;00;15.73;34.00;1010.00;0.00;0.00;0.00;0.00;0.00;0.00;0.00;0.00;17.43;308.29;30.57;302.01;72.74;279.98;37.08
2018;08;15;22;00;15.98;32.00;1009.50;0.00;0.00;5.00;0.00;5.00;0.00;0.00;0.00;17.83;313.36;30.47;308.77;75.26;283.84;36.36
2018;08;15;23;00;15.88;32.00;1009.10;0.00;0.00;0.00;0.00;0.00;0.00;0.00;0.00;17.57;315.83;30.19;309.19;74.77;280.82;37.80
2018;08;16;00;00;16.01;31.00;1008.50;0.00;0.00;0.00;0.00;0.00;0.00;0.00;0.00;17.07;317.56;28.82;311.46;73.23;276.78;37.08
2018;08;16;01;00;15.40;31.00;1008.60;0.00;0.00;0.00;0.00;0.00;0.00;0.00;0.00;15.07;319.84;27.53;311.82;67.92;274.86;36.36
2018;08;16;02;00;14.02;33.00;1008.30;0.00;0.00;0.00;0.00;0.00;0.00;0.00;0.00;14.02;318.12;26.52;311.70;64.92;273.50;33.12
2018;08;16;03;00;13.19;33.00;1007.90;0.00;0.00;0.00;0.00;0.00;0.00;0.00;0.00;12.26;310.24;24.66;303.69;63.79;267.41;24.12
2018;08;16;04;00;12.83;33.00;1008.10;0.00;0.00;0.00;0.00;0.00;0.00;0.00;0.00;11.50;290.14;23.24;286.19;58.81;258.35;23.40
2018;08;16;05;00;12.00;34.00;1008.90;0.00;0.00;0.00;0.00;0.00;0.00;0.00;0.00;12.25;268.32;24.44;260.68;52.53;245.72;23.76
2018;08;16;06;00;10.89;37.00;1010.20;0.00;0.00;0.00;0.00;0.00;0.00;0.00;0.00;14.92;250.25;28.50;242.14;51.22;236.76;26.28
2018;08;16;07;00;9.14;44.00;1011.40;0.00;0.00;1.00;0.00;0.00;1.00;26.67;9.79;16.75;241.78;31.83;232.35;53.65;238.44;28.08
2018;08;16;08;00;11.91;50.00;1012.30;0.00;0.00;0.00;0.00;0.00;0.00;60.00;147.74;19.69;239.22;29.30;232.99;59.29;245.61;32.04
2018;08;16;09;00;13.29;52.00;1012.60;0.00;0.00;0.00;0.00;0.00;0.00;60.00;327.52;22.86;243.84;30.27;243.13;63.08;250.32;36.72
2018;08;16;10;00;14.59;47.00;1012.70;0.00;0.00;0.00;0.00;0.00;0.00;60.00;480.60;24.36;251.03;32.11;252.38;58.03;248.53;40.68
2018;08;16;11;00;18.44;41.00;1011.30;0.00;0.00;2.00;0.00;0.00;2.00;58.72;582.95;17.71;243.43;17.58;247.11;22.86;262.76;34.92
2018;08;16;12;00;19.13;38.00;1010.10;0.00;0.00;100.00;0.00;0.00;100.00;0.00;625.67;17.73;240.83;16.92;246.16;24.44;260.68;34.56
2018;08;16;13;00;19.45;36.00;1009.90;0.00;0.00;100.00;0.00;0.00;100.00;0.00;617.66;16.87;236.31;15.78;242.85;24.64;258.20;33.48
2018;08;16;14;00;19.58;34.00;1009.90;0.00;0.00;10.00;0.00;0.00;10.00;53.62;558.92;15.58;229.69;13.98;235.49;23.59;254.05;32.40
2018;08;16;15;00;19.21;33.00;1009.90;0.00;0.00;10.00;0.00;0.00;10.00;53.62;466.36;14.51;226.01;13.39;233.75;23.11;251.85;29.52
2018;08;16;16;00;18.43;34.00;1010.20;0.00;0.00;0.00;0.00;0.00;0.00;60.00;326.63;13.51;221.76;13.04;230.60;23.11;251.85;24.84
2018;08;16;17;00;16.74;36.00;1011.10;0.00;0.00;0.00;0.00;0.00;0.00;27.07;157.53;11.59;216.16;13.00;228.37;24.14;252.65;20.52
2018;08;16;18;00;15.84;35.00;1011.80;0.00;0.00;0.00;0.00;0.00;0.00;0.00;10.68;9.51;209.48;12.98;223.88;25.39;251.82;16.56
2018;08;16;19;00;14.76;35.00;1012.70;0.00;0.00;0.00;0.00;0.00;0.00;0.00;0.00;8.59;213.02;13.75;225.00;26.64;251.08;14.40
2018;08;16;20;00;13.55;37.00;1013.60;0.00;0.00;0.00;0.00;0.00;0.00;0.00;0.00;8.16;221.42;15.35;230.71;28.28;248.33;12.24
2018;08;16;21;00;12.29;39.00;1014.70;0.00;0.00;0.00;0.00;0.00;0.00;0.00;0.00;8.09;237.72;16.98;237.99;29.97;245.90;14.40
2018;08;16;22;00;11.13;40.00;1015.10;0.00;0.00;0.00;0.00;0.00;0.00;0.00;0.00;9.36;247.38;19.65;241.56;30.43;242.53;15.48
2018;08;16;23;00;9.93;41.00;1015.30;0.00;0.00;0.00;0.00;0.00;0.00;0.00;0.00;10.93;252.76;21.90;242.59;29.65;240.95;16.20
