LAT;;;;;1.28967;1.28967;1.28967;1.28967;1.28967;1.28967;1.28967;1.28967;1.28967;1.28967;1.28967;1.28967;1.28967;1.28967;1.28967;1.28967;1.28967;1.28967
LON;;;;;103.850;103.850;103.850;103.850;103.850;103.850;103.850;103.850;103.850;103.850;103.850;103.850;103.850;103.850;103.850;103.850;103.850;103.850
ASL;;;;;23.0000;23.0000;23.0000;23.0000;23.0000;23.0000;23.0000;23.0000;23.0000;23.0000;23.0000;23.0000;23.0000;23.0000;23.0000;23.0000;23.0000;23.0000
CITY;;;;;Singapore;Singapore;Singapore;Singapore;Singapore;Singapore;Singapore;Singapore;Singapore;Singapore;Singapore;Singapore;Singapore;Singapore;Singapore;Singapore;Singapore;Singapore
DOMAIN;;;;;NEMSGLOBAL;NEMSGLOBAL;NEMSGLOBAL;NEMSGLOBAL;NEMSGLOBAL;NEMSGLOBAL;NEMSGLOBAL;NEMSGLOBAL;NEMSGLOBAL;NEMSGLOBAL;NEMSGLOBAL;NEMSGLOBAL;NEMSGLOBAL;NEMSGLOBAL;NEMSGLOBAL;NEMSGLOBAL;NEMSGLOBAL;NEMSGLOBAL
LEVEL;;;;;2 m above gnd;2 m above gnd;MSL;sfc;sfc;sfc;high cld lay;mid cld lay;low cld lay;sfc;sfc;10 m above gnd;10 m above gnd;80 m above gnd;80 m above gnd;900 mb;900 mb;sfc
NAME;;;;;Temperature;Relative Humidity;Mean Sea Level Pressure;Total Precipitation;Snowfall amount raw;Total Cloud Cover;High Cloud Cover;Medium Cloud Cover;Low Cloud Cover;Sunshine Duration;Shortwave Radiation;Wind Speed;Wind Direction;Wind Speed;Wind Direction;Wind Speed;Wind Direction;Wind Gust
UNIT;;;;;째C;%;hPa;mm;cm;%;%;%;%;min;W/m2;km/h;째;km/h;째;km/h;째;km/h
AGGREGATION;;;;;;;;;;;;;;;;;;;;;;
UTC_OFFSET;;;;;8;8;8;8;8;8;8;8;8;8;8;8;8;8;8;8;8;8

Year;Month;Day;Hour;Minute;Temperature  [2 m above gnd];Relative Humidity  [2 m above gnd];Mean Sea Level Pressure  [MSL];Total Precipitation  [sfc];Snowfall amount raw  [sfc];Total Cloud Cover  [sfc];High Cloud Cover  [high cld lay];Medium Cloud Cover  [mid cld lay];Low Cloud Cover  [low cld lay];Sunshine Duration  [sfc];Shortwave Radiation  [sfc];Wind Speed  [10 m above gnd];Wind Direction  [10 m above gnd];Wind Speed  [80 m above gnd];Wind Direction  [80 m above gnd];Wind Speed  [900 mb];Wind Direction  [900 mb];Wind Gust  [sfc]
2018;08;17;00;00;26.92;82.00;1009.00;0.00;0.00;0.00;0.00;0.00;0.00;0.00;0.00;15.38;163.69;19.65;166.22;18.46;200.56;14.04
2018;08;17;01;00;26.45;85.00;1008.80;0.00;0.00;0.00;0.00;0.00;0.00;0.00;0.00;14.35;162.47;18.25;165.14;18.68;205.08;12.60
2018;08;17;02;00;26.07;87.00;1008.70;0.00;0.00;2.00;0.00;2.00;0.00;0.00;0.00;12.43;157.89;15.65;156.97;17.48;212.38;10.80
2018;08;17;03;00;25.69;89.00;1007.70;0.00;0.00;6.00;1.00;0.00;6.00;0.00;0.00;12.52;161.57;16.62;162.35;19.38;215.17;10.80
2018;08;17;04;00;25.34;90.00;1007.70;0.00;0.00;10.00;0.00;0.00;10.00;0.00;0.00;12.86;162.07;17.65;163.41;20.09;216.25;11.16
2018;08;17;05;00;25.01;92.00;1007.40;0.00;0.00;10.00;0.00;0.00;10.00;0.00;0.00;13.32;161.08;18.79;163.30;21.27;213.96;11.88
2018;08;17;06;00;24.73;93.00;1007.30;0.00;0.00;8.00;3.00;0.00;8.00;0.00;0.00;13.44;159.62;18.90;162.26;21.67;212.11;11.88
2018;08;17;07;00;24.55;94.00;1007.50;0.00;0.00;8.00;4.00;0.00;8.00;52.00;0.00;13.68;153.43;18.04;151.39;20.29;205.20;14.40
2018;08;17;08;00;26.75;84.00;1007.90;0.00;0.00;11.00;3.00;0.00;11.00;52.98;86.33;15.79;155.77;18.25;157.99;22.77;198.43;15.84
2018;08;17;09;00;28.82;71.00;1008.20;0.00;0.00;0.60;2.00;0.00;0.00;59.62;308.83;19.34;155.82;20.86;158.75;24.57;190.98;19.08
2018;08;17;10;00;30.22;62.00;1008.30;0.00;0.00;5.00;3.00;0.00;5.00;56.81;512.64;20.33;157.07;20.73;159.68;26.08;186.34;19.80
2018;08;17;11;00;30.84;58.00;1007.90;0.00;0.00;47.00;5.00;47.00;47.00;30.00;631.90;20.86;158.75;20.73;159.68;27.73;181.49;21.24
2018;08;17;12;00;30.75;57.00;1007.80;0.00;0.00;72.00;30.00;72.00;72.00;14.04;471.70;21.29;161.26;20.61;160.62;27.42;176.24;21.24
2018;08;17;13;00;30.36;58.00;1007.30;0.20;0.00;66.00;9.00;66.00;66.00;17.87;395.16;21.22;165.26;21.07;163.11;27.42;176.24;21.60
2018;08;17;14;00;30.61;59.00;1006.90;0.20;0.00;76.00;3.00;76.00;76.00;11.49;397.83;21.05;167.15;21.22;165.26;27.73;178.51;19.80
2018;08;17;15;00;29.92;61.00;1006.10;0.30;0.00;88.00;1.00;88.00;88.00;3.83;337.31;20.83;170.05;21.13;166.20;27.00;180.00;21.24
2018;08;17;16;00;29.65;63.00;1005.70;0.10;0.00;82.00;0.00;82.00;82.00;7.66;352.44;20.42;170.87;21.40;167.37;26.28;180.78;19.80
2018;08;17;17;00;29.43;63.00;1005.50;0.00;0.00;10.00;0.00;0.00;10.00;53.62;325.74;20.12;169.70;21.67;168.50;26.28;180.00;20.88
2018;08;17;18;00;29.50;63.00;1005.50;0.00;0.00;10.00;0.00;0.00;10.00;53.62;339.98;20.55;168.89;21.83;166.65;27.01;178.47;20.88
2018;08;17;19;00;28.47;67.00;1006.30;0.00;0.00;10.00;6.00;0.00;10.00;12.94;141.51;19.21;167.01;21.48;166.43;28.12;177.06;20.16
2018;08;17;20;00;27.57;74.00;1007.30;0.00;0.00;100.00;13.00;100.00;0.00;0.00;0.89;19.91;167.47;22.88;167.28;31.85;185.84;20.16
2018;08;17;21;00;27.39;76.00;1008.20;0.00;0.00;100.00;25.00;100.00;0.00;0.00;0.00;18.86;166.76;22.61;166.18;31.88;186.48;19.80
2018;08;17;22;00;26.95;78.00;1008.80;0.00;0.00;12.00;19.00;12.00;0.00;0.00;0.00;17.81;165.96;22.10;167.77;33.24;184.97;20.16
2018;08;17;23;00;26.56;81.00;1008.80;0.00;0.00;10.00;14.00;10.00;0.00;0.00;0.00;17.81;165.96;22.03;168.69;35.33;182.92;19.08
2018;08;18;00;00;26.28;83.00;1008.90;0.00;0.00;12.00;19.00;12.00;0.00;0.00;0.00;17.90;164.85;23.75;165.96;38.53;181.07;19.08
2018;08;18;01;00;25.94;86.00;1009.00;0.00;0.00;12.00;25.00;12.00;0.00;0.00;0.00;15.83;162.80;21.66;164.58;38.53;181.07;18.00
2018;08;18;02;00;25.69;87.00;1008.30;0.00;0.00;6.30;21.00;1.00;0.00;0.00;0.00;16.07;164.41;21.92;165.74;39.96;180.52;17.64
2018;08;18;03;00;25.45;88.00;1007.30;0.00;0.00;6.30;21.00;0.00;0.00;0.00;0.00;15.98;165.65;22.38;168.87;39.99;182.06;17.28
2018;08;18;04;00;25.34;88.00;1007.40;0.00;0.00;6.60;22.00;0.00;0.00;0.00;0.00;16.24;167.20;22.31;169.78;40.36;182.56;18.36
2018;08;18;05;00;25.29;88.00;1006.90;0.00;0.00;27.00;17.00;27.00;0.00;0.00;0.00;17.30;167.99;24.45;166.37;41.41;181.49;18.36
2018;08;18;06;00;25.25;87.00;1007.30;0.00;0.00;16.00;28.00;16.00;0.00;0.00;0.00;18.08;167.35;23.80;169.54;40.69;181.01;19.80
2018;08;18;07;00;25.26;86.00;1007.50;0.00;0.00;25.00;9.00;25.00;0.00;41.85;0.00;18.43;167.59;24.86;169.99;40.32;180.51;20.16
2018;08;18;08;00;26.92;78.00;1007.90;0.00;0.00;20.00;12.00;20.00;0.00;47.23;87.22;20.55;168.89;24.34;172.35;39.97;181.55;24.84
2018;08;18;09;00;27.50;74.00;1008.10;0.10;0.00;16.00;12.00;16.00;0.00;49.79;149.52;23.05;165.53;27.05;170.04;39.60;180.52;27.36
2018;08;18;10;00;29.65;63.00;1008.20;0.00;0.00;10.00;10.00;4.00;10.00;53.62;323.07;25.32;165.17;27.53;168.69;39.24;180.00;29.16
2018;08;18;11;00;30.80;59.00;1008.30;0.00;0.00;11.40;38.00;10.00;10.00;52.72;558.03;25.17;163.38;27.16;165.41;35.79;174.81;30.60
2018;08;18;12;00;30.30;59.00;1008.30;0.10;0.00;80.00;18.00;80.00;76.00;8.94;427.20;24.59;162.10;26.65;163.52;34.10;169.05;30.60
2018;08;18;13;00;30.14;60.00;1007.90;0.20;0.00;75.00;18.00;75.00;67.00;12.13;374.69;23.91;161.57;25.73;162.07;33.82;168.33;30.24
2018;08;18;14;00;30.34;60.00;1007.10;0.30;0.00;83.00;16.00;83.00;81.00;7.02;291.92;23.80;162.39;25.39;161.82;32.97;169.30;30.96
2018;08;18;15;00;30.19;61.00;1006.10;0.20;0.00;80.00;16.00;80.00;77.00;8.94;350.66;23.00;162.70;24.25;161.83;32.38;171.69;30.96
2018;08;18;16;00;30.12;61.00;1005.60;0.10;0.00;76.00;52.00;76.00;71.00;11.49;345.32;22.31;162.15;23.34;162.96;31.93;172.87;30.60
2018;08;18;17;00;30.75;59.00;1005.10;0.00;0.00;30.00;100.00;19.00;0.00;40.85;478.82;21.53;159.44;22.43;161.27;30.50;172.54;28.44
2018;08;18;18;00;30.21;61.00;1005.30;0.00;0.00;30.00;100.00;8.00;10.00;40.85;355.11;21.13;156.93;22.46;158.37;30.24;171.10;29.88
2018;08;18;19;00;28.92;67.00;1005.80;0.00;0.00;30.00;100.00;14.00;0.00;9.69;135.28;19.67;156.25;22.26;157.17;31.37;170.75;20.88
2018;08;18;20;00;28.32;71.00;1007.40;0.00;0.00;2.40;8.00;0.00;0.00;0.00;2.67;18.58;158.40;22.26;157.17;30.19;171.77;19.80
2018;08;18;21;00;27.79;75.00;1008.00;0.00;0.00;5.40;18.00;0.00;0.00;0.00;0.00;18.46;159.44;22.67;159.55;31.81;174.81;19.80
2018;08;18;22;00;27.40;78.00;1008.60;0.00;0.00;3.30;11.00;0.00;0.00;0.00;0.00;18.25;157.99;22.88;160.71;32.41;178.73;20.16
2018;08;18;23;00;27.16;80.00;1008.70;0.00;0.00;100.00;12.00;100.00;0.00;0.00;0.00;17.92;157.56;23.34;160.17;33.84;180.00;19.44
2018;08;19;00;00;26.98;81.00;1009.00;0.00;0.00;100.00;4.00;100.00;0.00;0.00;0.00;17.92;157.56;23.34;160.17;34.56;180.00;18.72
2018;08;19;01;00;26.50;83.00;1008.60;0.00;0.00;0.00;0.00;0.00;0.00;0.00;0.00;18.12;159.04;24.72;163.94;37.47;182.20;19.80
2018;08;19;02;00;26.12;85.00;1008.70;0.00;0.00;2.40;8.00;0.00;0.00;0.00;0.00;17.32;159.30;23.14;164.67;37.44;180.55;19.08
2018;08;19;03;00;25.80;87.00;1008.00;0.00;0.00;2.40;8.00;0.00;0.00;0.00;0.00;17.08;161.57;23.05;165.53;38.89;178.94;19.44
2018;08;19;04;00;25.96;86.00;1008.00;0.00;0.00;100.00;13.00;0.00;100.00;0.00;0.00;17.21;164.22;23.02;170.10;40.71;177.97;19.44
2018;08;19;05;00;26.34;84.00;1008.00;0.00;0.00;100.00;4.00;0.00;100.00;0.00;0.00;18.00;163.74;23.58;167.66;40.40;176.42;18.00
2018;08;19;06;00;25.90;85.00;1008.20;0.00;0.00;7.00;12.00;0.00;7.00;0.00;0.00;18.35;164.05;23.75;165.96;39.32;176.33;16.92
2018;08;19;07;00;25.72;85.00;1008.00;0.00;0.00;6.00;20.00;0.00;6.00;53.54;0.00;18.90;162.26;25.86;163.84;39.40;174.76;17.64
2018;08;19;08;00;27.23;79.00;1008.50;0.00;0.00;26.10;87.00;0.00;8.00;43.34;88.11;20.49;161.57;23.93;164.29;37.25;174.45;18.36
2018;08;19;09;00;28.18;72.00;1009.30;0.10;0.00;64.00;100.00;64.00;64.00;19.15;195.80;22.88;160.71;26.11;164.81;36.22;173.72;23.40
2018;08;19;10;00;29.23;66.00;1009.90;0.00;0.00;63.00;31.00;63.00;63.00;19.79;250.98;23.81;159.65;25.62;162.84;35.10;169.96;24.12
2018;08;19;11;00;29.94;62.00;1009.90;0.00;0.00;61.00;51.00;61.00;61.00;21.06;389.82;23.60;158.52;25.62;160.29;33.03;163.54;23.40
2018;08;19;12;00;29.88;62.00;1009.80;0.10;0.00;81.00;100.00;81.00;81.00;8.30;394.27;23.13;159.03;25.41;159.25;31.19;161.15;22.68
2018;08;19;13;00;29.94;62.00;1009.30;0.20;0.00;65.00;100.00;65.00;65.00;18.51;371.13;22.88;160.71;25.28;160.02;31.43;159.90;22.68
2018;08;19;14;00;30.23;61.00;1008.90;0.20;0.00;76.00;100.00;76.00;76.00;11.49;366.68;22.31;162.15;24.25;161.83;30.85;160.93;22.68
2018;08;19;15;00;29.89;62.00;1008.20;0.30;0.00;85.00;100.00;85.00;85.00;5.74;332.86;21.22;165.26;23.24;163.81;29.04;162.69;22.32
2018;08;19;16;00;29.66;63.00;1007.90;0.20;0.00;85.00;53.00;85.00;85.00;5.74;284.80;20.35;166.70;21.92;165.74;27.16;165.41;20.88
2018;08;19;17;00;29.26;65.00;1007.50;0.20;0.00;50.00;83.00;50.00;50.00;28.09;233.18;18.86;166.76;20.70;166.93;26.28;166.53;20.52
2018;08;19;18;00;29.38;65.00;1007.50;0.00;0.00;62.00;100.00;62.00;62.00;20.43;218.05;17.73;167.09;19.56;167.24;26.63;166.72;20.16
2018;08;19;19;00;28.28;70.00;1008.10;0.00;0.00;30.00;100.00;2.00;0.00;9.51;86.33;15.82;168.18;17.94;169.59;28.12;166.68;16.92
2018;08;19;20;00;28.02;73.00;1008.40;0.00;0.00;30.00;100.00;0.00;0.00;0.00;2.67;18.10;162.65;22.66;162.43;31.79;166.91;19.80
2018;08;19;21;00;27.62;76.00;1009.40;0.00;0.00;30.00;100.00;0.00;0.00;0.00;0.00;17.65;159.72;21.97;161.86;33.72;163.89;20.16
2018;08;19;22;00;27.29;78.00;1009.90;0.00;0.00;30.00;100.00;0.00;0.00;0.00;0.00;17.32;159.30;21.97;161.86;34.96;163.24;20.52
2018;08;19;23;00;26.94;81.00;1010.10;0.00;0.00;30.00;100.00;0.00;0.00;0.00;0.00;16.85;160.02;22.31;162.15;36.15;165.00;20.88
2018;08;20;00;00;26.61;83.00;1010.00;0.00;0.00;30.00;100.00;0.00;0.00;0.00;0.00;16.74;161.18;22.45;164.18;36.59;166.92;18.00
2018;08;20;01;00;26.24;85.00;1009.60;0.00;0.00;30.00;100.00;0.00;0.00;0.00;0.00;16.28;161.97;21.57;165.50;36.79;168.14;15.48
2018;08;20;02;00;25.98;87.00;1009.50;0.00;0.00;30.00;100.00;0.00;0.00;0.00;0.00;15.03;163.30;20.62;167.91;36.36;168.58;11.88
2018;08;20;03;00;25.77;88.00;1008.90;0.00;0.00;30.00;100.00;0.00;0.00;0.00;0.00;13.71;166.33;19.30;171.42;35.65;168.35;14.76
2018;08;20;04;00;25.63;89.00;1009.10;0.00;0.00;30.00;100.00;0.00;3.00;0.00;0.00;13.98;168.11;19.56;173.66;35.73;167.78;16.56
2018;08;20;05;00;25.44;90.00;1008.70;0.00;0.00;30.00;100.00;1.00;0.00;0.00;0.00;14.97;170.31;20.63;173.99;36.67;166.37;19.08
2018;08;20;06;00;25.31;90.00;1008.40;0.00;0.00;30.00;100.00;0.00;0.00;0.00;0.00;15.68;170.75;21.67;175.24;37.64;165.03;17.64
2018;08;20;07;00;25.25;90.00;1008.50;0.00;0.00;30.00;100.00;0.00;0.00;39.06;0.00;15.63;172.06;22.01;176.25;38.72;163.25;18.72
2018;08;20;08;00;26.98;83.00;1009.30;0.00;0.00;30.00;100.00;0.00;0.00;40.85;84.55;16.81;170.13;20.60;174.99;39.78;158.78;19.44
2018;08;20;09;00;28.98;71.00;1009.90;0.00;0.00;10.00;9.00;0.00;10.00;53.62;296.37;20.83;170.05;23.93;173.09;39.38;157.42;25.20
2018;08;20;10;00;30.20;64.00;1010.20;0.00;0.00;10.00;10.00;0.00;10.00;53.62;485.05;22.20;171.61;24.34;172.35;38.58;157.50;25.92
2018;08;20;11;00;31.26;58.00;1009.90;0.00;0.00;10.00;10.00;0.00;10.00;53.62;642.58;22.67;169.94;25.35;168.53;33.93;160.80;25.56
2018;08;20;12;00;32.21;55.00;1009.60;0.00;0.00;3.00;10.00;0.00;0.00;58.09;787.65;22.73;169.05;25.32;165.17;30.39;166.29;23.76
2018;08;20;13;00;32.90;52.00;1009.10;0.00;0.00;3.90;13.00;0.00;0.00;57.51;872.20;22.10;167.77;24.93;162.35;28.66;168.41;23.76
2018;08;20;14;00;33.24;51.00;1008.70;0.00;0.00;7.20;24.00;0.00;0.00;55.40;879.32;20.62;167.91;23.11;161.85;26.63;170.67;20.88
2018;08;20;15;00;33.33;50.00;1008.10;0.00;0.00;5.10;17.00;0.00;0.00;56.74;827.70;19.42;169.32;21.52;162.47;24.61;174.12;20.52
2018;08;20;16;00;33.06;51.00;1007.60;0.00;0.00;10.00;19.00;0.00;10.00;53.62;719.12;18.36;168.69;20.49;161.57;23.08;176.42;20.52
2018;08;20;17;00;32.23;53.00;1007.40;0.00;0.00;42.00;6.00;41.00;42.00;33.19;518.87;17.65;168.23;19.24;162.58;22.33;178.15;16.20
2018;08;20;18;00;31.19;57.00;1007.50;0.00;0.00;10.00;0.00;0.00;10.00;53.62;246.53;16.52;168.69;18.35;164.05;21.60;179.05;17.64
2018;08;20;19;00;29.76;63.00;1008.00;0.00;0.00;2.10;7.00;0.00;0.00;13.40;141.51;14.69;168.69;17.03;166.55;21.24;179.03;16.20
2018;08;20;20;00;28.28;73.00;1009.00;0.00;0.00;1.20;4.00;0.00;0.00;0.00;1.78;14.41;167.01;17.38;166.83;22.71;177.27;14.40
2018;08;20;21;00;27.69;77.00;1009.60;0.00;0.00;1.80;6.00;0.00;0.00;0.00;0.00;12.92;167.12;15.46;167.91;23.07;177.32;13.68
2018;08;20;22;00;27.20;81.00;1010.20;0.00;0.00;0.90;3.00;0.00;0.00;0.00;0.00;11.72;169.38;13.85;171.03;23.04;180.00;12.24
2018;08;20;23;00;26.70;85.00;1010.60;0.00;0.00;3.00;10.00;0.00;0.00;0.00;0.00;11.25;172.65;14.44;175.71;23.78;182.60;11.88
2018;08;21;00;00;26.29;87.00;1010.60;0.00;0.00;2.70;9.00;0.00;0.00;0.00;0.00;10.59;170.22;14.51;172.87;23.77;181.74;11.52
2018;08;21;01;00;26.08;89.00;1010.50;0.00;0.00;13.20;44.00;0.00;0.00;0.00;0.00;10.14;173.88;13.70;176.99;23.83;184.33;11.52
2018;08;21;02;00;25.82;90.00;1009.70;0.00;0.00;19.80;66.00;0.00;0.00;0.00;0.00;10.85;174.29;14.40;178.57;24.61;185.88;11.88
2018;08;21;03;00;25.45;92.00;1008.80;0.00;0.00;100.00;100.00;0.00;100.00;0.00;0.00;11.18;176.31;15.50;177.34;26.04;185.55;12.60
2018;08;21;04;00;25.36;93.00;1008.70;0.00;0.00;100.00;100.00;0.00;100.00;0.00;0.00;11.30;170.84;15.94;173.52;26.32;183.14;12.60
2018;08;21;05;00;25.64;92.00;1008.50;0.00;0.00;89.00;47.00;0.00;89.00;0.00;0.00;10.31;167.91;15.27;171.87;25.57;181.61;11.88
2018;08;21;06;00;25.87;90.00;1008.60;0.00;0.00;100.00;8.00;0.00;100.00;0.00;0.00;10.59;162.18;14.76;167.32;24.84;180.00;12.60
2018;08;21;07;00;26.01;88.00;1008.90;0.00;0.00;100.00;10.00;0.00;100.00;0.00;0.00;11.38;161.57;15.38;163.69;25.93;178.41;13.68
2018;08;21;08;00;26.68;84.00;1009.60;0.00;0.00;100.00;36.00;0.00;100.00;0.00;53.40;12.76;163.61;16.24;167.20;28.09;178.53;15.48
2018;08;21;09;00;27.65;78.00;1010.10;0.00;0.00;100.00;20.00;0.00;100.00;0.00;207.37;15.03;163.30;16.07;164.41;28.82;177.85;18.00
2018;08;21;10;00;29.21;70.00;1010.30;0.00;0.00;10.00;14.00;0.00;10.00;53.62;443.22;16.42;164.74;18.35;164.05;30.61;178.65;19.44
2018;08;21;11;00;30.39;63.00;1010.00;0.00;0.00;10.00;14.00;0.00;10.00;53.62;644.36;18.95;165.70;21.41;163.39;31.34;178.03;20.88
2018;08;21;12;00;31.23;59.00;1009.40;0.00;0.00;10.00;8.00;0.00;10.00;53.62;757.39;20.00;166.46;21.31;164.32;28.09;178.53;21.96
2018;08;21;13;00;30.11;62.00;1009.00;0.00;0.00;10.00;29.00;0.00;10.00;53.62;520.65;19.13;168.06;20.78;165.96;25.20;180.00;20.88
2018;08;21;14;00;31.92;56.00;1008.00;0.00;0.00;13.80;46.00;0.00;10.00;51.19;826.81;18.94;171.25;19.49;168.27;23.80;183.47;18.00
2018;08;21;15;00;32.06;55.00;1007.30;0.00;0.00;30.00;100.00;0.00;10.00;40.85;771.63;18.53;172.18;18.78;167.83;23.08;183.58;18.00
2018;08;21;16;00;31.81;56.00;1006.70;0.00;0.00;30.00;100.00;0.00;10.00;40.85;647.92;18.18;172.03;18.51;166.50;22.37;183.69;17.64
2018;08;21;17;00;31.32;57.00;1006.50;0.00;0.00;30.00;100.00;0.00;10.00;40.85;505.52;17.94;169.59;18.35;164.05;22.33;181.85;17.28
2018;08;21;18;00;30.57;59.00;1006.50;0.00;0.00;10.00;8.00;0.00;10.00;53.62;344.43;17.81;165.96;18.45;162.98;22.32;180.00;18.36
2018;08;21;19;00;29.26;64.00;1007.20;0.00;0.00;10.00;2.00;0.00;10.00;12.00;141.51;16.28;161.97;18.46;159.44;23.04;180.00;17.28
2018;08;21;20;00;28.13;72.00;1008.60;0.00;0.00;10.20;34.00;0.00;0.00;0.00;1.78;16.06;160.35;19.26;159.19;23.04;180.00;15.84
2018;08;21;21;00;27.62;76.00;1009.50;0.00;0.00;7.20;24.00;0.00;0.00;0.00;0.00;15.83;162.80;19.69;161.90;25.24;183.27;15.84
2018;08;21;22;00;27.21;79.00;1010.10;0.00;0.00;12.90;43.00;0.00;0.00;0.00;0.00;15.73;164.05;19.73;165.20;27.15;186.09;16.20
2018;08;21;23;00;26.79;82.00;1010.30;0.00;0.00;9.00;30.00;0.00;0.00;0.00;0.00;14.93;164.62;19.65;166.22;28.27;186.58;15.48
2018;08;22;00;00;26.37;85.00;1010.30;0.00;0.00;9.60;32.00;0.00;0.00;0.00;0.00;13.71;166.33;19.06;169.11;28.94;185.71;15.12
2018;08;22;01;00;25.98;88.00;1010.10;0.00;0.00;6.60;22.00;0.00;0.00;0.00;0.00;13.56;169.29;19.20;173.54;30.74;185.38;15.48
2018;08;22;02;00;25.61;90.00;1009.20;0.00;0.00;3.60;12.00;0.00;0.00;0.00;0.00;13.56;169.29;19.20;173.54;32.43;182.54;15.84
2018;08;22;03;00;25.26;92.00;1008.70;0.00;0.00;5.00;14.00;0.00;5.00;0.00;0.00;13.20;169.00;18.89;172.33;33.48;180.62;15.12
2018;08;22;04;00;25.12;93.00;1009.40;0.00;0.00;2.70;9.00;0.00;0.00;0.00;0.00;12.57;166.76;18.00;168.47;34.20;179.40;14.76
2018;08;22;05;00;24.91;94.00;1009.10;0.00;0.00;5.10;17.00;2.00;2.00;0.00;0.00;14.06;166.68;19.42;169.32;36.37;178.87;16.56
2018;08;22;06;00;24.67;95.00;1009.00;0.00;0.00;8.40;28.00;1.00;4.00;0.00;0.00;14.84;165.96;20.62;167.91;37.11;177.78;17.28
2018;08;22;07;00;25.39;91.00;1009.20;0.00;0.00;10.00;14.00;0.00;10.00;51.62;0.00;15.63;165.32;21.48;166.43;36.47;175.47;17.64
2018;08;22;08;00;26.51;85.00;1009.30;0.00;0.00;10.00;26.00;0.00;10.00;53.62;42.72;18.00;168.47;21.49;171.33;36.86;174.96;19.08
2018;08;22;09;00;28.29;73.00;1009.60;0.00;0.00;12.90;43.00;0.00;10.00;51.77;273.23;21.05;167.15;23.02;170.10;37.47;171.71;23.40
2018;08;22;10;00;29.55;67.00;1009.80;0.00;0.00;15.30;51.00;0.00;10.00;50.23;486.83;21.75;167.57;23.86;168.69;38.06;169.65;24.48
2018;08;22;11;00;30.35;63.00;1009.80;0.00;0.00;10.00;14.00;0.00;10.00;53.62;470.81;23.31;166.61;25.15;166.76;37.14;168.25;25.56
2018;08;22;12;00;29.50;66.00;1009.70;0.00;0.00;10.00;17.00;0.00;10.00;53.62;368.46;23.31;166.61;25.67;165.38;36.71;168.69;26.28
2018;08;22;13;00;29.97;63.00;1009.00;0.00;0.00;10.00;11.00;0.00;10.00;53.62;587.40;23.58;167.66;26.37;165.77;33.26;170.03;25.92
2018;08;22;14;00;30.05;63.00;1008.40;0.00;0.00;10.00;10.00;0.00;10.00;53.62;394.27;23.51;168.52;26.63;166.72;32.38;171.69;26.28
2018;08;22;15;00;30.14;62.00;1007.80;0.00;0.00;10.00;11.00;0.00;10.00;53.62;322.18;23.16;168.34;26.12;168.07;31.21;172.71;26.28
2018;08;22;16;00;30.11;62.00;1007.30;0.00;0.00;10.00;20.00;0.00;10.00;53.62;412.07;22.81;168.16;25.70;168.69;30.77;173.96;25.92
2018;08;22;17;00;29.87;63.00;1007.00;0.00;0.00;10.00;12.00;0.00;10.00;53.62;334.64;21.83;166.65;24.64;168.20;30.77;173.96;23.40
2018;08;22;18;00;29.93;64.00;1007.20;0.00;0.00;2.40;8.00;0.00;0.00;58.47;354.22;22.01;164.83;24.80;166.57;31.97;172.23;24.84
2018;08;22;19;00;28.60;70.00;1007.30;0.00;0.00;10.00;8.00;0.00;10.00;11.75;145.07;20.28;163.50;23.59;164.05;34.27;170.93;22.32
2018;08;22;20;00;27.62;73.00;1008.90;0.00;0.00;8.10;27.00;0.00;0.00;0.00;1.78;17.64;180.00;20.52;180.00;31.63;191.82;18.00
2018;08;22;21;00;27.11;77.00;1009.60;0.00;0.00;2.70;9.00;0.00;0.00;0.00;0.00;17.64;181.17;20.88;180.99;32.41;192.18;18.36
2018;08;22;22;00;26.74;80.00;1010.50;0.00;0.00;1.80;6.00;0.00;0.00;0.00;0.00;17.28;181.19;21.25;181.94;33.88;194.77;18.36
2018;08;22;23;00;26.40;82.00;1010.60;0.00;0.00;0.90;3.00;0.00;0.00;0.00;0.00;16.92;181.22;21.61;181.91;35.21;196.03;18.00
2018;08;23;00;00;26.14;85.00;1010.80;0.00;0.00;0.60;2.00;0.00;0.00;0.00;0.00;16.20;180.00;20.88;180.00;35.65;196.42;18.36
2018;08;23;01;00;25.85;87.00;1010.70;0.00;0.00;2.40;8.00;0.00;0.00;0.00;0.00;14.76;181.40;19.83;183.12;35.65;196.42;16.92
2018;08;23;02;00;25.67;88.00;1010.40;0.00;0.00;2.10;7.00;0.00;0.00;0.00;0.00;14.78;182.79;20.24;185.10;36.06;194.45;18.00
2018;08;23;03;00;25.47;89.00;1009.60;0.00;0.00;9.00;30.00;0.00;0.00;0.00;0.00;15.16;184.09;19.80;178.96;36.08;192.09;17.64
2018;08;23;04;00;25.27;89.00;1009.40;0.00;0.00;6.00;20.00;0.00;0.00;0.00;0.00;15.14;182.73;21.60;180.95;37.02;193.50;18.00
2018;08;23;05;00;25.18;89.00;1009.50;0.00;0.00;11.40;38.00;0.00;1.00;0.00;0.00;16.56;180.00;22.68;180.00;37.84;191.52;18.72
2018;08;23;06;00;25.11;88.00;1009.50;0.00;0.00;15.30;51.00;0.00;0.00;0.00;0.00;16.66;173.80;22.46;173.56;36.40;188.53;18.00
2018;08;23;07;00;25.06;88.00;1009.70;0.00;0.00;30.00;100.00;0.00;0.00;39.48;0.00;17.38;166.83;24.10;166.17;35.69;182.89;17.64
2018;08;23;08;00;26.81;80.00;1010.10;0.00;0.00;12.60;42.00;0.00;0.00;51.96;90.78;19.39;164.93;24.19;165.34;36.00;180.57;19.44
2018;08;23;09;00;28.79;69.00;1010.50;0.00;0.00;10.00;12.00;4.00;10.00;53.62;303.49;22.66;162.43;26.55;164.27;36.00;180.00;24.48
2018;08;23;10;00;30.09;63.00;1010.60;0.00;0.00;10.00;11.00;6.00;10.00;53.62;501.07;24.14;162.65;25.42;164.39;36.01;181.15;25.56
2018;08;23;11;00;31.14;58.00;1010.30;0.00;0.00;16.20;54.00;4.00;10.00;49.66;649.70;25.07;164.17;26.21;164.05;34.56;180.00;28.08
2018;08;23;12;00;31.94;54.00;1010.20;0.00;0.00;43.00;64.00;43.00;10.00;32.55;755.61;25.23;165.96;26.72;165.96;31.71;177.40;36.00
2018;08;23;13;00;32.47;52.00;1009.50;0.00;0.00;45.00;46.00;45.00;10.00;31.28;819.69;24.86;169.99;26.76;169.14;31.53;186.56;35.28
2018;08;23;14;00;32.76;51.00;1008.90;0.00;0.00;55.00;30.00;55.00;10.00;24.89;827.70;24.03;171.38;25.28;169.33;30.78;190.78;35.28
2018;08;23;15;00;32.71;51.00;1008.30;0.00;0.00;56.00;19.00;56.00;10.00;24.26;784.98;23.27;172.00;24.15;169.70;28.74;192.30;34.20
2018;08;23;16;00;32.32;53.00;1007.60;0.00;0.00;81.00;42.00;81.00;10.00;8.30;682.63;22.67;169.94;23.75;165.96;26.76;190.86;30.60
2018;08;23;17;00;31.59;56.00;1007.20;0.00;0.00;100.00;83.00;100.00;10.00;0.00;522.43;21.83;166.65;23.24;163.81;25.36;186.52;28.80
2018;08;23;18;00;30.63;59.00;1007.70;0.00;0.00;100.00;82.00;100.00;10.00;0.00;326.63;21.41;163.39;22.88;160.71;24.49;178.32;27.00
2018;08;23;19;00;29.36;65.00;1008.40;0.00;0.00;100.00;100.00;100.00;10.00;0.00;124.60;19.69;161.90;22.09;160.97;25.96;176.82;24.48
2018;08;23;20;00;28.01;71.00;1009.50;0.00;0.00;100.00;100.00;100.00;0.00;0.00;1.78;18.00;180.00;21.25;178.06;30.66;189.46;18.72
2018;08;23;21;00;27.64;74.00;1010.30;0.00;0.00;100.00;100.00;100.00;0.00;0.00;0.00;18.03;176.57;22.73;176.37;31.01;183.33;18.36
2018;08;23;22;00;27.24;77.00;1010.90;0.00;0.00;44.00;94.00;44.00;4.00;0.00;0.00;17.11;171.53;21.13;171.18;28.82;177.85;16.92
2018;08;23;23;00;27.06;78.00;1011.40;0.00;0.00;63.00;100.00;63.00;11.00;0.00;0.00;18.71;168.91;24.86;169.99;31.85;174.16;19.08
2018;08;24;00;00;26.99;77.00;1011.10;0.00;0.00;100.00;100.00;100.00;0.00;0.00;0.00;20.19;168.69;26.58;171.43;34.58;178.21;19.80
2018;08;24;01;00;26.84;77.00;1010.40;0.00;0.00;100.00;100.00;100.00;0.00;0.00;0.00;19.84;168.49;25.41;172.67;36.09;184.00;21.60
2018;08;24;02;00;26.60;79.00;1009.90;0.00;0.00;100.00;100.00;100.00;0.00;0.00;0.00;17.46;165.68;22.31;169.78;35.35;183.50;19.80
2018;08;24;03;00;26.33;81.00;1009.30;0.00;0.00;100.00;100.00;100.00;1.00;0.00;0.00;16.10;153.43;20.06;158.96;32.60;173.66;16.20
2018;08;24;04;00;26.20;81.00;1009.30;0.00;0.00;100.00;100.00;100.00;0.00;0.00;0.00;17.67;146.63;23.17;147.05;33.16;159.01;16.20
2018;08;24;05;00;26.31;80.00;1009.80;0.10;0.00;100.00;100.00;100.00;73.00;0.00;0.00;18.71;149.98;24.48;151.93;34.09;158.31;20.16
2018;08;24;06;00;26.21;80.00;1010.00;0.10;0.00;100.00;100.00;100.00;0.00;0.00;0.00;19.00;152.95;24.27;159.15;31.79;166.91;18.36
2018;08;24;07;00;26.09;80.00;1009.70;0.00;0.00;100.00;100.00;100.00;0.00;0.00;0.00;20.29;154.80;24.83;163.14;31.57;172.79;19.08
2018;08;24;08;00;26.92;77.00;1010.30;0.00;0.00;100.00;100.00;100.00;0.00;0.00;56.96;22.71;154.65;26.42;162.55;34.17;168.45;20.88
2018;08;24;09;00;27.99;71.00;1010.70;0.00;0.00;100.00;100.00;100.00;10.00;0.00;159.31;24.16;151.53;27.35;159.18;33.47;168.21;22.32
2018;08;24;10;00;28.69;67.00;1010.90;0.00;0.00;100.00;100.00;100.00;10.00;0.00;252.76;25.81;149.86;27.86;154.76;33.11;168.08;24.12
2018;08;24;11;00;29.05;65.00;1010.90;0.00;0.00;100.00;100.00;100.00;10.00;0.00;300.82;25.63;150.55;27.85;153.10;31.21;168.69;26.64
2018;08;24;12;00;29.20;64.00;1010.40;0.00;0.00;100.00;100.00;100.00;10.00;0.00;317.73;23.83;153.05;26.25;154.84;28.16;175.60;24.48
2018;08;24;13;00;29.22;65.00;1009.90;0.00;0.00;100.00;100.00;100.00;10.00;0.00;299.04;22.13;158.03;23.68;160.46;26.73;184.64;25.20
2018;08;24;14;00;29.31;65.00;1009.40;0.00;0.00;100.00;100.00;100.00;10.00;0.00;287.47;20.97;164.05;22.26;165.96;26.12;191.93;23.40
2018;08;24;15;00;29.38;64.00;1008.60;0.00;0.00;100.00;100.00;100.00;10.00;0.00;283.91;19.84;168.49;21.19;170.22;25.67;194.62;22.68
2018;08;24;16;00;29.35;65.00;1008.10;0.00;0.00;100.00;100.00;100.00;0.00;0.00;260.77;18.43;167.59;19.77;169.51;24.37;192.80;18.72
2018;08;24;17;00;29.18;66.00;1007.60;0.00;0.00;100.00;100.00;100.00;0.00;0.00;221.61;17.46;165.68;18.43;167.59;22.67;190.06;17.28
2018;08;24;18;00;28.84;68.00;1007.60;0.00;0.00;100.00;100.00;100.00;0.00;0.00;155.75;16.07;164.41;17.46;165.68;21.13;188.82;16.92
2018;08;24;19;00;28.05;72.00;1007.90;0.00;0.00;100.00;100.00;100.00;0.00;0.00;65.86;14.24;163.86;16.95;167.74;19.65;188.43;15.48
2018;08;24;20;00;27.17;75.00;1010.10;0.00;0.00;12.00;13.00;12.00;0.00;0.00;1.78;14.08;175.60;16.81;170.13;19.84;191.51;13.68
2018;08;24;21;00;26.71;78.00;1010.80;0.00;0.00;13.00;13.00;13.00;0.00;0.00;0.00;14.42;177.14;17.06;172.72;20.38;197.47;13.68
2018;08;24;22;00;26.37;80.00;1011.10;0.00;0.00;7.00;0.00;7.00;0.00;0.00;0.00;14.76;180.00;18.00;178.85;21.79;202.33;13.32
2018;08;24;23;00;26.07;81.00;1011.20;0.00;0.00;8.00;1.00;8.00;0.00;0.00;0.00;14.78;182.79;18.00;181.15;22.26;202.83;12.96
2018;08;25;00;00;25.85;82.00;1011.10;0.00;0.00;8.00;5.00;8.00;0.00;0.00;0.00;14.06;182.94;17.67;183.50;22.09;199.03;12.60
2018;08;25;01;00;25.66;83.00;1010.80;0.00;0.00;17.00;18.00;17.00;0.00;0.00;0.00;12.98;183.18;18.39;183.37;22.26;194.04;11.52
2018;08;25;02;00;25.47;84.00;1010.20;0.00;0.00;11.70;39.00;5.00;0.00;0.00;0.00;12.96;181.59;18.00;180.00;22.15;187.47;11.16
2018;08;25;03;00;25.30;84.00;1009.00;0.00;0.00;16.50;55.00;9.00;0.00;0.00;0.00;12.60;180.00;17.64;180.00;23.04;180.90;10.80
2018;08;25;04;00;25.30;84.00;1009.10;0.00;0.00;12.60;42.00;12.00;0.00;0.00;0.00;11.93;174.81;17.67;176.50;23.86;174.81;11.88
2018;08;25;05;00;25.31;84.00;1008.70;0.00;0.00;25.50;85.00;15.00;0.00;0.00;0.00;11.90;176.53;18.39;176.63;26.12;172.87;11.88
2018;08;25;06;00;25.36;83.00;1008.60;0.00;0.00;30.00;100.00;8.00;0.00;0.00;0.00;11.88;180.00;18.37;177.75;27.12;174.67;11.88
2018;08;25;07;00;25.32;83.00;1008.70;0.00;0.00;30.00;100.00;23.00;0.00;39.78;0.00;12.24;180.00;18.73;177.80;27.42;176.24;11.52
2018;08;25;08;00;26.92;79.00;1008.80;0.00;0.00;49.00;94.00;49.00;0.00;28.72;87.22;13.36;175.36;18.72;178.90;28.82;177.85;13.68
2018;08;25;09;00;27.18;75.00;1009.40;0.30;0.00;100.00;69.00;100.00;0.00;0.00;142.40;15.68;170.75;19.83;176.88;29.17;178.59;16.92
2018;08;25;10;00;29.07;66.00;1009.50;0.00;0.00;100.00;44.00;100.00;10.00;0.00;249.20;15.73;164.05;17.65;168.23;27.45;175.49;17.64
2018;08;25;11;00;30.33;60.00;1009.50;0.00;0.00;100.00;1.00;100.00;10.00;0.00;603.42;16.52;159.59;18.25;157.99;23.22;172.87;16.92
2018;08;25;12;00;31.27;56.00;1009.10;0.00;0.00;60.00;0.00;60.00;10.00;21.70;748.49;16.78;157.29;18.68;154.92;20.43;165.72;16.56
2018;08;25;13;00;31.86;54.00;1008.60;0.00;0.00;72.00;1.00;72.00;10.00;14.04;818.80;16.65;158.43;18.68;154.92;19.60;172.61;16.92
2018;08;25;14;00;32.17;52.00;1007.90;0.00;0.00;100.00;38.00;100.00;10.00;0.00;812.57;16.28;161.97;18.39;156.95;18.36;180.00;17.64
2018;08;25;15;00;31.87;53.00;1007.20;0.00;0.00;100.00;55.00;100.00;10.00;0.00;477.04;15.73;164.05;17.87;161.20;17.64;181.17;17.64
2018;08;25;16;00;31.45;54.00;1006.60;0.00;0.00;100.00;51.00;100.00;10.00;0.00;466.36;16.07;164.41;17.53;160.82;16.92;180.00;17.28
2018;08;25;17;00;31.00;55.00;1006.40;0.00;0.00;100.00;56.00;100.00;10.00;0.00;483.27;16.17;163.18;17.65;159.72;16.56;178.75;19.44
2018;08;25;18;00;30.18;58.00;1006.80;0.00;0.00;100.00;85.00;100.00;10.00;0.00;304.38;16.07;164.41;17.53;160.82;16.56;178.75;15.84
2018;08;25;19;00;28.97;64.00;1007.60;0.00;0.00;100.00;97.00;100.00;32.00;0.00;112.14;15.28;164.98;17.76;162.30;17.28;180.00;15.12
2018;08;25;20;00;26.70;81.00;1009.10;0.00;0.00;100.00;2.00;100.00;0.00;0.00;0.89;13.68;180.00;16.92;180.00;22.18;193.13;12.96
2018;08;25;21;00;26.10;85.00;1009.50;0.00;0.00;26.00;18.00;26.00;0.00;0.00;0.00;14.80;175.82;20.55;176.99;23.11;184.47;13.68
2018;08;25;22;00;25.56;88.00;1010.20;0.00;0.00;14.00;39.00;14.00;0.00;0.00;0.00;14.92;171.67;21.54;170.38;22.01;176.25;12.96
2018;08;25;23;00;25.24;89.00;1010.40;0.00;0.00;16.00;14.00;16.00;0.00;0.00;0.00;14.92;171.67;22.78;174.56;23.50;174.73;13.32
2018;08;26;00;00;25.04;90.00;1010.60;0.00;0.00;15.00;12.00;15.00;0.00;0.00;0.00;14.69;168.69;22.46;173.56;23.32;171.12;12.96
2018;08;26;01;00;24.80;91.00;1010.20;0.00;0.00;44.00;57.00;44.00;0.00;0.00;0.00;15.19;166.29;23.80;169.54;25.07;167.56;13.68
2018;08;26;02;00;24.62;91.00;1009.80;0.00;0.00;30.00;100.00;23.00;0.00;0.00;0.00;14.97;170.31;23.68;171.25;25.35;168.53;14.04
2018;08;26;03;00;24.55;91.00;1008.60;0.00;0.00;30.00;100.00;7.00;0.00;0.00;0.00;13.34;176.91;20.93;176.05;23.62;172.12;12.60
2018;08;26;04;00;24.66;90.00;1008.60;0.00;0.00;30.00;100.00;4.00;0.00;0.00;0.00;12.60;180.00;19.80;180.00;22.73;176.37;12.60
2018;08;26;05;00;24.48;91.00;1007.90;0.00;0.00;30.00;100.00;3.00;0.00;0.00;0.00;13.36;184.64;20.63;186.01;23.76;179.13;14.04
2018;08;26;06;00;24.22;91.00;1007.90;0.00;0.00;8.10;27.00;1.00;0.00;0.00;0.00;14.11;185.86;21.84;188.53;25.20;179.18;14.40
2018;08;26;07;00;24.09;92.00;1008.10;0.00;0.00;8.70;29.00;2.00;0.00;53.23;0.00;13.72;184.51;21.43;187.72;25.22;177.55;14.40
2018;08;26;08;00;26.03;86.00;1008.30;0.00;0.00;1.50;5.00;1.00;0.00;59.04;94.34;12.96;180.00;19.52;185.29;25.36;173.48;14.40
2018;08;26;09;00;28.55;73.00;1009.00;0.00;0.00;10.00;23.00;2.00;10.00;53.62;315.06;15.46;167.91;17.77;173.02;25.67;165.38;17.28
2018;08;26;10;00;29.81;67.00;1009.50;0.00;0.00;23.10;77.00;4.00;10.00;45.26;502.85;17.87;161.20;20.04;162.22;27.44;160.85;16.20
2018;08;26;11;00;30.86;61.00;1009.30;0.00;0.00;30.00;100.00;14.00;10.00;40.85;648.81;19.13;160.20;21.33;158.20;24.19;165.34;17.64
2018;08;26;12;00;31.28;59.00;1008.60;0.00;0.00;100.00;100.00;100.00;10.00;0.00;705.77;19.01;161.22;20.99;157.83;22.31;169.78;19.80
2018;08;26;13;00;31.02;58.00;1008.10;0.00;0.00;100.00;100.00;100.00;10.00;0.00;595.41;18.90;162.26;20.86;158.75;21.71;174.29;19.80
2018;08;26;14;00;30.58;60.00;1007.50;0.00;0.00;100.00;100.00;100.00;10.00;0.00;449.45;19.14;163.61;21.75;160.67;22.37;176.31;18.72
2018;08;26;15;00;30.30;61.00;1006.90;0.00;0.00;100.00;100.00;100.00;10.00;0.00;406.73;19.73;165.20;21.41;163.39;22.71;177.27;20.52
2018;08;26;16;00;30.01;63.00;1006.40;0.00;0.00;100.00;100.00;100.00;10.00;0.00;360.45;19.73;165.20;21.66;164.58;23.47;175.60;20.88
2018;08;26;17;00;29.56;65.00;1006.20;0.00;0.00;100.00;100.00;100.00;10.00;0.00;292.81;20.18;164.48;21.76;163.66;24.58;174.96;20.52
2018;08;26;18;00;29.05;68.00;1006.50;0.00;0.00;100.00;100.00;100.00;10.00;0.00;197.58;20.15;161.24;21.75;160.67;25.72;173.57;20.52
2018;08;26;19;00;28.22;71.00;1007.20;0.00;0.00;100.00;100.00;100.00;10.00;0.00;80.99;19.72;158.59;22.00;158.90;26.93;171.54;19.44
2018;08;26;20;00;28.21;70.00;1008.50;0.00;0.00;12.90;43.00;0.00;0.00;0.00;1.78;16.34;172.41;19.35;170.36;23.14;185.36;16.20
2018;08;26;21;00;27.70;74.00;1009.50;0.00;0.00;12.30;41.00;0.00;0.00;0.00;0.00;17.16;170.34;20.48;169.88;23.80;183.47;17.28
2018;08;26;22;00;27.31;76.00;1010.00;0.00;0.00;16.50;55.00;0.00;0.00;0.00;0.00;16.87;168.93;20.55;168.89;23.78;182.60;16.20
2018;08;26;23;00;26.97;79.00;1010.30;0.00;0.00;21.00;70.00;2.00;0.00;0.00;0.00;17.65;168.23;21.61;169.44;24.84;180.00;16.20
2018;08;27;00;00;26.71;80.00;1010.10;0.00;0.00;22.20;74.00;10.00;0.00;0.00;0.00;18.29;169.80;22.86;172.76;25.94;182.39;17.28
2018;08;27;01;00;26.49;82.00;1009.90;0.00;0.00;84.00;100.00;84.00;0.00;0.00;0.00;17.16;170.34;21.71;174.29;24.55;184.21;16.92
2018;08;27;02;00;26.38;83.00;1009.30;0.00;0.00;100.00;100.00;100.00;0.00;0.00;0.00;15.68;170.75;19.88;174.81;23.08;183.58;15.84
2018;08;27;03;00;26.13;84.00;1008.10;0.00;0.00;100.00;100.00;100.00;0.00;0.00;0.00;14.92;171.67;19.47;176.82;23.77;181.74;15.48
2018;08;27;04;00;26.05;85.00;1008.40;0.00;0.00;100.00;87.00;100.00;0.00;0.00;0.00;16.45;169.92;21.32;175.16;26.32;176.86;15.84
2018;08;27;05;00;25.90;85.00;1008.40;0.00;0.00;100.00;100.00;100.00;0.00;0.00;0.00;15.98;165.65;20.72;172.01;26.63;170.67;15.84
2018;08;27;06;00;25.83;85.00;1008.60;0.00;0.00;100.00;100.00;100.00;0.00;0.00;0.00;15.94;161.57;20.70;166.93;27.90;162.73;15.12
2018;08;27;07;00;25.78;84.00;1008.90;0.00;0.00;100.00;100.00;100.00;10.00;0.00;0.00;16.06;160.35;20.87;165.00;29.88;158.07;14.76
2018;08;27;08;00;27.21;79.00;1009.50;0.00;0.00;100.00;64.00;100.00;10.00;0.00;75.65;17.76;162.30;21.05;167.15;32.10;156.89;17.28
2018;08;27;09;00;27.47;72.00;1010.20;0.00;0.00;46.00;51.00;46.00;10.00;30.64;133.50;21.07;160.02;24.98;164.96;33.52;155.91;21.24
2018;08;27;10;00;29.62;63.00;1010.40;0.00;0.00;69.00;4.00;7.00;69.00;15.96;428.09;22.21;160.10;24.59;162.10;32.86;155.40;24.12
2018;08;27;11;00;29.45;64.00;1010.30;0.10;0.00;73.00;0.00;8.00;73.00;13.40;354.22;20.95;160.94;23.22;161.00;28.66;154.72;23.04
2018;08;27;12;00;29.97;62.00;1010.20;0.00;0.00;71.00;8.00;7.00;71.00;14.68;452.12;20.38;162.53;22.88;160.71;24.07;158.04;22.68
2018;08;27;13;00;30.21;61.00;1009.60;0.10;0.00;75.00;0.00;75.00;10.00;12.13;504.63;19.14;163.61;21.29;161.26;22.21;160.10;20.52
2018;08;27;14;00;31.22;59.00;1008.90;0.00;0.00;100.00;0.00;100.00;47.00;0.00;431.65;18.25;165.14;19.93;163.20;21.63;161.57;20.16
2018;08;27;15;00;29.56;63.00;1008.20;0.00;0.00;100.00;0.00;100.00;54.00;0.00;286.58;18.08;167.35;19.30;165.96;21.22;165.26;19.80
2018;08;27;16;00;31.00;58.00;1007.70;0.00;0.00;100.00;0.00;100.00;10.00;0.00;459.24;17.81;165.96;18.69;164.36;20.62;163.78;17.64
2018;08;27;17;00;29.48;63.00;1007.60;0.00;0.00;91.00;0.00;91.00;10.00;1.91;298.15;16.86;163.89;18.00;163.74;20.27;167.69;18.36
2018;08;27;18;00;29.78;62.00;1007.70;0.00;0.00;100.00;12.00;100.00;10.00;0.00;179.78;17.08;161.57;17.19;160.43;19.59;162.90;18.00
2018;08;27;19;00;28.69;66.00;1008.50;0.00;0.00;100.00;24.00;100.00;10.00;0.00;121.93;16.18;159.15;18.25;157.99;20.99;157.83;17.28
2018;08;27;20;00;27.78;71.00;1009.90;0.00;0.00;55.00;100.00;55.00;0.00;0.00;0.89;16.87;168.93;20.55;168.89;26.12;172.87;16.92
2018;08;27;21;00;27.52;73.00;1010.90;0.00;0.00;80.00;100.00;80.00;0.00;0.00;0.00;15.03;163.30;17.31;163.07;23.94;167.85;15.12
2018;08;27;22;00;27.28;75.00;1011.50;0.00;0.00;100.00;100.00;100.00;0.00;0.00;0.00;14.00;162.03;18.10;162.65;24.45;166.37;13.68
2018;08;27;23;00;27.08;76.00;1011.70;0.00;0.00;100.00;100.00;100.00;0.00;0.00;0.00;15.82;168.18;20.70;166.93;25.63;169.48;16.56
2018;08;28;00;00;26.90;76.00;1011.30;0.00;0.00;100.00;100.00;100.00;0.00;0.00;0.00;15.91;174.81;19.80;178.96;24.50;177.47;16.56
2018;08;28;01;00;26.70;77.00;1011.10;0.00;0.00;100.00;100.00;100.00;0.00;0.00;0.00;14.51;172.87;19.09;177.84;24.55;175.79;15.84
2018;08;28;02;00;26.33;80.00;1010.70;0.00;0.00;80.00;100.00;80.00;0.00;0.00;0.00;12.72;154.89;16.45;156.80;23.93;158.84;14.40
2018;08;28;03;00;25.99;82.00;1010.20;0.00;0.00;100.00;100.00;100.00;0.00;0.00;0.00;12.68;145.41;17.67;146.63;24.51;150.05;12.24
2018;08;28;04;00;25.87;82.00;1010.20;0.00;0.00;100.00;100.00;100.00;0.00;0.00;0.00;12.10;157.25;17.73;156.04;22.71;154.65;11.52
2018;08;28;05;00;25.75;82.00;1009.80;0.00;0.00;100.00;100.00;100.00;0.00;0.00;0.00;12.37;171.63;17.77;173.02;21.13;166.20;12.96
2018;08;28;06;00;25.61;82.00;1009.70;0.00;0.00;100.00;93.00;100.00;0.00;0.00;0.00;12.96;178.41;18.36;181.12;21.54;170.38;13.68
2018;08;28;07;00;25.23;84.00;1009.90;0.00;0.00;57.00;99.00;57.00;0.00;23.28;0.00;13.32;178.45;19.44;181.06;23.16;168.34;14.04
2018;08;28;08;00;27.20;77.00;1010.30;0.00;0.00;67.00;100.00;67.00;0.00;17.23;92.56;13.76;173.99;17.64;178.83;24.83;163.14;15.48
2018;08;28;09;00;27.56;72.00;1011.30;0.00;0.00;100.00;100.00;100.00;10.00;0.00;139.73;15.54;166.61;18.64;169.99;25.54;158.50;15.84
2018;08;28;10;00;29.18;63.00;1011.80;0.00;0.00;100.00;100.00;100.00;10.00;0.00;333.75;15.98;165.65;16.52;168.69;23.81;159.65;17.28
2018;08;28;11;00;28.98;63.00;1011.40;0.00;0.00;100.00;100.00;100.00;57.00;0.00;371.13;15.73;164.05;16.24;167.20;23.34;160.17;16.92
2018;08;28;12;00;30.73;57.00;1011.40;0.00;0.00;77.00;95.00;77.00;33.00;10.85;461.91;16.52;163.54;16.52;163.54;22.88;160.71;15.48
2018;08;28;13;00;30.54;57.00;1010.90;0.10;0.00;75.00;95.00;75.00;55.00;12.13;525.99;17.11;165.38;17.87;161.20;19.84;168.49;17.28
2018;08;28;14;00;30.56;57.00;1010.20;0.10;0.00;86.00;100.00;86.00;72.00;5.11;427.20;17.58;169.38;18.45;162.98;19.88;174.81;18.72
2018;08;28;15;00;30.12;59.00;1009.60;0.20;0.00;88.00;90.00;88.00;82.00;3.83;365.79;17.94;169.59;19.30;165.96;20.17;177.95;17.64
2018;08;28;16;00;29.81;60.00;1009.50;0.20;0.00;82.00;95.00;82.00;82.00;7.66;304.38;17.94;169.59;18.95;165.70;20.17;177.95;18.36
2018;08;28;17;00;29.09;63.00;1009.10;0.20;0.00;65.00;47.00;65.00;61.00;18.51;211.82;16.87;168.93;18.08;167.35;19.81;177.92;17.64
2018;08;28;18;00;29.16;63.00;1009.50;0.10;0.00;73.00;36.00;73.00;68.00;13.40;186.90;16.52;168.69;17.30;167.99;19.81;177.92;17.28
2018;08;28;19;00;28.22;68.00;1010.00;0.00;0.00;25.00;63.00;25.00;0.00;8.28;86.33;14.97;170.31;16.81;170.13;19.83;176.88;15.12
2018;08;28;20;00;27.93;68.00;1010.80;0.00;0.00;100.00;100.00;100.00;0.00;0.00;0.00;13.00;175.24;15.55;174.69;17.28;180.00;12.60
2018;08;28;21;00;27.49;71.00;1011.80;0.00;0.00;100.00;100.00;100.00;0.00;0.00;0.00;12.26;176.63;14.44;175.71;16.58;177.51;11.88
2018;08;28;22;00;27.16;73.00;1012.40;0.00;0.00;100.00;100.00;100.00;0.00;0.00;0.00;12.96;180.00;16.60;176.27;18.09;174.29;12.24
2018;08;28;23;00;26.84;75.00;1012.50;0.00;0.00;100.00;100.00;100.00;0.00;0.00;0.00;12.61;181.64;15.48;180.00;17.34;175.24;12.24
2018;08;29;00;00;26.42;78.00;1012.30;0.00;0.00;32.00;38.00;32.00;0.00;0.00;0.00;11.53;178.21;16.20;181.27;17.34;175.24;11.16
2018;08;29;01;00;25.98;80.00;1012.30;0.00;0.00;5.00;14.00;5.00;0.00;0.00;0.00;10.83;158.55;15.03;163.30;17.08;161.57;10.44
2018;08;29;02;00;25.54;82.00;1012.20;0.00;0.00;11.10;37.00;7.00;0.00;0.00;0.00;12.40;154.18;17.88;154.98;19.49;154.86;11.88
2018;08;29;03;00;25.11;84.00;1011.20;0.00;0.00;54.00;69.00;54.00;0.00;0.00;0.00;12.92;167.12;19.21;167.01;19.93;163.20;11.88
2018;08;29;04;00;24.91;85.00;1010.70;0.00;0.00;79.00;72.00;79.00;0.00;0.00;0.00;12.96;181.59;19.80;180.00;19.88;174.81;12.24
2018;08;29;05;00;24.72;85.00;1010.50;0.00;0.00;67.00;59.00;67.00;0.00;0.00;0.00;12.73;188.13;19.52;185.29;19.44;181.06;11.88
2018;08;29;06;00;24.63;86.00;1010.40;0.00;0.00;67.00;60.00;67.00;0.00;0.00;0.00;12.02;188.62;18.58;188.91;19.85;184.16;11.88
2018;08;29;07;00;24.60;86.00;1010.50;0.00;0.00;71.00;62.00;71.00;0.00;14.53;0.00;11.57;185.36;17.82;188.13;20.21;184.09;11.88
2018;08;29;08;00;26.71;79.00;1011.00;0.00;0.00;68.00;58.00;68.00;0.00;16.60;94.34;12.60;180.00;17.29;182.39;22.32;180.92;12.96
2018;08;29;09;00;28.80;66.00;1011.40;0.00;0.00;69.00;56.00;69.00;0.00;15.96;307.94;16.75;171.35;20.36;171.87;25.26;175.91;16.92
2018;08;29;10;00;29.92;61.00;1011.60;0.00;0.00;69.00;45.00;69.00;51.00;15.96;495.73;16.95;167.74;18.00;168.47;23.08;176.42;15.48
2018;08;29;11;00;30.57;58.00;1011.40;0.00;0.00;23.00;5.00;23.00;10.00;45.32;381.81;15.82;168.18;16.24;167.20;20.91;177.04;16.56
2018;08;29;12;00;31.56;54.00;1011.20;0.00;0.00;10.00;2.00;3.00;10.00;53.62;774.30;14.62;170.07;14.93;164.62;16.22;177.46;15.12
2018;08;29;13;00;32.21;51.00;1010.70;0.00;0.00;10.00;1.00;4.00;10.00;53.62;835.71;13.76;173.99;14.15;165.26;16.62;184.97;12.96
2018;08;29;14;00;30.39;57.00;1010.20;0.10;0.00;79.00;0.00;79.00;79.00;9.57;396.05;13.36;175.36;13.80;164.88;16.39;188.84;14.04
2018;08;29;15;00;30.21;58.00;1009.40;0.40;0.00;87.00;2.00;87.00;87.00;4.47;216.27;13.72;175.49;14.41;167.01;16.04;189.04;13.32
2018;08;29;16;00;29.72;61.00;1009.00;0.40;0.00;91.00;2.00;91.00;90.00;1.91;205.59;13.76;173.99;14.84;165.96;16.30;186.34;14.76
2018;08;29;17;00;29.19;63.00;1008.90;0.40;0.00;73.00;22.00;73.00;73.00;13.40;209.15;13.80;172.50;14.49;165.62;16.26;185.08;13.68
2018;08;29;18;00;28.85;65.00;1009.00;0.40;0.00;84.00;45.00;84.00;84.00;6.38;140.62;13.85;171.03;14.41;167.01;16.24;183.81;13.68
2018;08;29;19;00;27.97;70.00;1009.70;0.30;0.00;81.00;53.00;81.00;81.00;1.51;60.52;12.78;170.27;15.11;167.62;16.56;181.25;12.60
2018;08;29;20;00;27.19;73.00;1010.10;0.00;0.00;100.00;100.00;100.00;0.00;0.00;0.89;11.53;178.21;13.68;178.49;17.28;181.19;10.80
2018;08;29;21;00;26.78;77.00;1011.10;0.00;0.00;100.00;100.00;100.00;0.00;0.00;0.00;11.17;178.15;12.78;170.27;15.88;176.10;10.08
2018;08;29;22;00;26.48;79.00;1011.70;0.00;0.00;100.00;100.00;100.00;0.00;0.00;0.00;11.89;178.26;17.06;172.72;17.64;178.83;10.80
2018;08;29;23;00;26.21;81.00;1012.10;0.00;0.00;100.00;100.00;100.00;0.00;0.00;0.00;12.96;180.00;18.73;182.20;18.45;185.60;11.88
2018;08;30;00;00;25.91;83.00;1011.90;0.00;0.00;100.00;100.00;100.00;0.00;0.00;0.00;12.29;185.04;18.89;187.67;18.23;189.09;12.60
2018;08;30;01;00;25.74;84.00;1011.40;0.00;0.00;100.00;67.00;100.00;0.00;0.00;0.00;12.26;183.37;18.13;186.84;18.18;187.97;12.24
2018;08;30;02;00;25.56;85.00;1011.20;0.00;0.00;100.00;36.00;100.00;0.00;0.00;0.00;12.92;167.12;18.25;165.14;19.20;173.54;11.16
2018;08;30;03;00;25.61;85.00;1010.60;0.40;0.00;94.00;100.00;94.00;94.00;0.00;0.00;11.50;159.86;16.45;156.80;18.00;168.47;9.72
2018;08;30;04;00;25.58;87.00;1010.30;0.70;0.00;100.00;100.00;100.00;96.00;0.00;0.00;10.39;165.96;15.04;168.96;16.56;180.00;8.28
2018;08;30;05;00;25.51;86.00;1010.30;0.00;0.00;100.00;73.00;100.00;0.00;0.00;0.00;10.08;180.00;15.48;180.00;16.34;187.59;9.00
2018;08;30;06;00;25.40;87.00;1009.80;0.00;0.00;100.00;82.00;100.00;0.00;0.00;0.00;10.81;181.91;16.62;184.97;17.23;190.84;9.72
2018;08;30;07;00;25.30;87.00;1009.90;0.00;0.00;100.00;100.00;100.00;0.00;0.00;0.00;11.21;174.47;17.28;178.81;18.45;185.60;10.08
2018;08;30;08;00;26.12;85.00;1010.30;0.00;0.00;100.00;100.00;100.00;0.00;0.00;50.73;11.73;162.12;17.53;160.82;18.78;175.60;11.16
2018;08;30;09;00;27.08;78.00;1010.80;0.40;0.00;100.00;100.00;100.00;80.00;0.00;115.70;13.24;157.62;16.45;156.80;18.58;171.09;13.68
2018;08;30;10;00;27.87;71.00;1011.10;0.10;0.00;100.00;100.00;100.00;10.00;0.00;129.05;14.80;161.57;17.30;167.99;19.11;176.76;15.48
2018;08;30;11;00;27.90;69.00;1011.20;0.00;0.00;61.00;36.00;61.00;61.00;21.06;287.47;14.80;161.57;16.68;166.26;19.13;175.68;15.48
2018;08;30;12;00;30.24;62.00;1011.20;0.00;0.00;11.40;38.00;7.00;10.00;52.72;560.70;14.12;160.64;15.03;163.30;17.70;175.33;11.88
2018;08;30;13;00;31.23;57.00;1010.70;0.00;0.00;57.00;28.00;57.00;57.00;23.62;801.89;13.21;162.55;13.55;163.01;15.19;174.56;11.16
2018;08;30;14;00;29.41;62.00;1009.70;0.20;0.00;78.00;22.00;78.00;77.00;10.21;204.70;13.36;165.96;14.15;165.26;15.14;177.27;12.96
2018;08;30;15;00;29.43;62.00;1008.60;0.10;0.00;75.00;20.00;75.00;75.00;12.13;375.58;13.71;166.33;14.49;165.62;15.16;175.91;13.32
2018;08;30;16;00;29.55;62.00;1007.90;0.10;0.00;80.00;17.00;80.00;80.00;8.94;329.30;14.49;165.62;15.28;164.98;15.88;176.10;14.04
2018;08;30;17;00;29.46;63.00;1007.60;0.00;0.00;10.00;14.00;0.00;10.00;53.62;291.03;14.49;165.62;15.38;163.69;16.60;176.27;14.76
2018;08;30;18;00;29.43;64.00;1008.00;0.00;0.00;56.00;4.00;56.00;56.00;24.26;254.54;15.03;163.30;15.48;162.41;16.95;176.35;15.12
2018;08;30;19;00;28.08;70.00;1008.30;0.00;0.00;10.00;0.00;0.00;10.00;9.48;86.33;13.66;161.57;16.06;160.35;17.34;175.24;13.68
2018;08;30;20;00;28.08;70.00;1008.90;0.00;0.00;9.60;32.00;0.00;0.00;0.00;0.89;16.33;165.96;20.28;163.50;20.53;182.01;15.84
2018;08;30;21;00;27.52;74.00;1010.00;0.00;0.00;18.30;61.00;0.00;0.00;0.00;0.00;15.54;166.61;19.04;164.65;19.80;180.00;15.12
2018;08;30;22;00;27.13;77.00;1010.90;0.00;0.00;30.00;100.00;0.00;0.00;0.00;0.00;15.19;166.29;18.95;165.70;20.17;177.95;15.48
2018;08;30;23;00;26.78;79.00;1011.50;0.00;0.00;30.00;100.00;0.00;0.00;0.00;0.00;14.84;165.96;19.21;167.01;20.91;177.04;15.48
2018;08;31;00;00;26.40;81.00;1011.80;0.00;0.00;30.00;100.00;0.00;0.00;0.00;0.00;13.80;164.88;18.29;169.80;20.93;176.05;14.04
2018;08;31;01;00;25.98;84.00;1011.50;0.00;0.00;30.00;100.00;0.00;0.00;0.00;0.00;13.21;162.55;16.52;163.54;19.60;172.61;13.68
2018;08;31;02;00;25.66;86.00;1010.90;0.00;0.00;30.00;100.00;0.00;0.00;0.00;0.00;13.63;167.80;19.00;170.18;22.75;175.46;15.48
2018;08;31;03;00;25.24;88.00;1009.90;0.00;0.00;8.70;29.00;0.00;3.00;0.00;0.00;12.73;171.87;18.18;172.03;22.75;175.46;12.60
2018;08;31;04;00;24.95;90.00;1010.20;0.00;0.00;1.50;5.00;0.00;0.00;0.00;0.00;12.26;176.63;18.36;180.00;22.32;180.00;12.60
2018;08;31;05;00;24.66;91.00;1010.40;0.00;0.00;1.20;4.00;0.00;0.00;0.00;0.00;12.65;175.10;18.36;180.00;23.04;180.90;11.88
2018;08;31;06;00;24.41;92.00;1010.50;0.00;0.00;4.50;15.00;0.00;0.00;0.00;0.00;12.50;168.37;18.95;165.70;23.54;173.85;11.88
2018;08;31;07;00;24.19;92.00;1011.10;0.00;0.00;71.00;33.00;71.00;71.00;14.66;0.00;14.76;167.32;20.43;165.72;23.14;174.64;11.52
2018;08;31;08;00;25.89;84.00;1011.40;0.10;0.00;73.00;33.00;73.00;73.00;13.40;45.39;16.45;169.92;20.99;174.09;24.49;178.32;15.84
2018;08;31;09;00;29.36;69.00;1011.90;0.00;0.00;0.00;0.00;0.00;0.00;60.00;318.62;8.23;156.80;8.89;158.63;10.18;188.13;8.28
2018;08;31;10;00;30.83;62.00;1012.00;0.00;0.00;64.00;64.00;64.00;64.00;19.15;533.11;8.47;167.74;8.65;163.07;10.70;199.65;9.00
2018;08;31;11;00;29.41;65.00;1012.00;0.40;0.00;86.00;86.00;86.00;86.00;5.11;136.17;8.64;180.00;8.71;187.13;11.30;210.65;7.56
2018;08;31;12;00;31.64;55.00;1011.10;0.00;0.00;10.00;3.00;0.00;10.00;53.62;545.57;10.80;180.00;10.81;181.91;11.09;193.13;10.44
2018;08;31;13;00;30.21;59.00;1010.90;0.40;0.00;73.00;0.00;73.00;73.00;13.40;439.66;14.44;184.29;15.12;180.00;15.73;195.95;14.76
2018;08;31;14;00;30.35;58.00;1010.60;0.30;0.00;74.00;0.00;74.00;74.00;12.77;338.20;16.04;189.04;16.66;186.20;16.98;201.12;15.48
2018;08;31;15;00;30.10;59.00;1010.30;0.00;0.00;74.00;0.00;74.00;74.00;12.77;373.80;15.75;190.54;15.91;185.19;16.45;203.20;14.40
2018;08;31;16;00;30.03;58.00;1009.70;0.00;0.00;66.00;0.00;66.00;66.00;17.87;367.57;15.63;187.94;15.88;183.90;16.78;202.71;14.40
2018;08;31;17;00;29.99;58.00;1009.60;0.00;0.00;0.30;1.00;0.00;0.00;59.81;357.78;15.86;182.60;16.20;180.00;16.17;196.82;14.76
2018;08;31;18;00;29.79;60.00;1009.40;0.00;0.00;0.30;1.00;0.00;0.00;59.81;363.12;15.48;178.67;16.30;173.66;16.17;191.56;14.40
2018;08;31;19;00;28.48;65.00;1010.10;0.00;0.00;10.00;15.00;0.00;10.00;9.17;134.39;13.40;173.83;15.33;170.54;15.27;188.13;12.96
2018;08;31;20;00;27.58;70.00;1011.00;0.00;0.00;7.00;14.00;7.00;0.00;0.00;0.89;11.97;173.09;14.33;168.41;13.49;189.21;11.16
2018;08;31;21;00;26.98;74.00;1011.60;0.00;0.00;10.00;11.00;10.00;0.00;0.00;0.00;12.37;171.63;15.46;167.91;13.91;190.44;10.80
2018;08;31;22;00;26.55;77.00;1012.40;0.00;0.00;3.00;2.00;3.00;0.00;0.00;0.00;10.90;172.41;14.62;170.07;12.92;192.88;10.44
2018;08;31;23;00;26.20;79.00;1012.90;0.00;0.00;0.00;0.00;0.00;0.00;0.00;0.00;10.24;169.88;13.21;162.55;10.59;189.78;9.36
