LAT;;;;;64.1355;64.1355;64.1355;64.1355;64.1355;64.1355;64.1355;64.1355;64.1355;64.1355;64.1355;64.1355;64.1355;64.1355;64.1355;64.1355;64.1355;64.1355
LON;;;;;-21.8954;-21.8954;-21.8954;-21.8954;-21.8954;-21.8954;-21.8954;-21.8954;-21.8954;-21.8954;-21.8954;-21.8954;-21.8954;-21.8954;-21.8954;-21.8954;-21.8954;-21.8954
ASL;;;;;37.0000;37.0000;37.0000;37.0000;37.0000;37.0000;37.0000;37.0000;37.0000;37.0000;37.0000;37.0000;37.0000;37.0000;37.0000;37.0000;37.0000;37.0000
CITY;;;;;Reykjavik;Reykjavik;Reykjavik;Reykjavik;Reykjavik;Reykjavik;Reykjavik;Reykjavik;Reykjavik;Reykjavik;Reykjavik;Reykjavik;Reykjavik;Reykjavik;Reykjavik;Reykjavik;Reykjavik;Reykjavik
DOMAIN;;;;;NEMS12;NEMS12;NEMS12;NEMS12;NEMS12;NEMS12;NEMS12;NEMS12;NEMS12;NEMS12;NEMS12;NEMS12;NEMS12;NEMS12;NEMS12;NEMS12;NEMS12;NEMS12
LEVEL;;;;;2 m above gnd;2 m above gnd;MSL;sfc;sfc;sfc;high cld lay;mid cld lay;low cld lay;sfc;sfc;10 m above gnd;10 m above gnd;80 m above gnd;80 m above gnd;900 mb;900 mb;sfc
NAME;;;;;Temperature;Relative Humidity;Mean Sea Level Pressure;Total Precipitation;Snowfall amount raw;Total Cloud Cover;High Cloud Cover;Medium Cloud Cover;Low Cloud Cover;Sunshine Duration;Shortwave Radiation;Wind Speed;Wind Direction;Wind Speed;Wind Direction;Wind Speed;Wind Direction;Wind Gust
UNIT;;;;;째C;%;hPa;mm;cm;%;%;%;%;min;W/m2;km/h;째;km/h;째;km/h;째;km/h
AGGREGATION;;;;;;;;;;;;;;;;;;;;;;
UTC_OFFSET;;;;;0;0;0;0;0;0;0;0;0;0;0;0;0;0;0;0;0;0

Year;Month;Day;Hour;Minute;Temperature  [2 m above gnd];Relative Humidity  [2 m above gnd];Mean Sea Level Pressure  [MSL];Total Precipitation  [sfc];Snowfall amount raw  [sfc];Total Cloud Cover  [sfc];High Cloud Cover  [high cld lay];Medium Cloud Cover  [mid cld lay];Low Cloud Cover  [low cld lay];Sunshine Duration  [sfc];Shortwave Radiation  [sfc];Wind Speed  [10 m above gnd];Wind Direction  [10 m above gnd];Wind Speed  [80 m above gnd];Wind Direction  [80 m above gnd];Wind Speed  [900 mb];Wind Direction  [900 mb];Wind Gust  [sfc]
2018;08;02;00;00;9.93;92.00;1005.10;0.00;0.00;100.00;22.00;28.00;100.00;0.00;0.00;4.35;294.44;5.35;289.65;6.52;353.66;10.44
2018;08;02;01;00;9.78;93.00;1005.10;0.00;0.00;100.00;19.00;26.00;100.00;0.00;0.00;3.42;288.43;4.45;284.04;6.83;341.57;9.36
2018;08;02;02;00;9.75;93.00;1005.60;0.00;0.00;100.00;8.00;25.00;100.00;0.00;0.00;2.52;270.00;4.32;270.00;6.62;337.62;7.56
2018;08;02;03;00;9.73;93.00;1006.00;0.00;0.00;100.00;24.00;26.00;100.00;0.00;0.00;2.19;260.54;4.32;270.00;7.29;339.78;5.76
2018;08;02;04;00;9.72;93.00;1006.00;0.00;0.00;100.00;6.00;20.00;100.00;0.00;0.00;2.31;231.34;4.02;259.70;7.17;342.47;2.88
2018;08;02;05;00;9.77;94.00;1006.20;0.00;0.00;100.00;14.00;6.00;100.00;0.00;0.00;3.40;212.01;3.55;246.04;6.83;341.57;2.52
2018;08;02;06;00;10.14;92.00;1006.30;0.00;0.00;100.00;3.00;4.00;100.00;0.00;21.36;3.89;213.69;3.05;225.00;6.29;336.37;3.24
2018;08;02;07;00;10.65;90.00;1006.80;0.00;0.00;100.00;0.00;1.00;100.00;0.00;54.29;4.61;218.66;2.55;225.00;6.13;319.76;4.68
2018;08;02;08;00;11.00;88.00;1007.00;0.00;0.00;100.00;0.00;0.00;100.00;0.00;80.99;4.90;233.97;3.40;237.99;6.19;305.54;5.40
2018;08;02;09;00;11.18;87.00;1008.10;0.00;0.00;100.00;0.00;0.00;100.00;0.00;88.11;4.68;247.38;3.62;264.29;6.49;289.44;4.68
2018;08;02;10;00;11.48;86.00;1008.80;0.00;0.00;100.00;0.00;0.00;100.00;0.00;93.45;5.41;266.19;5.15;282.09;7.21;272.86;5.04
2018;08;02;11;00;11.64;86.00;1008.20;0.10;0.00;100.00;0.00;0.00;100.00;0.00;146.85;7.57;272.73;7.52;286.70;9.53;259.11;7.20
2018;08;02;12;00;10.05;90.00;1009.80;0.10;0.00;100.00;0.00;0.00;100.00;0.00;130.83;6.85;266.99;6.12;270.00;14.69;281.31;10.44
2018;08;02;13;00;10.20;90.00;1010.30;0.10;0.00;100.00;0.00;0.00;100.00;0.00;138.84;7.56;270.00;6.85;273.01;14.56;278.53;10.80
2018;08;02;14;00;10.15;91.00;1010.60;0.10;0.00;100.00;0.00;24.00;100.00;0.00;132.61;7.57;272.73;7.34;281.31;14.04;270.00;10.80
2018;08;02;15;00;10.14;91.00;1010.70;0.10;0.00;100.00;10.00;23.00;100.00;0.00;128.16;7.93;272.60;6.99;281.89;14.59;254.25;10.44
2018;08;02;16;00;10.20;90.00;1011.40;0.10;0.00;100.00;11.00;18.00;100.00;0.00;126.38;7.56;270.00;6.57;279.46;15.50;239.26;10.44
2018;08;02;17;00;10.24;89.00;1012.10;0.00;0.00;100.00;40.00;50.00;100.00;0.00;122.82;7.28;261.47;6.13;273.37;16.14;231.34;10.44
2018;08;02;18;00;10.18;89.00;1011.90;0.00;0.00;100.00;100.00;100.00;100.00;0.00;112.14;7.29;249.78;6.21;259.99;16.56;222.36;11.16
2018;08;02;19;00;10.10;88.00;1012.60;0.00;0.00;100.00;92.00;100.00;100.00;0.00;95.23;8.09;237.72;7.09;246.04;16.92;218.09;11.16
2018;08;02;20;00;9.88;89.00;1012.70;0.10;0.00;100.00;100.00;100.00;100.00;0.00;70.31;8.67;228.37;8.29;235.62;16.36;219.64;12.24
2018;08;02;21;00;9.63;90.00;1012.50;0.20;0.00;100.00;100.00;100.00;100.00;0.00;51.62;9.59;214.29;10.01;217.69;16.06;227.73;12.96
2018;08;02;22;00;9.39;91.00;1013.00;0.20;0.00;100.00;0.00;100.00;100.00;0.00;22.25;10.50;202.17;11.97;201.16;16.18;237.72;13.68
2018;08;02;23;00;9.27;92.00;1013.30;0.20;0.00;100.00;14.00;100.00;100.00;0.00;0.89;11.37;190.95;14.62;189.93;17.08;235.30;15.12
2018;08;03;00;00;9.28;93.00;1013.90;0.20;0.00;100.00;80.00;100.00;100.00;0.00;0.00;12.26;183.37;17.02;186.07;17.61;229.14;16.56
2018;08;03;01;00;9.22;94.00;1013.60;0.10;0.00;100.00;35.00;100.00;100.00;0.00;0.00;12.25;178.32;17.64;180.00;17.06;224.14;16.92
2018;08;03;02;00;9.12;95.00;1013.50;0.00;0.00;100.00;49.00;100.00;100.00;0.00;0.00;12.37;171.63;18.42;175.52;16.68;212.66;17.28
2018;08;03;03;00;9.11;95.00;1013.40;0.10;0.00;100.00;100.00;100.00;100.00;0.00;0.00;12.07;169.70;17.02;173.93;19.72;201.41;18.00
2018;08;03;04;00;9.03;95.00;1012.70;0.10;0.00;100.00;100.00;100.00;100.00;0.00;0.00;12.57;166.76;16.81;170.13;23.91;198.43;20.88
2018;08;03;05;00;8.97;95.00;1012.40;0.10;0.00;100.00;100.00;100.00;100.00;0.00;0.00;13.36;165.96;17.73;167.09;26.42;199.92;19.80
2018;08;03;06;00;9.04;95.00;1012.10;0.10;0.00;100.00;100.00;100.00;100.00;0.00;16.91;14.35;162.47;19.14;163.61;26.98;198.68;20.88
2018;08;03;07;00;9.18;93.00;1011.80;0.20;0.00;100.00;99.00;100.00;100.00;0.00;47.17;15.14;162.00;20.27;160.28;26.63;193.28;21.60
2018;08;03;08;00;9.48;93.00;1011.40;0.10;0.00;100.00;1.00;100.00;100.00;0.00;80.10;16.74;161.18;22.21;160.10;27.29;188.34;22.32
2018;08;03;09;00;9.82;91.00;1012.00;0.10;0.00;100.00;0.00;100.00;100.00;0.00;146.85;17.53;160.82;22.67;159.55;28.55;185.06;24.12
2018;08;03;10;00;10.11;90.00;1012.00;0.20;0.00;100.00;0.00;100.00;100.00;0.00;142.40;17.87;161.20;22.67;159.55;29.20;182.83;24.84
2018;08;03;11;00;10.52;88.00;1011.20;0.20;0.00;100.00;0.00;100.00;100.00;0.00;258.10;18.45;162.98;23.11;161.85;30.96;180.00;28.44
2018;08;03;12;00;12.06;83.00;1011.30;0.40;0.00;100.00;13.00;100.00;100.00;0.00;268.78;24.70;143.30;34.15;145.30;43.50;167.57;33.12
2018;08;03;13;00;12.28;83.00;1010.90;0.50;0.00;100.00;36.00;100.00;100.00;0.00;284.80;24.12;142.28;33.36;145.11;46.20;166.94;33.12
2018;08;03;14;00;12.33;85.00;1010.40;0.80;0.00;100.00;40.00;100.00;100.00;0.00;245.64;22.55;141.48;31.26;144.85;47.68;165.12;32.04
2018;08;03;15;00;12.39;86.00;1009.70;1.00;0.00;100.00;100.00;100.00;100.00;0.00;208.26;20.75;141.34;27.96;145.49;48.07;163.47;29.52
2018;08;03;16;00;12.41;88.00;1009.40;1.20;0.00;100.00;100.00;100.00;100.00;0.00;167.32;17.38;140.04;22.77;145.30;46.11;162.27;24.84
2018;08;03;17;00;12.37;89.00;1009.60;1.40;0.00;100.00;59.00;100.00;100.00;0.00;113.92;13.78;139.24;16.78;144.61;40.64;161.40;19.80
2018;08;03;18;00;12.54;90.00;1009.10;2.20;0.00;100.00;45.00;100.00;100.00;0.00;100.57;10.23;140.71;12.48;146.77;31.96;157.48;15.48
2018;08;03;19;00;12.52;91.00;1009.20;1.80;0.00;100.00;13.00;100.00;100.00;0.00;96.12;7.57;154.65;8.43;160.02;21.46;157.31;11.16
2018;08;03;20;00;12.33;90.00;1009.00;1.30;0.00;100.00;2.00;100.00;100.00;0.00;78.32;5.04;180.00;5.41;183.81;13.71;166.33;8.28
2018;08;03;21;00;12.08;92.00;1009.30;1.00;0.00;100.00;0.00;100.00;100.00;0.00;55.18;4.02;206.57;3.60;216.87;8.71;172.87;5.76
2018;08;03;22;00;11.74;94.00;1009.70;0.40;0.00;100.00;0.00;32.00;100.00;0.00;22.25;3.22;243.43;3.26;263.66;5.94;165.96;3.96
2018;08;03;23;00;11.35;96.00;1010.00;0.00;0.00;100.00;0.00;2.00;100.00;0.00;0.00;3.60;270.00;4.51;298.61;4.07;135.00;3.60
2018;08;04;00;00;11.06;96.00;1010.50;0.00;0.00;100.00;1.00;10.00;100.00;0.00;0.00;4.02;296.57;6.70;323.75;3.60;90.00;5.04
2018;08;04;01;00;10.76;96.00;1010.60;0.00;0.00;100.00;0.00;24.00;100.00;0.00;0.00;4.07;315.00;7.42;337.17;5.01;68.96;4.32
2018;08;04;02;00;10.50;96.00;1011.10;0.00;0.00;100.00;0.00;20.00;100.00;0.00;0.00;4.39;325.01;7.34;348.69;7.75;68.20;5.76
2018;08;04;03;00;10.22;96.00;1011.00;0.00;0.00;100.00;0.00;6.00;100.00;0.00;0.00;4.35;335.56;6.88;353.99;10.48;74.05;7.20
2018;08;04;04;00;9.95;96.00;1010.80;0.00;0.00;100.00;0.00;0.00;100.00;0.00;0.00;4.51;331.39;4.90;342.90;13.40;83.83;7.92
2018;08;04;05;00;9.76;96.00;1011.20;0.00;0.00;100.00;0.00;0.00;100.00;0.00;0.00;4.90;323.97;4.61;321.34;16.20;88.73;7.56
2018;08;04;06;00;9.76;95.00;1011.20;0.00;0.00;100.00;0.00;0.00;100.00;0.00;29.37;4.35;335.56;3.83;318.81;16.75;81.35;8.64
2018;08;04;07;00;9.52;94.00;1011.20;0.00;0.00;100.00;0.00;0.00;100.00;0.00;100.57;3.67;348.69;2.41;333.43;15.14;64.65;7.56
2018;08;04;08;00;9.88;93.00;1011.60;0.00;0.00;100.00;0.00;0.00;100.00;0.00;183.34;2.90;352.87;1.48;14.04;14.77;46.97;6.12
2018;08;04;09;00;11.55;89.00;1012.60;0.00;0.00;20.00;0.00;0.00;20.00;47.23;314.17;3.60;360.00;1.84;11.31;15.04;42.09;6.84
2018;08;04;10;00;13.11;80.00;1012.80;0.00;0.00;19.00;0.00;0.00;19.00;47.87;436.99;5.04;360.00;3.24;360.00;13.76;47.12;8.64
2018;08;04;11;00;13.11;80.00;1012.30;0.00;0.00;10.00;0.00;0.00;10.00;53.62;369.35;6.49;356.82;4.45;345.96;12.60;53.13;9.00
2018;08;04;12;00;14.87;70.00;1012.30;0.00;0.00;43.00;0.00;0.00;43.00;32.55;591.85;9.72;360.00;8.65;357.61;13.71;60.07;10.80
2018;08;04;13;00;15.40;67.00;1012.30;0.00;0.00;41.00;0.00;0.00;41.00;33.83;636.35;10.44;360.00;9.36;360.00;12.73;61.26;10.80
2018;08;04;14;00;15.87;65.00;1012.50;0.00;0.00;27.00;0.00;0.00;27.00;42.77;653.26;10.44;360.00;9.72;360.00;12.57;66.37;9.72
2018;08;04;15;00;16.18;63.00;1012.00;0.00;0.00;0.00;0.00;0.00;0.00;60.00;640.80;9.78;353.66;9.42;353.42;11.50;69.86;9.00
2018;08;04;16;00;16.33;63.00;1012.30;0.00;0.00;0.00;0.00;0.00;0.00;60.00;599.86;8.91;345.96;8.83;348.23;10.14;73.50;7.92
2018;08;04;17;00;16.35;63.00;1012.60;0.00;0.00;0.00;0.00;0.00;0.00;60.00;534.00;8.21;344.74;8.65;343.07;9.18;78.69;8.64
2018;08;04;18;00;16.12;63.00;1012.10;0.00;0.00;0.30;1.00;0.00;0.00;59.81;448.56;5.94;345.96;6.99;348.11;8.65;87.61;8.28
2018;08;04;19;00;15.95;64.00;1012.00;0.00;0.00;8.40;28.00;0.00;0.00;54.64;357.78;3.42;341.57;4.69;355.60;7.07;104.74;6.84
2018;08;04;20;00;15.66;66.00;1011.30;0.00;0.00;6.00;20.00;0.00;0.00;56.17;254.54;0.72;270.00;1.48;14.04;6.64;139.40;4.68
2018;08;04;21;00;15.24;69.00;1011.20;0.00;0.00;9.60;32.00;0.00;0.00;53.87;151.30;3.24;180.00;2.74;156.80;9.03;156.50;7.20
2018;08;04;22;00;14.68;72.00;1011.30;0.00;0.00;16.00;44.00;16.00;0.00;22.85;56.07;6.49;176.82;6.92;171.03;12.52;161.57;9.36
2018;08;04;23;00;13.88;75.00;1011.20;0.00;0.00;67.00;100.00;67.00;0.00;0.00;0.89;7.99;172.23;9.83;171.57;15.65;156.97;11.88
2018;08;05;00;00;12.89;78.00;1011.70;0.00;0.00;100.00;100.00;100.00;13.00;0.00;0.00;8.56;165.38;9.69;164.93;18.09;148.84;12.96
2018;08;05;01;00;12.21;79.00;1011.70;0.00;0.00;100.00;100.00;100.00;100.00;0.00;0.00;9.03;156.50;11.30;149.35;20.09;143.75;15.48
2018;08;05;02;00;12.18;76.00;1011.60;0.00;0.00;100.00;100.00;100.00;100.00;0.00;0.00;9.34;152.45;12.89;144.09;21.87;147.09;18.00
2018;08;05;03;00;11.53;79.00;1011.20;0.00;0.00;100.00;100.00;100.00;100.00;0.00;0.00;9.89;146.89;14.62;142.00;23.58;148.74;20.52
2018;08;05;04;00;10.32;86.00;1010.70;0.00;0.00;100.00;100.00;100.00;50.00;0.00;0.00;10.09;145.18;15.41;142.59;25.36;145.41;23.04
2018;08;05;05;00;9.73;90.00;1010.50;0.00;0.00;100.00;100.00;100.00;53.00;0.00;0.00;9.45;139.64;15.53;135.94;25.72;136.70;18.36
2018;08;05;06;00;10.22;89.00;1010.20;0.00;0.00;100.00;100.00;100.00;100.00;0.00;34.71;9.96;130.60;14.19;125.71;24.19;126.53;24.48
2018;08;05;07;00;11.26;84.00;1009.80;0.00;0.00;100.00;100.00;100.00;39.00;0.00;114.81;10.31;114.78;14.04;112.62;20.59;126.47;19.44
2018;08;05;08;00;12.80;77.00;1009.30;0.00;0.00;86.00;79.00;86.00;2.00;5.11;226.06;12.32;96.71;15.19;95.44;17.82;135.00;16.20
2018;08;05;09;00;14.34;68.00;1009.70;0.00;0.00;67.00;46.00;67.00;0.00;17.23;335.53;13.91;100.44;15.54;103.39;17.58;137.49;17.28
2018;08;05;10;00;15.41;62.00;1009.50;0.00;0.00;26.00;20.00;26.00;10.00;43.40;423.64;14.71;111.54;16.12;119.43;21.31;127.45;17.64
2018;08;05;11;00;16.18;58.00;1008.50;0.00;0.00;23.00;19.00;23.00;10.00;45.32;500.18;16.61;119.90;19.23;128.16;27.44;128.07;19.80
2018;08;05;12;00;17.16;55.00;1008.60;0.00;0.00;62.00;0.00;62.00;8.00;20.43;565.15;17.79;125.94;19.30;126.66;24.70;126.70;19.44
2018;08;05;13;00;17.55;55.00;1008.20;0.00;0.00;100.00;0.00;63.00;100.00;0.00;582.06;18.63;131.08;20.37;133.57;25.74;132.17;19.44
2018;08;05;14;00;17.53;55.00;1008.50;0.00;0.00;59.00;0.00;59.00;12.00;22.34;413.85;19.35;136.51;21.99;140.31;28.00;135.00;19.08
2018;08;05;15;00;17.64;54.00;1008.00;0.00;0.00;100.00;0.00;25.00;100.00;0.00;408.51;20.62;135.71;24.22;138.01;30.04;135.00;20.52
2018;08;05;16;00;17.68;52.00;1007.90;0.00;0.00;20.00;0.00;5.00;20.00;47.23;536.67;22.41;133.70;27.24;135.54;32.84;134.56;24.12
2018;08;05;17;00;16.66;54.00;1007.90;0.00;0.00;32.00;0.00;5.00;32.00;39.57;324.85;22.93;132.46;29.02;136.01;35.13;134.17;24.48
2018;08;05;18;00;16.95;54.00;1007.40;0.00;0.00;13.00;0.00;5.00;13.00;51.70;379.14;24.29;129.59;29.30;132.51;35.97;131.35;27.36
2018;08;05;19;00;16.28;56.00;1007.40;0.00;0.00;7.00;0.00;3.00;7.00;55.53;351.55;24.63;127.87;29.87;130.60;36.04;129.73;29.88
2018;08;05;20;00;15.22;59.00;1007.20;0.00;0.00;10.00;0.00;3.00;10.00;53.62;248.31;23.77;125.13;29.46;128.55;36.00;126.87;29.16
2018;08;05;21;00;14.12;61.00;1007.10;0.00;0.00;63.00;0.00;1.00;63.00;19.79;144.18;21.79;120.80;28.26;124.09;45.73;123.44;27.00
2018;08;05;22;00;13.14;64.00;1007.20;0.00;0.00;100.00;0.00;0.00;100.00;0.00;48.06;18.72;112.62;27.05;116.91;51.89;119.05;27.36
2018;08;05;23;00;12.42;65.00;1007.00;0.00;0.00;100.00;0.00;0.00;100.00;0.00;0.00;17.46;104.32;28.02;110.30;51.33;122.69;28.08
2018;08;06;00;00;11.35;69.00;1007.10;0.00;0.00;10.00;0.00;0.00;10.00;0.00;0.00;16.39;98.84;28.48;106.14;50.32;120.05;28.44
2018;08;06;01;00;10.59;72.00;1006.90;0.00;0.00;0.00;0.00;0.00;0.00;0.00;0.00;15.52;93.99;27.61;102.04;46.21;116.37;31.68
2018;08;06;02;00;10.14;73.00;1006.70;0.00;0.00;0.00;0.00;0.00;0.00;0.00;0.00;15.48;91.33;26.99;99.21;42.88;113.77;30.60
2018;08;06;03;00;9.71;74.00;1006.20;0.00;0.00;0.00;0.00;0.00;0.00;0.00;0.00;15.50;92.66;27.47;100.57;41.93;113.26;29.88
2018;08;06;04;00;9.37;74.00;1005.60;0.00;0.00;0.00;0.00;0.00;0.00;0.00;0.00;15.50;92.66;27.89;101.16;40.13;113.81;25.56
2018;08;06;05;00;9.04;74.00;1005.40;0.00;0.00;0.00;0.00;0.00;0.00;13.72;0.00;15.12;90.00;26.12;97.13;39.66;113.54;23.76
2018;08;06;06;00;9.45;73.00;1005.00;0.00;0.00;0.00;0.00;0.00;0.00;60.00;32.04;15.12;88.64;24.19;94.27;39.48;114.23;24.84
2018;08;06;07;00;10.81;68.00;1005.00;0.00;0.00;0.00;0.00;0.00;0.00;60.00;122.82;13.04;83.66;18.72;90.00;36.26;114.02;23.76
2018;08;06;08;00;12.29;63.00;1004.70;0.00;0.00;0.00;0.00;0.00;0.00;60.00;227.84;12.92;77.12;12.29;84.96;32.70;118.26;20.88
2018;08;06;09;00;13.65;58.00;1004.80;0.00;0.00;0.00;0.00;0.00;0.00;60.00;335.53;12.50;78.37;10.50;84.09;31.76;125.31;19.44
2018;08;06;10;00;14.83;53.00;1004.90;0.00;0.00;0.00;0.00;0.00;0.00;60.00;435.21;12.41;73.14;10.14;73.50;27.69;116.23;19.08
2018;08;06;11;00;15.81;50.00;1004.20;0.00;0.00;0.00;0.00;0.00;0.00;60.00;523.32;12.25;65.70;10.32;60.75;18.73;92.20;19.44
2018;08;06;12;00;16.83;47.00;1003.10;0.00;0.00;0.00;0.00;0.00;0.00;60.00;593.63;21.25;63.87;23.54;66.57;30.78;79.22;27.36
2018;08;06;13;00;17.49;46.00;1002.40;0.00;0.00;3.00;0.00;0.00;3.00;58.09;637.24;22.23;65.10;24.14;69.94;31.07;79.99;27.72
2018;08;06;14;00;17.89;45.00;1002.20;0.00;0.00;38.00;0.00;0.00;38.00;35.74;650.59;24.01;66.12;25.62;70.29;31.07;79.99;28.44
2018;08;06;15;00;17.80;45.00;1001.50;0.00;0.00;100.00;0.00;0.00;100.00;0.00;550.91;25.92;64.50;27.01;68.91;33.89;77.74;29.88
2018;08;06;16;00;17.46;45.00;1001.70;0.00;0.00;100.00;0.00;0.00;100.00;0.00;420.97;27.38;65.12;28.92;71.11;36.29;79.14;30.60
2018;08;06;17;00;17.27;46.00;1002.20;0.00;0.00;100.00;0.00;0.00;100.00;0.00;401.39;28.82;64.08;30.68;67.95;38.59;75.96;32.76
2018;08;06;18;00;16.69;47.00;1002.20;0.00;0.00;100.00;0.00;0.00;100.00;0.00;362.23;28.82;62.47;31.77;66.63;39.12;75.07;33.12
2018;08;06;19;00;16.02;49.00;1002.50;0.00;0.00;100.00;0.00;0.00;100.00;0.00;271.45;28.77;58.30;31.75;60.82;38.97;73.91;33.12
2018;08;06;20;00;15.06;54.00;1002.80;0.00;0.00;100.00;0.00;0.00;100.00;0.00;176.22;28.39;50.66;32.33;52.24;39.31;69.08;31.32
2018;08;06;21;00;13.28;61.00;1003.50;0.00;0.00;14.00;0.00;0.00;14.00;51.06;126.38;28.77;45.51;34.41;47.97;42.58;71.26;28.80
2018;08;06;22;00;11.09;68.00;1004.20;0.00;0.00;0.00;0.00;0.00;0.00;20.69;41.83;27.50;43.94;33.10;45.88;45.85;74.98;31.32
2018;08;06;23;00;9.34;75.00;1004.50;0.00;0.00;0.00;0.00;0.00;0.00;0.00;0.00;25.03;40.33;27.84;40.28;46.23;81.49;30.96
2018;08;07;00;00;8.05;80.00;1005.10;0.00;0.00;0.00;0.00;0.00;0.00;0.00;0.00;23.56;38.80;23.51;40.03;40.98;71.57;29.16
2018;08;07;01;00;7.09;84.00;1005.40;0.00;0.00;2.00;0.00;0.00;2.00;0.00;0.00;23.33;38.11;21.53;38.21;42.07;66.29;28.08
2018;08;07;02;00;6.43;87.00;1005.90;0.00;0.00;44.00;0.00;0.00;44.00;0.00;0.00;24.70;36.70;22.61;37.23;44.85;71.27;29.16
2018;08;07;03;00;6.48;88.00;1005.40;0.00;0.00;100.00;0.00;0.00;100.00;0.00;0.00;26.56;32.83;25.26;32.78;50.01;67.13;32.40
2018;08;07;04;00;6.23;93.00;1004.90;0.00;0.00;100.00;0.00;0.00;100.00;0.00;0.00;28.36;28.84;28.82;27.53;57.35;65.53;38.16
2018;08;07;05;00;6.06;95.00;1004.90;0.00;0.00;100.00;0.00;0.00;100.00;0.00;0.00;29.63;25.94;33.65;26.02;64.57;62.43;37.80
2018;08;07;06;00;6.21;94.00;1004.40;0.00;0.00;100.00;0.00;0.00;100.00;0.00;15.13;31.56;27.15;37.87;29.00;70.74;61.09;43.20
2018;08;07;07;00;6.82;91.00;1004.20;0.00;0.00;100.00;0.00;0.00;100.00;0.00;68.53;34.79;28.42;40.14;29.55;74.90;61.59;46.08
2018;08;07;08;00;7.61;86.00;1004.20;0.00;0.00;100.00;0.00;100.00;100.00;0.00;117.48;36.58;28.84;43.22;29.98;78.19;60.48;47.16
2018;08;07;09;00;8.47;82.00;1004.70;0.00;0.00;100.00;0.00;100.00;100.00;0.00;137.95;37.52;28.04;44.97;29.23;75.95;60.15;46.80
2018;08;07;10;00;8.88;81.00;1004.60;0.00;0.00;100.00;0.00;100.00;100.00;0.00;139.73;38.36;29.21;45.32;30.03;73.91;59.56;44.64
2018;08;07;11;00;8.97;81.00;1004.30;0.00;0.00;100.00;2.00;100.00;100.00;0.00;168.21;38.18;28.74;45.28;29.01;74.17;60.32;48.96
2018;08;07;12;00;10.54;73.00;1005.00;0.00;0.00;100.00;0.00;100.00;100.00;0.00;230.51;35.69;30.96;41.98;30.96;64.24;54.35;43.56
2018;08;07;13;00;10.82;71.00;1004.70;0.00;0.00;100.00;0.00;100.00;100.00;0.00;262.55;37.11;30.30;43.59;30.80;62.32;49.69;45.36
2018;08;07;14;00;11.28;69.00;1004.50;0.00;0.00;100.00;11.00;100.00;100.00;0.00;304.38;38.01;28.26;44.62;28.43;64.01;48.42;46.44
2018;08;07;15;00;11.16;70.00;1004.40;0.00;0.00;100.00;17.00;100.00;100.00;0.00;331.97;39.30;28.44;46.09;28.97;67.60;48.67;48.24
2018;08;07;16;00;11.43;69.00;1004.50;0.00;0.00;100.00;0.00;100.00;100.00;0.00;345.32;41.00;30.62;48.10;30.60;70.90;50.98;51.84
2018;08;07;17;00;11.43;68.00;1005.10;0.00;0.00;100.00;0.00;100.00;100.00;0.00;385.37;41.06;31.74;48.04;32.14;71.52;51.75;53.28
2018;08;07;18;00;11.08;69.00;1005.10;0.00;0.00;100.00;0.00;100.00;100.00;0.00;380.92;41.56;31.90;48.24;32.50;72.22;52.90;51.12
2018;08;07;19;00;10.31;72.00;1005.50;0.00;0.00;14.00;0.00;14.00;13.00;51.06;329.30;40.07;31.41;47.05;31.87;73.11;54.82;50.40
2018;08;07;20;00;9.21;76.00;1005.80;0.00;0.00;0.00;0.00;0.00;0.00;60.00;237.63;37.91;30.22;44.76;31.52;71.31;54.87;47.88
2018;08;07;21;00;8.13;80.00;1006.30;0.00;0.00;0.00;0.00;0.00;0.00;60.00;129.05;35.28;28.66;41.75;29.44;68.33;52.71;46.44
2018;08;07;22;00;7.03;85.00;1006.50;0.00;0.00;0.00;0.00;0.00;0.00;17.25;36.49;32.85;27.41;39.97;29.10;65.67;52.13;43.92
2018;08;07;23;00;6.44;88.00;1006.60;0.00;0.00;100.00;0.00;0.00;100.00;0.00;0.00;31.56;27.15;38.36;29.21;63.65;52.35;42.12
2018;08;08;00;00;6.49;88.00;1007.20;0.00;0.00;100.00;0.00;0.00;100.00;0.00;0.00;30.59;26.57;36.40;28.34;61.00;51.71;42.12
2018;08;08;01;00;6.23;88.00;1007.60;0.00;0.00;100.00;0.00;0.00;100.00;0.00;0.00;29.46;26.88;35.60;28.38;58.83;52.71;40.68
2018;08;08;02;00;5.98;89.00;1007.60;0.00;0.00;100.00;0.00;0.00;100.00;0.00;0.00;29.46;26.88;35.11;28.14;56.90;51.68;40.32
2018;08;08;03;00;5.66;90.00;1007.70;0.00;0.00;100.00;0.00;0.00;100.00;0.00;0.00;28.82;25.92;33.97;27.11;53.89;49.61;39.60
2018;08;08;04;00;5.20;92.00;1007.30;0.00;0.00;100.00;0.00;0.00;100.00;0.00;0.00;28.19;24.93;32.68;26.85;51.51;48.40;38.52
2018;08;08;05;00;4.87;93.00;1007.10;0.00;0.00;100.00;0.00;0.00;100.00;0.00;0.00;26.47;22.38;29.02;23.39;49.66;46.47;36.36
2018;08;08;06;00;4.88;92.00;1007.20;0.00;0.00;100.00;0.00;0.00;100.00;0.00;17.80;25.87;21.21;27.48;21.52;49.39;44.41;35.28
2018;08;08;07;00;5.29;88.00;1007.10;0.00;0.00;100.00;0.00;0.00;100.00;0.00;88.11;27.35;20.82;27.56;19.86;51.42;44.43;36.72
2018;08;08;08;00;5.81;85.00;1006.80;0.00;0.00;100.00;0.00;0.00;100.00;0.00;174.44;29.28;20.89;30.97;19.70;54.48;45.00;38.52
2018;08;08;09;00;6.54;81.00;1007.50;0.00;0.00;100.00;0.00;0.00;100.00;0.00;238.52;30.51;19.29;32.79;19.23;57.29;46.27;39.60
2018;08;08;10;00;7.24;79.00;1007.70;0.00;0.00;100.00;0.00;0.00;100.00;0.00;313.28;31.42;18.02;34.38;17.68;60.84;45.72;40.68
2018;08;08;11;00;7.83;77.00;1006.90;0.00;0.00;100.00;0.00;0.00;100.00;0.00;357.78;31.31;17.39;34.28;17.10;59.31;45.25;41.40
2018;08;08;12;00;9.49;70.00;1006.60;0.00;0.00;100.00;0.00;0.00;100.00;0.00;552.69;31.88;18.43;35.76;16.98;48.97;48.58;39.24
2018;08;08;13;00;9.92;70.00;1006.30;0.00;0.00;100.00;0.00;15.00;100.00;0.00;603.42;31.71;12.46;35.65;11.65;48.39;43.19;39.96
2018;08;08;14;00;10.36;69.00;1006.10;0.00;0.00;34.00;0.00;34.00;0.00;38.30;631.90;30.90;8.04;34.79;6.54;45.24;34.95;38.52
2018;08;08;15;00;10.70;69.00;1005.60;0.00;0.00;54.00;0.00;54.00;0.00;25.53;625.67;29.52;0.70;32.77;358.74;41.55;27.90;36.36
2018;08;08;16;00;10.45;73.00;1005.60;0.00;0.00;40.00;0.00;40.00;0.00;34.47;586.51;29.07;352.17;31.79;346.91;38.00;25.84;34.56
2018;08;08;17;00;9.74;80.00;1006.20;0.00;0.00;100.00;0.00;14.00;100.00;0.00;525.99;27.60;344.88;29.75;338.71;35.46;23.96;34.20
2018;08;08;18;00;9.22;85.00;1006.00;0.00;0.00;100.00;0.00;5.00;100.00;0.00;409.40;24.59;342.10;24.07;338.04;33.25;19.61;32.76
2018;08;08;19;00;8.72;88.00;1005.80;0.00;0.00;100.00;2.00;15.00;100.00;0.00;290.14;23.22;341.00;23.60;338.52;31.99;19.05;31.68
2018;08;08;20;00;8.18;90.00;1005.40;0.00;0.00;100.00;0.00;10.00;100.00;0.00;194.02;22.77;341.57;24.02;340.75;32.59;16.03;30.96
2018;08;08;21;00;7.52;93.00;1005.50;0.00;0.00;100.00;0.00;0.00;100.00;0.00;96.12;20.95;340.94;22.43;341.27;34.39;19.57;28.80
2018;08;08;22;00;7.16;94.00;1005.50;0.00;0.00;100.00;4.00;0.00;100.00;0.00;19.58;19.26;339.19;20.86;338.75;32.67;18.63;27.72
2018;08;08;23;00;6.89;94.00;1005.50;0.00;0.00;100.00;0.00;0.00;100.00;0.00;0.00;17.32;339.30;18.72;337.38;30.08;11.04;24.84
2018;08;09;00;00;6.59;95.00;1005.70;0.00;0.00;100.00;0.00;0.00;100.00;0.00;0.00;16.45;336.80;17.55;334.49;30.36;10.24;23.04
2018;08;09;01;00;6.04;95.00;1005.60;0.00;0.00;100.00;0.00;0.00;100.00;0.00;0.00;15.32;336.45;16.42;334.00;28.12;2.94;23.04
2018;08;09;02;00;5.52;95.00;1006.20;0.00;0.00;100.00;0.00;0.00;100.00;0.00;0.00;14.37;337.93;14.81;334.06;27.02;2.29;23.40
2018;08;09;03;00;5.05;95.00;1005.80;0.00;0.00;100.00;0.00;0.00;100.00;0.00;0.00;13.57;338.20;13.36;332.74;27.04;3.05;22.32
2018;08;09;04;00;4.59;95.00;1005.20;0.00;0.00;100.00;0.00;0.00;100.00;0.00;0.00;12.77;338.50;11.92;331.11;26.04;5.55;22.32
2018;08;09;05;00;4.35;95.00;1005.20;0.00;0.00;100.00;0.00;0.00;100.00;0.00;0.00;12.30;339.44;11.44;331.82;26.48;11.77;21.60
2018;08;09;06;00;4.43;94.00;1004.90;0.00;0.00;100.00;0.00;74.00;100.00;0.00;13.35;11.38;341.57;10.32;330.75;24.83;16.86;20.16
2018;08;09;07;00;4.64;93.00;1005.00;0.00;0.00;100.00;0.00;0.00;100.00;0.00;66.75;11.73;342.12;10.32;330.75;22.74;23.32;18.00
2018;08;09;08;00;4.72;92.00;1005.20;0.00;0.00;100.00;0.00;0.00;100.00;0.00;133.50;11.28;343.30;9.51;330.52;21.41;27.00;16.92
2018;08;09;09;00;5.06;91.00;1006.00;0.00;0.00;100.00;0.00;0.00;100.00;0.00;213.60;11.53;345.53;8.85;333.43;21.92;29.51;16.56
2018;08;09;10;00;5.72;88.00;1006.30;0.00;0.00;100.00;0.00;0.00;100.00;0.00;320.40;12.22;346.37;9.18;334.44;23.66;33.21;17.28
2018;08;09;11;00;6.90;82.00;1005.60;0.00;0.00;100.00;0.00;0.00;100.00;0.00;459.24;11.97;344.29;9.51;330.52;23.77;35.13;17.64
2018;08;09;12;00;7.86;89.00;1007.20;0.00;0.00;100.00;0.00;0.00;100.00;0.00;357.78;14.04;337.38;12.48;326.77;15.19;36.33;16.20
2018;08;09;13;00;7.83;89.00;1007.30;0.00;0.00;100.00;0.00;0.00;100.00;0.00;386.26;14.66;335.32;12.98;326.31;14.33;25.28;18.36
2018;08;09;14;00;7.59;90.00;1007.80;0.00;0.00;100.00;0.00;0.00;100.00;0.00;368.46;14.51;336.61;13.28;327.17;14.35;17.53;20.88
2018;08;09;15;00;7.54;90.00;1007.90;0.00;0.00;100.00;0.00;0.00;100.00;0.00;335.53;14.51;336.61;13.40;329.30;13.91;10.44;20.88
2018;08;09;16;00;7.58;90.00;1008.10;0.00;0.00;100.00;0.00;0.00;100.00;0.00;323.96;14.66;335.32;14.02;330.80;12.98;3.18;20.52
2018;08;09;17;00;7.50;91.00;1008.70;0.00;0.00;100.00;0.00;0.00;100.00;0.00;286.58;14.81;334.06;14.34;331.50;11.52;360.00;20.16
2018;08;09;18;00;7.33;91.00;1009.20;0.00;0.00;100.00;0.00;0.00;100.00;0.00;234.07;14.33;334.72;13.36;332.74;10.09;2.05;18.72
2018;08;09;19;00;7.07;92.00;1009.30;0.00;0.00;100.00;0.00;0.00;100.00;0.00;178.00;13.53;334.80;12.24;331.93;8.29;2.49;16.92
2018;08;09;20;00;6.74;93.00;1009.10;0.00;0.00;100.00;0.00;0.00;100.00;0.00;119.26;12.88;333.43;11.61;330.26;6.12;360.00;14.76
2018;08;09;21;00;6.43;94.00;1010.00;0.00;0.00;100.00;0.00;0.00;100.00;0.00;61.41;12.07;333.43;11.12;330.95;4.10;344.74;12.96
2018;08;09;22;00;6.08;94.00;1010.30;0.00;0.00;100.00;0.00;40.00;100.00;0.00;15.13;10.79;334.29;10.14;332.53;2.81;309.81;11.16
2018;08;09;23;00;5.92;94.00;1010.30;0.00;0.00;100.00;0.00;66.00;100.00;0.00;0.00;10.31;335.22;9.03;336.50;3.22;296.57;9.72
2018;08;10;00;00;5.85;95.00;1011.00;0.00;0.00;100.00;0.00;63.00;100.00;0.00;0.00;9.83;331.56;8.53;332.35;5.35;289.65;9.00
2018;08;10;01;00;5.74;95.00;1011.30;0.00;0.00;100.00;0.00;73.00;100.00;0.00;0.00;8.53;332.35;7.10;329.53;6.76;295.20;10.44
2018;08;10;02;00;5.61;95.00;1011.60;0.00;0.00;100.00;0.00;58.00;100.00;0.00;0.00;7.59;328.57;5.99;327.26;8.59;303.02;9.00
2018;08;10;03;00;5.44;95.00;1011.30;0.00;0.00;100.00;0.00;62.00;100.00;0.00;0.00;6.49;326.31;4.61;321.34;9.51;299.48;7.56
2018;08;10;04;00;5.26;95.00;1011.10;0.00;0.00;100.00;0.00;36.00;100.00;0.00;0.00;4.61;321.34;2.81;309.81;9.00;286.26;5.76
2018;08;10;05;00;5.06;95.00;1011.50;0.00;0.00;100.00;2.00;8.00;100.00;0.00;0.00;2.81;320.19;1.02;315.00;9.06;276.84;3.60
2018;08;10;06;00;5.13;94.00;1011.30;0.00;0.00;100.00;6.00;0.00;100.00;0.00;16.02;0.36;90.00;2.04;135.00;8.31;265.03;0.36
2018;08;10;07;00;5.75;92.00;1011.40;0.00;0.00;100.00;2.00;0.00;100.00;0.00;88.11;2.74;156.80;4.90;143.97;8.43;250.02;4.32
2018;08;10;08;00;7.35;86.00;1011.50;0.00;0.00;32.00;2.00;0.00;32.00;39.57;201.14;4.35;155.56;6.12;151.93;9.39;237.53;6.84
2018;08;10;09;00;9.21;77.00;1011.40;0.00;0.00;9.30;31.00;0.00;7.00;54.06;330.19;5.94;165.96;6.49;160.56;10.95;223.67;8.64
2018;08;10;10;00;10.86;71.00;1011.60;0.00;0.00;13.50;45.00;0.00;3.00;51.38;426.31;6.12;180.00;5.76;180.00;13.09;211.50;9.72
2018;08;10;11;00;12.00;67.00;1011.10;0.00;0.00;45.00;100.00;45.00;4.00;31.28;505.52;7.07;194.74;6.62;202.38;16.31;202.04;12.24
2018;08;10;12;00;10.98;74.00;1010.20;0.00;0.00;100.00;100.00;100.00;87.00;0.00;386.26;18.36;180.00;19.81;182.08;21.83;193.35;21.96
2018;08;10;13;00;10.88;74.00;1010.20;0.00;0.00;100.00;100.00;100.00;62.00;0.00;381.81;21.63;177.14;24.52;176.63;23.75;194.04;25.56
2018;08;10;14;00;10.98;75.00;1010.20;0.00;0.00;100.00;100.00;100.00;60.00;0.00;380.92;24.55;175.79;28.52;175.66;26.90;192.36;28.44
2018;08;10;15;00;10.78;77.00;1009.10;0.00;0.00;100.00;100.00;100.00;59.00;0.00;364.90;26.37;175.30;31.78;175.45;30.43;190.91;30.96
2018;08;10;16;00;10.54;80.00;1009.30;0.00;0.00;100.00;100.00;100.00;95.00;0.00;247.42;28.19;174.87;34.71;174.64;35.50;186.40;36.36
2018;08;10;17;00;10.46;83.00;1009.80;0.00;0.00;100.00;100.00;100.00;100.00;0.00;153.08;29.38;172.96;37.65;173.96;40.68;180.51;39.60
2018;08;10;18;00;10.32;84.00;1009.10;0.10;0.00;100.00;74.00;100.00;100.00;0.00;92.56;28.24;168.98;35.81;170.16;46.81;178.68;37.80
2018;08;10;19;00;10.11;86.00;1009.00;0.70;0.00;100.00;90.00;100.00;100.00;0.00;71.20;31.44;166.76;42.37;167.74;52.30;176.45;41.04
2018;08;10;20;00;9.93;87.00;1008.70;0.60;0.00;100.00;100.00;100.00;100.00;0.00;56.07;33.59;162.54;46.04;164.12;56.25;176.70;43.92
2018;08;10;21;00;9.87;88.00;1008.40;0.50;0.00;100.00;100.00;100.00;100.00;0.00;45.39;35.10;158.96;48.16;161.70;59.87;176.55;46.08
2018;08;10;22;00;9.63;89.00;1008.30;0.50;0.00;100.00;100.00;100.00;100.00;0.00;13.35;35.79;156.27;49.34;159.05;63.10;176.73;48.24
2018;08;10;23;00;9.49;90.00;1008.30;0.70;0.00;100.00;100.00;100.00;100.00;0.00;0.00;35.58;152.92;49.16;156.25;67.21;175.08;55.08
2018;08;11;00;00;9.40;90.00;1008.00;1.00;0.00;100.00;100.00;100.00;100.00;0.00;0.00;35.46;150.83;50.71;153.43;71.05;176.51;49.68
2018;08;11;01;00;9.42;90.00;1007.60;1.00;0.00;100.00;100.00;100.00;100.00;0.00;0.00;35.50;149.53;51.06;151.81;73.11;178.31;51.12
2018;08;11;02;00;9.54;90.00;1008.00;1.00;0.00;100.00;100.00;100.00;100.00;0.00;0.00;35.19;149.24;50.77;150.71;72.74;178.58;50.76
2018;08;11;03;00;9.63;90.00;1007.40;1.00;0.00;100.00;100.00;100.00;100.00;0.00;0.00;34.88;148.93;50.77;150.71;71.32;177.98;49.68
2018;08;11;04;00;9.75;90.00;1006.30;1.10;0.00;100.00;100.00;100.00;100.00;0.00;0.00;34.21;149.66;49.79;151.03;70.72;176.21;48.60
2018;08;11;05;00;9.92;90.00;1006.50;1.20;0.00;100.00;100.00;100.00;100.00;0.00;0.00;33.09;149.25;47.24;150.31;68.25;175.46;47.52
2018;08;11;06;00;10.11;90.00;1006.30;1.10;0.00;100.00;100.00;100.00;100.00;0.00;5.34;33.35;147.34;47.17;148.74;66.59;174.10;47.88
2018;08;11;07;00;10.35;89.00;1005.80;1.10;0.00;100.00;100.00;100.00;100.00;0.00;32.04;33.75;146.31;47.93;147.26;66.49;172.22;47.88
2018;08;11;08;00;10.67;89.00;1006.30;1.10;0.00;100.00;100.00;100.00;100.00;0.00;61.41;33.96;147.99;48.77;148.89;67.83;170.84;47.88
2018;08;11;09;00;11.03;88.00;1007.40;1.00;0.00;100.00;100.00;100.00;100.00;0.00;99.68;33.47;148.19;47.91;149.77;68.27;168.75;47.52
2018;08;11;10;00;11.14;88.00;1007.20;1.00;0.00;100.00;100.00;100.00;100.00;0.00;120.15;33.66;147.67;47.48;148.96;67.84;166.18;47.16
2018;08;11;11;00;11.06;89.00;1007.00;0.90;0.00;100.00;100.00;100.00;100.00;0.00;120.15;34.08;148.83;46.75;150.47;68.08;162.14;47.16
2018;08;11;12;00;12.08;80.00;1009.80;0.00;0.00;100.00;100.00;100.00;100.00;0.00;256.32;32.24;156.30;42.26;156.93;58.07;162.69;43.92
2018;08;11;13;00;12.08;80.00;1009.80;0.00;0.00;100.00;100.00;100.00;100.00;0.00;218.94;31.77;156.63;41.79;157.19;58.78;159.57;44.64
2018;08;11;14;00;12.03;81.00;1009.80;0.20;0.00;100.00;100.00;100.00;100.00;0.00;202.92;31.96;157.48;41.98;157.83;59.24;159.36;45.00
2018;08;11;15;00;11.82;83.00;1010.00;0.40;0.00;100.00;100.00;100.00;100.00;0.00;178.89;32.57;156.55;42.92;157.31;60.04;159.28;45.00
2018;08;11;16;00;11.68;85.00;1010.00;0.40;0.00;100.00;100.00;100.00;100.00;0.00;145.07;32.84;154.00;44.13;154.90;60.57;158.01;45.72
2018;08;11;17;00;11.60;85.00;1010.00;0.50;0.00;100.00;100.00;100.00;100.00;0.00;121.04;33.04;150.64;44.13;151.76;61.26;156.45;44.28
2018;08;11;18;00;11.52;86.00;1010.20;0.70;0.00;100.00;100.00;100.00;100.00;0.00;92.56;31.75;147.03;42.66;148.46;62.18;155.36;43.92
2018;08;11;19;00;11.42;87.00;1009.80;0.80;0.00;100.00;100.00;100.00;100.00;0.00;69.42;30.89;143.53;41.74;145.90;64.15;156.17;44.28
2018;08;11;20;00;11.32;88.00;1009.10;0.90;0.00;100.00;100.00;100.00;100.00;0.00;49.84;30.19;140.81;40.68;143.64;68.26;157.36;45.00
2018;08;11;21;00;11.19;88.00;1009.50;0.90;0.00;100.00;100.00;100.00;100.00;0.00;28.48;29.13;140.01;40.90;143.23;72.01;159.21;45.72
2018;08;11;22;00;10.96;89.00;1009.30;1.10;0.00;100.00;100.00;100.00;100.00;0.00;5.34;29.74;141.88;43.36;144.46;74.59;160.25;47.16
2018;08;11;23;00;10.75;90.00;1009.10;1.80;0.00;100.00;100.00;100.00;100.00;0.00;0.00;30.31;142.72;44.54;145.54;76.06;160.36;47.16
2018;08;12;00;00;10.63;90.00;1009.80;2.40;0.00;100.00;100.00;100.00;100.00;0.00;0.00;30.06;145.74;44.76;148.48;74.80;162.35;46.80
2018;08;12;01;00;10.54;90.00;1009.90;2.00;0.00;100.00;100.00;100.00;100.00;0.00;0.00;30.26;147.63;45.14;150.37;73.43;162.01;47.16
2018;08;12;02;00;10.50;90.00;1009.70;1.50;0.00;100.00;77.00;100.00;100.00;0.00;0.00;30.01;149.74;44.44;153.02;71.21;163.86;45.36
2018;08;12;03;00;10.50;90.00;1009.80;1.20;0.00;100.00;26.00;100.00;100.00;0.00;0.00;29.48;151.56;43.65;155.13;67.14;166.04;44.64
2018;08;12;04;00;10.47;90.00;1009.40;1.00;0.00;100.00;23.00;100.00;100.00;0.00;0.00;28.82;152.47;41.89;155.64;65.68;167.33;43.56
2018;08;12;05;00;10.46;90.00;1009.10;1.00;0.00;100.00;3.00;100.00;100.00;0.00;0.00;28.19;151.80;40.91;155.01;65.76;167.03;42.12
2018;08;12;06;00;10.62;90.00;1009.10;0.70;0.00;100.00;0.00;100.00;100.00;0.00;8.01;28.02;152.45;40.10;155.05;65.60;167.64;38.16
2018;08;12;07;00;10.66;92.00;1009.30;0.50;0.00;100.00;0.00;100.00;100.00;0.00;38.27;26.89;152.06;37.36;154.92;64.19;167.37;37.80
2018;08;12;08;00;10.87;92.00;1009.30;0.40;0.00;100.00;0.00;81.00;100.00;0.00;78.32;26.26;151.33;35.43;154.74;61.73;165.48;38.52
2018;08;12;09;00;11.37;91.00;1009.90;0.30;0.00;100.00;0.00;0.00;100.00;0.00;146.85;26.56;153.43;35.64;156.80;61.92;164.83;37.44
2018;08;12;10;00;11.54;90.00;1010.30;0.30;0.00;100.00;0.00;0.00;100.00;0.00;146.85;26.89;153.78;36.97;157.68;64.29;164.41;37.44
2018;08;12;11;00;11.85;89.00;1010.00;0.50;0.00;100.00;0.00;0.00;100.00;0.00;176.22;27.09;156.50;37.04;158.92;65.97;163.84;36.72
2018;08;12;12;00;11.89;86.00;1011.10;0.30;0.00;100.00;0.00;60.00;100.00;0.00;257.21;27.05;153.09;34.62;154.77;56.77;164.55;37.80
2018;08;12;13;00;11.95;86.00;1010.90;0.30;0.00;100.00;0.00;3.00;100.00;0.00;240.30;27.56;156.11;34.76;158.75;53.86;162.90;38.52
2018;08;12;14;00;12.87;82.00;1010.80;0.20;0.00;100.00;0.00;0.00;100.00;0.00;318.62;28.75;157.93;35.77;159.38;52.03;161.44;39.24
2018;08;12;15;00;12.30;81.00;1010.20;0.00;0.00;100.00;0.00;0.00;100.00;0.00;314.17;28.48;159.27;36.09;161.38;49.60;158.28;37.08
2018;08;12;16;00;13.28;76.00;1010.20;0.00;0.00;43.00;0.00;0.00;43.00;32.55;393.38;28.12;161.33;35.07;162.68;48.00;155.16;36.36
2018;08;12;17;00;12.67;75.00;1010.50;0.00;0.00;11.00;0.00;0.00;11.00;52.98;312.39;27.32;161.57;34.04;162.14;47.98;153.24;36.00
2018;08;12;18;00;12.74;74.00;1010.20;0.00;0.00;20.00;0.00;0.00;20.00;47.23;302.60;26.64;161.08;33.47;161.18;47.67;152.08;34.92
2018;08;12;19;00;12.35;75.00;1010.10;0.00;0.00;14.00;0.00;0.00;14.00;51.06;239.41;25.50;161.05;32.33;161.16;46.26;150.64;35.28
2018;08;12;20;00;11.78;77.00;1009.60;0.00;0.00;12.00;0.00;0.00;12.00;52.34;209.15;23.68;160.46;30.17;160.48;44.21;149.68;32.76
2018;08;12;21;00;11.02;80.00;1009.80;0.00;0.00;2.00;0.00;0.00;2.00;58.72;109.47;21.33;158.20;28.28;158.33;43.66;148.14;30.96
2018;08;12;22;00;10.10;84.00;1009.90;0.00;0.00;0.00;0.00;0.00;0.00;59.85;20.47;18.19;152.93;26.24;153.08;44.03;145.66;28.80
2018;08;12;23;00;9.78;84.00;1009.90;0.00;0.00;0.00;0.00;0.00;0.00;0.00;0.00;16.78;144.61;25.96;146.31;43.74;147.09;27.36
2018;08;13;00;00;9.43;85.00;1009.90;0.00;0.00;2.00;0.00;0.00;2.00;0.00;0.00;13.78;130.76;25.46;136.15;45.74;151.82;24.48
2018;08;13;01;00;9.00;85.00;1009.50;0.00;0.00;0.00;0.00;0.00;0.00;0.00;0.00;14.83;119.05;28.88;125.87;48.63;152.68;25.56
2018;08;13;02;00;8.45;84.00;1009.70;0.00;0.00;0.00;0.00;0.00;0.00;0.00;0.00;16.75;115.46;30.87;121.65;48.36;156.30;24.48
2018;08;13;03;00;7.72;85.00;1009.30;0.00;0.00;0.00;0.00;0.00;0.00;0.00;0.00;18.06;113.50;32.36;122.28;47.94;157.48;25.92
2018;08;13;04;00;7.29;86.00;1008.50;0.00;0.00;0.00;0.00;0.00;0.00;0.00;0.00;18.84;116.08;33.55;123.18;49.81;158.81;29.16
2018;08;13;05;00;6.98;87.00;1008.50;0.00;0.00;0.00;0.00;0.00;0.00;51.37;0.00;19.16;115.60;34.65;122.70;50.21;157.66;29.52
2018;08;13;06;00;7.09;86.00;1008.00;0.00;0.00;21.00;0.00;0.00;21.00;46.60;13.35;20.29;115.20;35.15;122.88;47.87;158.84;29.52
2018;08;13;07;00;8.78;79.00;1007.70;0.00;0.00;24.00;0.00;0.00;24.00;44.68;97.90;20.61;117.01;34.45;124.35;45.93;158.87;29.16
2018;08;13;08;00;10.49;72.00;1007.60;0.00;0.00;0.00;0.00;0.00;0.00;60.00;202.92;22.55;118.61;32.86;122.47;46.81;159.75;29.52
2018;08;13;09;00;12.04;66.00;1008.00;0.00;0.00;0.00;0.00;0.00;0.00;60.00;307.05;22.48;121.91;30.26;124.82;47.59;162.39;31.68
2018;08;13;10;00;13.21;62.00;1007.80;0.00;0.00;2.00;0.00;0.00;2.00;58.72;406.73;22.32;127.79;29.84;131.58;49.07;161.17;29.52
2018;08;13;11;00;14.11;59.00;1006.90;0.00;0.00;49.00;0.00;0.00;49.00;28.72;496.62;23.95;137.44;29.36;139.47;37.36;147.99;29.52
2018;08;13;12;00;13.28;69.00;1006.00;0.00;0.00;100.00;0.00;0.00;100.00;0.00;209.15;27.56;156.11;34.23;157.75;47.50;154.41;38.52
2018;08;13;13;00;13.89;66.00;1005.60;0.00;0.00;40.00;0.00;0.00;40.00;34.47;282.13;27.89;156.41;33.63;158.65;44.60;153.64;36.36
2018;08;13;14;00;14.79;62.00;1005.00;0.00;0.00;31.00;0.00;0.00;31.00;40.21;404.95;27.56;156.11;33.90;157.52;41.26;150.75;32.40
2018;08;13;15;00;14.29;62.00;1004.10;0.00;0.00;100.00;0.00;0.00;100.00;0.00;532.22;27.23;155.81;34.18;156.41;39.52;149.93;34.56
2018;08;13;16;00;13.73;65.00;1004.20;0.00;0.00;100.00;0.00;0.00;100.00;0.00;217.16;26.10;155.56;33.23;157.05;40.26;148.16;33.12
2018;08;13;17;00;13.66;65.00;1004.10;0.00;0.00;100.00;0.00;0.00;100.00;0.00;173.55;25.28;153.80;32.06;155.45;39.54;146.89;32.04
2018;08;13;18;00;13.85;63.00;1003.10;0.00;0.00;100.00;0.00;0.00;100.00;0.00;215.38;25.77;151.65;32.53;152.30;39.14;145.87;30.96
2018;08;13;19;00;13.93;62.00;1002.50;0.00;0.00;100.00;3.00;0.00;100.00;0.00;175.33;25.50;149.45;33.85;150.71;40.04;146.74;32.04
2018;08;13;20;00;12.89;65.00;1001.90;0.00;0.00;100.00;5.00;0.00;100.00;0.00;117.48;25.70;142.97;33.48;143.75;41.14;145.34;31.32
2018;08;13;21;00;12.42;66.00;1001.50;0.00;0.00;100.00;3.00;0.00;100.00;0.00;42.72;24.69;135.59;32.68;139.47;46.26;150.64;34.56
2018;08;13;22;00;11.95;66.00;1001.00;0.00;0.00;100.00;31.00;1.00;100.00;0.00;6.23;24.63;127.87;35.67;132.55;54.74;152.59;35.28
2018;08;13;23;00;11.43;67.00;1000.40;0.00;0.00;100.00;100.00;41.00;100.00;0.00;0.00;25.46;123.47;37.30;126.76;62.51;155.50;39.24
2018;08;14;00;00;10.96;68.00;1000.10;0.00;0.00;100.00;100.00;100.00;100.00;0.00;0.00;26.37;122.17;39.55;124.99;69.40;154.50;40.32
2018;08;14;01;00;10.77;70.00;999.40;0.00;0.00;100.00;100.00;100.00;100.00;0.00;0.00;26.93;119.65;40.45;122.28;71.97;152.92;41.40
2018;08;14;02;00;10.60;73.00;998.90;0.10;0.00;100.00;100.00;100.00;100.00;0.00;0.00;26.75;118.98;40.95;122.43;71.97;153.56;41.76
2018;08;14;03;00;10.30;77.00;997.80;0.50;0.00;100.00;100.00;100.00;100.00;0.00;0.00;26.58;118.30;41.98;120.96;71.00;153.18;42.12
2018;08;14;04;00;10.01;82.00;996.80;0.80;0.00;100.00;100.00;100.00;100.00;0.00;0.00;26.89;117.94;41.80;120.54;69.23;153.43;42.48
2018;08;14;05;00;9.79;85.00;996.30;1.00;0.00;100.00;100.00;100.00;100.00;0.00;0.00;27.05;116.91;41.80;120.54;71.49;152.40;43.20
2018;08;14;06;00;9.66;87.00;995.30;1.20;0.00;100.00;100.00;100.00;100.00;0.00;2.67;27.53;117.24;42.60;120.47;72.32;151.78;44.28
2018;08;14;07;00;9.77;88.00;994.90;1.20;0.00;100.00;100.00;100.00;100.00;0.00;23.14;27.24;119.28;41.75;122.32;72.62;152.55;44.64
2018;08;14;08;00;9.96;88.00;994.50;1.20;0.00;100.00;100.00;100.00;100.00;0.00;48.95;26.49;121.10;40.04;123.26;70.36;153.57;43.20
2018;08;14;09;00;10.33;88.00;994.60;1.20;0.00;100.00;100.00;100.00;100.00;0.00;78.32;24.96;123.23;37.37;125.99;65.73;155.40;38.52
2018;08;14;10;00;10.94;87.00;994.50;0.90;0.00;100.00;100.00;100.00;100.00;0.00;134.39;23.28;129.35;34.71;130.79;59.50;158.71;32.04
2018;08;14;11;00;11.93;85.00;993.70;0.80;0.00;100.00;100.00;100.00;100.00;0.00;273.23;21.13;135.69;31.06;135.94;53.52;162.78;29.52
2018;08;14;12;00;11.79;87.00;994.40;0.90;0.00;100.00;0.00;80.00;100.00;0.00;278.57;19.16;154.40;28.17;153.43;49.90;171.29;26.64
2018;08;14;13;00;11.39;89.00;994.20;0.70;0.00;100.00;0.00;36.00;100.00;0.00;194.91;16.26;174.92;21.75;173.35;32.43;182.54;20.16
2018;08;14;14;00;10.96;89.00;994.20;0.40;0.00;100.00;0.00;0.00;100.00;0.00;174.44;14.06;193.32;16.62;197.65;20.29;207.47;16.20
2018;08;14;15;00;10.73;88.00;994.20;0.10;0.00;100.00;0.00;0.00;100.00;0.00;174.44;12.52;198.43;13.38;203.81;17.23;206.03;16.20
2018;08;14;16;00;10.88;86.00;993.80;0.00;0.00;100.00;0.00;0.00;100.00;0.00;222.50;12.32;186.71;13.76;186.01;21.97;181.88;19.08
2018;08;14;17;00;10.75;85.00;993.80;0.00;0.00;100.00;0.00;0.00;100.00;0.00;235.85;14.08;175.60;17.73;174.17;27.65;171.76;20.88
2018;08;14;18;00;10.38;88.00;993.60;0.10;0.00;100.00;0.00;1.00;100.00;0.00;169.99;14.33;168.41;17.52;170.54;29.72;168.83;20.52
2018;08;14;19;00;10.14;91.00;993.10;0.10;0.00;100.00;3.00;63.00;100.00;0.00;119.26;14.84;165.96;18.43;167.59;28.95;169.25;20.88
2018;08;14;20;00;10.08;93.00;992.60;0.20;0.00;100.00;42.00;76.00;100.00;0.00;72.98;15.28;164.98;20.35;166.70;27.96;168.11;20.88
2018;08;14;21;00;9.89;94.00;992.50;0.30;0.00;100.00;24.00;93.00;100.00;0.00;34.71;14.00;162.03;20.52;164.74;28.55;166.14;20.52
2018;08;14;22;00;9.62;94.00;992.00;0.30;0.00;100.00;0.00;100.00;100.00;0.00;5.34;12.98;160.56;19.73;165.20;30.86;163.04;20.16
2018;08;14;23;00;9.57;94.00;991.80;0.30;0.00;100.00;0.00;100.00;100.00;0.00;0.00;12.43;157.89;19.14;163.61;32.69;163.36;20.16
2018;08;15;00;00;9.64;94.00;991.90;0.40;0.00;100.00;0.00;100.00;100.00;0.00;0.00;10.97;156.80;17.56;164.54;31.98;168.31;19.08
2018;08;15;01;00;9.59;94.00;991.40;0.40;0.00;100.00;0.00;100.00;100.00;0.00;0.00;9.66;153.43;16.07;164.41;30.08;168.96;18.00
2018;08;15;02;00;9.50;92.00;991.70;0.40;0.00;100.00;0.00;100.00;100.00;0.00;0.00;8.71;150.26;14.69;162.90;29.43;165.11;16.92
2018;08;15;03;00;9.32;92.00;991.10;0.30;0.00;100.00;0.00;100.00;100.00;0.00;0.00;7.70;142.59;12.10;157.25;27.90;162.73;15.12
2018;08;15;04;00;9.15;92.00;990.40;0.20;0.00;100.00;0.00;100.00;100.00;0.00;0.00;6.11;135.00;10.14;152.53;26.30;160.82;13.32
2018;08;15;05;00;9.06;93.00;990.30;0.20;0.00;100.00;0.00;100.00;100.00;0.00;0.00;4.55;108.43;6.62;135.00;22.08;155.94;10.80
2018;08;15;06;00;9.07;94.00;989.70;0.20;0.00;100.00;0.00;100.00;100.00;0.00;4.45;4.80;77.01;5.05;94.09;17.37;145.98;9.36
2018;08;15;07;00;9.46;91.00;989.30;0.20;0.00;100.00;0.00;100.00;100.00;0.00;44.50;4.90;53.97;3.89;56.31;13.39;126.25;8.28
2018;08;15;08;00;9.92;89.00;989.20;0.10;0.00;100.00;0.00;16.00;100.00;0.00;100.57;5.96;25.02;5.24;15.95;11.17;91.85;7.56
2018;08;15;09;00;10.20;89.00;989.90;0.00;0.00;100.00;0.00;0.00;100.00;0.00;119.26;7.64;8.13;7.56;360.00;12.88;63.43;10.44
2018;08;15;10;00;10.26;90.00;989.90;0.00;0.00;100.00;0.00;0.00;100.00;0.00;135.28;10.45;1.97;10.45;358.03;15.28;46.91;12.24
2018;08;15;11;00;10.40;90.00;989.50;0.00;0.00;100.00;0.00;0.00;100.00;0.00;186.01;11.90;356.53;11.66;351.12;15.58;40.31;13.32
2018;08;15;12;00;13.43;80.00;988.80;0.60;0.00;100.00;0.00;93.00;100.00;0.00;202.03;9.83;23.75;11.53;14.47;18.06;66.50;13.68
2018;08;15;13;00;14.35;70.00;989.50;0.00;0.00;100.00;100.00;100.00;100.00;0.00;408.51;14.51;7.13;15.88;3.90;14.20;30.47;15.12
2018;08;15;14;00;14.14;74.00;989.80;0.00;0.00;100.00;100.00;100.00;100.00;0.00;426.31;18.49;6.71;20.91;2.96;20.38;32.01;19.44
2018;08;15;15;00;13.50;78.00;990.00;0.00;0.00;100.00;100.00;100.00;100.00;0.00;367.57;19.25;7.52;22.03;4.69;25.16;33.92;22.32
2018;08;15;16;00;13.51;78.00;990.30;0.00;0.00;100.00;30.00;100.00;100.00;0.00;324.85;19.08;1.08;21.24;359.03;25.28;28.02;21.96
2018;08;15;17;00;13.90;76.00;990.20;0.00;0.00;89.00;1.00;84.00;89.00;3.19;362.23;20.53;357.99;23.08;356.42;25.54;21.50;23.40
2018;08;15;18;00;13.70;75.00;989.90;0.00;0.00;75.00;0.00;27.00;75.00;12.13;384.48;21.65;3.81;24.91;4.14;26.88;20.38;24.12
2018;08;15;19;00;12.86;76.00;990.70;0.00;0.00;2.00;0.00;2.00;2.00;58.72;307.05;22.86;7.24;27.51;6.01;25.84;18.69;24.84
2018;08;15;20;00;11.46;81.00;991.40;0.00;0.00;0.00;0.00;0.00;0.00;60.00;202.03;23.04;0.90;28.80;0.72;27.79;16.56;28.08
2018;08;15;21;00;10.23;87.00;991.90;0.00;0.00;0.30;1.00;0.00;0.00;59.81;97.90;21.75;353.35;29.30;354.36;31.55;16.57;30.96
2018;08;15;22;00;9.76;89.00;992.40;0.00;0.00;100.00;0.00;2.00;100.00;0.00;13.35;19.21;347.01;25.42;347.74;30.66;9.46;32.40
2018;08;15;23;00;9.24;91.00;992.50;0.00;0.00;100.00;0.00;1.00;100.00;0.00;0.00;20.62;343.78;25.73;342.07;28.71;7.93;31.32
2018;08;16;00;00;8.48;95.00;992.80;0.00;0.00;100.00;0.00;0.00;100.00;0.00;0.00;20.52;338.39;25.01;337.13;27.19;6.84;26.64
2018;08;16;01;00;7.95;95.00;992.90;0.00;0.00;100.00;0.00;0.00;100.00;0.00;0.00;18.84;333.92;22.71;334.65;25.98;10.38;24.48
2018;08;16;02;00;7.51;95.00;992.70;0.00;0.00;100.00;0.00;0.00;100.00;0.00;0.00;16.58;332.88;19.80;332.97;26.20;12.70;21.96
2018;08;16;03;00;7.31;95.00;992.10;0.00;0.00;100.00;0.00;0.00;100.00;0.00;0.00;15.29;333.43;17.07;332.35;27.42;13.67;21.24
2018;08;16;04;00;7.40;95.00;991.90;0.00;0.00;100.00;0.00;0.00;100.00;0.00;0.00;14.51;336.61;15.94;334.59;28.24;19.36;21.24
2018;08;16;05;00;7.60;95.00;992.40;0.00;0.00;100.00;10.00;15.00;100.00;0.00;0.00;14.00;342.03;14.71;338.46;29.95;27.18;22.32
2018;08;16;06;00;7.89;95.00;993.00;0.00;0.00;100.00;6.00;96.00;100.00;0.00;4.45;14.26;349.82;14.24;343.86;32.98;36.12;25.56
2018;08;16;07;00;8.40;94.00;993.50;0.00;0.00;100.00;0.00;4.00;100.00;0.00;56.96;15.84;358.70;14.92;351.67;37.42;45.39;26.28
2018;08;16;08;00;9.11;91.00;993.40;0.00;0.00;100.00;0.00;0.00;100.00;0.00;137.95;17.46;8.30;14.76;360.00;38.55;55.27;25.20
2018;08;16;09;00;10.13;88.00;994.30;0.00;0.00;100.00;0.00;0.00;100.00;0.00;223.39;18.35;15.95;15.33;9.46;40.01;59.74;25.92
2018;08;16;10;00;11.57;82.00;994.80;0.00;0.00;100.00;0.00;0.00;100.00;0.00;323.07;20.61;19.38;18.51;13.50;43.50;61.31;25.56
2018;08;16;11;00;12.99;75.00;994.40;0.00;0.00;0.00;0.00;0.00;0.00;60.00;464.58;26.14;22.68;27.81;21.25;42.94;55.24;28.80
2018;08;16;12;00;13.84;71.00;995.10;0.00;0.00;10.00;0.00;0.00;10.00;53.62;534.89;27.89;23.59;30.82;22.67;39.25;47.97;29.88
2018;08;16;13;00;14.29;68.00;995.40;0.00;0.00;10.00;0.00;0.00;10.00;53.62;563.37;27.38;24.88;30.43;25.96;37.67;45.00;29.16
2018;08;16;14;00;14.38;67.00;995.80;0.00;0.00;10.00;0.00;0.00;10.00;53.62;579.39;25.95;23.72;28.36;23.96;34.62;45.84;28.44
2018;08;16;15;00;14.41;66.00;996.30;0.00;0.00;10.00;0.00;0.00;10.00;53.62;571.38;24.87;22.11;27.35;20.82;32.09;43.18;26.64
2018;08;16;16;00;14.27;66.00;996.40;0.00;0.00;10.00;0.00;0.00;10.00;53.62;537.56;24.54;22.43;27.35;20.82;31.34;42.67;27.36
2018;08;16;17;00;13.99;67.00;996.30;0.00;0.00;0.00;0.00;0.00;0.00;60.00;483.27;24.63;26.94;27.06;25.20;31.09;47.82;27.00
2018;08;16;18;00;13.74;67.00;995.70;0.00;0.00;0.00;0.00;0.00;0.00;60.00;399.61;24.48;36.03;26.57;35.63;31.65;56.13;23.76
2018;08;16;19;00;13.40;68.00;995.90;0.00;0.00;0.00;0.00;0.00;0.00;60.00;298.15;23.18;43.11;25.20;44.42;28.82;69.53;23.04
2018;08;16;20;00;12.62;70.00;995.50;0.00;0.00;0.00;0.00;0.00;0.00;60.00;190.46;19.62;47.23;18.67;50.48;23.54;83.85;18.36
2018;08;16;21;00;11.63;74.00;995.60;0.00;0.00;2.40;8.00;0.00;1.00;58.47;90.78;16.28;54.90;16.12;66.30;19.47;109.44;13.32
2018;08;16;22;00;10.49;78.00;995.90;0.00;0.00;25.00;0.00;0.00;25.00;33.66;11.57;12.56;62.70;15.73;74.05;19.60;135.74;9.00
2018;08;16;23;00;10.36;78.00;995.30;0.00;0.00;35.00;0.00;0.00;35.00;0.00;0.00;11.09;76.87;13.32;88.45;22.04;141.63;7.20
