LAT;;;;;-33.9258;-33.9258;-33.9258;-33.9258;-33.9258;-33.9258;-33.9258;-33.9258;-33.9258;-33.9258;-33.9258;-33.9258;-33.9258;-33.9258;-33.9258;-33.9258;-33.9258;-33.9258
LON;;;;;18.4232;18.4232;18.4232;18.4232;18.4232;18.4232;18.4232;18.4232;18.4232;18.4232;18.4232;18.4232;18.4232;18.4232;18.4232;18.4232;18.4232;18.4232
ASL;;;;;25.0000;25.0000;25.0000;25.0000;25.0000;25.0000;25.0000;25.0000;25.0000;25.0000;25.0000;25.0000;25.0000;25.0000;25.0000;25.0000;25.0000;25.0000
CITY;;;;;Cape Town;Cape Town;Cape Town;Cape Town;Cape Town;Cape Town;Cape Town;Cape Town;Cape Town;Cape Town;Cape Town;Cape Town;Cape Town;Cape Town;Cape Town;Cape Town;Cape Town;Cape Town
DOMAIN;;;;;NEMSAF01;NEMSAF01;NEMSAF01;NEMSAF01;NEMSAF01;NEMSAF01;NEMSAF01;NEMSAF01;NEMSAF01;NEMSAF01;NEMSAF01;NEMSAF01;NEMSAF01;NEMSAF01;NEMSAF01;NEMSAF01;NEMSAF01;NEMSAF01
LEVEL;;;;;2 m above gnd;2 m above gnd;MSL;sfc;sfc;sfc;high cld lay;mid cld lay;low cld lay;sfc;sfc;10 m above gnd;10 m above gnd;80 m above gnd;80 m above gnd;900 mb;900 mb;sfc
NAME;;;;;Temperature;Relative Humidity;Mean Sea Level Pressure;Total Precipitation;Snowfall amount raw;Total Cloud Cover;High Cloud Cover;Medium Cloud Cover;Low Cloud Cover;Sunshine Duration;Shortwave Radiation;Wind Speed;Wind Direction;Wind Speed;Wind Direction;Wind Speed;Wind Direction;Wind Gust
UNIT;;;;;째C;%;hPa;mm;cm;%;%;%;%;min;W/m2;km/h;째;km/h;째;km/h;째;km/h
AGGREGATION;;;;;;;;;;;;;;;;;;;;;;
UTC_OFFSET;;;;;2;2;2;2;2;2;2;2;2;2;2;2;2;2;2;2;2;2

Year;Month;Day;Hour;Minute;Temperature  [2 m above gnd];Relative Humidity  [2 m above gnd];Mean Sea Level Pressure  [MSL];Total Precipitation  [sfc];Snowfall amount raw  [sfc];Total Cloud Cover  [sfc];High Cloud Cover  [high cld lay];Medium Cloud Cover  [mid cld lay];Low Cloud Cover  [low cld lay];Sunshine Duration  [sfc];Shortwave Radiation  [sfc];Wind Speed  [10 m above gnd];Wind Direction  [10 m above gnd];Wind Speed  [80 m above gnd];Wind Direction  [80 m above gnd];Wind Speed  [900 mb];Wind Direction  [900 mb];Wind Gust  [sfc]
2018;08;02;00;00;12.62;91.00;1021.80;0.00;0.00;33.00;0.00;0.00;33.00;0.00;0.00;4.83;116.57;7.39;136.97;5.45;82.41;4.32
2018;08;02;01;00;11.99;94.00;1021.70;0.00;0.00;34.00;0.00;0.00;34.00;0.00;0.00;6.19;125.54;10.01;142.31;8.31;94.97;6.48
2018;08;02;02;00;11.39;96.00;1021.80;0.00;0.00;51.00;0.00;0.00;51.00;0.00;0.00;7.39;136.97;13.28;147.17;11.66;98.88;10.80
2018;08;02;03;00;11.08;97.00;1021.90;0.00;0.00;46.00;0.00;0.00;46.00;0.00;0.00;8.79;145.01;16.42;154.00;13.56;100.71;13.68
2018;08;02;04;00;11.19;96.00;1021.40;0.00;0.00;17.00;0.00;0.00;17.00;0.00;0.00;9.34;152.45;18.72;157.38;13.56;100.71;11.88
2018;08;02;05;00;10.98;97.00;1021.00;0.00;0.00;11.00;0.00;0.00;11.00;0.00;0.00;9.34;152.45;19.01;155.38;11.72;100.62;12.24
2018;08;02;06;00;10.70;96.00;1021.20;0.00;0.00;20.00;0.00;0.00;20.00;0.00;0.00;9.09;146.31;18.19;152.93;9.39;94.40;14.04
2018;08;02;07;00;10.56;95.00;1021.40;0.00;0.00;24.00;0.00;0.00;24.00;0.00;0.00;8.44;140.19;16.58;152.88;7.93;87.40;13.32
2018;08;02;08;00;10.44;96.00;1021.60;0.00;0.00;27.00;0.00;0.00;27.00;16.53;4.45;7.90;136.85;15.62;154.03;7.59;84.56;10.08
2018;08;02;09;00;11.73;89.00;1021.90;0.00;0.00;4.00;0.00;0.00;4.00;57.45;127.27;8.15;135.00;14.49;153.43;8.71;82.87;9.36
2018;08;02;10;00;14.09;78.00;1022.10;0.00;0.00;0.00;0.00;0.00;0.00;60.00;297.26;8.21;142.13;12.72;154.89;10.59;80.22;8.28
2018;08;02;11;00;15.93;69.00;1022.00;0.00;0.00;0.00;0.00;0.00;0.00;60.00;439.66;8.71;150.26;11.75;152.65;11.79;77.66;8.64
2018;08;02;12;00;17.44;61.00;1021.70;0.00;0.00;0.00;0.00;0.00;0.00;60.00;537.56;8.43;160.02;9.83;151.56;12.64;70.02;9.00
2018;08;02;13;00;18.56;56.00;1021.20;0.00;0.00;0.00;0.00;0.00;0.00;60.00;586.51;8.23;156.80;8.71;141.71;12.72;64.89;8.64
2018;08;02;14;00;20.06;47.00;1021.00;0.00;0.00;0.00;0.00;0.00;0.00;60.00;585.62;9.90;160.91;8.37;154.54;10.24;79.88;12.60
2018;08;02;15;00;20.17;47.00;1020.70;0.00;0.00;10.00;0.00;0.00;10.00;53.62;501.96;13.05;155.56;12.98;146.31;9.96;102.53;14.76
2018;08;02;16;00;19.44;54.00;1020.70;0.00;0.00;10.00;0.00;0.00;10.00;53.62;388.04;18.53;155.92;21.43;150.85;12.64;109.98;19.80
2018;08;02;17;00;17.82;64.00;1020.50;0.00;0.00;0.00;0.00;0.00;0.00;60.00;250.98;23.19;154.23;30.27;153.13;15.38;106.31;24.12
2018;08;02;18;00;16.29;72.00;1020.50;0.00;0.00;0.00;0.00;0.00;0.00;8.33;94.34;25.14;150.87;35.81;149.83;19.21;102.99;25.20
2018;08;02;19;00;15.51;75.00;1020.90;0.00;0.00;0.00;0.00;0.00;0.00;0.00;0.00;26.07;144.55;38.38;143.78;25.85;102.87;35.28
2018;08;02;20;00;15.29;74.00;1021.20;0.00;0.00;0.00;0.00;0.00;0.00;0.00;0.00;24.44;136.19;35.89;134.59;25.07;105.83;32.04
2018;08;02;21;00;14.78;75.00;1021.20;0.00;0.00;0.00;0.00;0.00;0.00;0.00;0.00;20.36;135.00;31.83;136.37;22.45;105.82;35.28
2018;08;02;22;00;14.07;74.00;1021.50;0.00;0.00;0.00;0.00;0.00;0.00;0.00;0.00;19.35;135.00;30.29;134.52;20.28;106.50;27.36
2018;08;02;23;00;13.44;75.00;1021.70;0.00;0.00;0.00;0.00;0.00;0.00;0.00;0.00;18.84;135.00;29.57;137.96;19.48;106.09;18.00
2018;08;03;00;00;12.92;79.00;1021.50;0.00;0.00;0.00;0.00;0.00;0.00;0.00;0.00;16.04;135.91;28.31;138.61;20.12;100.30;30.60
2018;08;03;01;00;12.44;81.00;1021.40;0.00;0.00;0.00;0.00;0.00;0.00;0.00;0.00;14.84;140.91;29.36;139.47;21.65;93.81;24.12
2018;08;03;02;00;12.03;82.00;1021.20;0.00;0.00;0.00;0.00;0.00;0.00;0.00;0.00;15.70;143.39;31.94;140.03;21.29;86.12;25.20
2018;08;03;03;00;11.88;79.00;1020.60;0.00;0.00;0.00;0.00;0.00;0.00;0.00;0.00;16.14;141.34;32.59;135.90;20.62;77.91;33.48
2018;08;03;04;00;11.50;79.00;1020.10;0.00;0.00;0.00;0.00;0.00;0.00;0.00;0.00;15.70;143.39;30.93;140.19;21.31;74.32;25.20
2018;08;03;05;00;11.28;80.00;1019.90;0.00;0.00;0.00;0.00;0.00;0.00;0.00;0.00;15.99;144.16;32.27;141.34;23.91;71.57;25.56
2018;08;03;06;00;11.15;80.00;1019.30;0.00;0.00;0.00;0.00;0.00;0.00;0.00;0.00;16.28;144.90;32.18;139.54;27.10;73.01;27.00
2018;08;03;07;00;10.97;82.00;1019.20;0.00;0.00;0.00;0.00;0.00;0.00;0.00;0.00;16.08;145.95;31.49;141.03;29.94;71.78;21.96
2018;08;03;08;00;10.94;82.00;1019.50;0.00;0.00;0.00;0.00;0.00;0.00;24.03;5.34;16.70;142.88;32.22;140.44;32.29;67.72;21.24
2018;08;03;09;00;12.88;72.00;1019.30;0.00;0.00;0.00;0.00;0.00;0.00;60.00;130.83;17.85;138.27;30.34;138.37;34.05;70.22;23.76
2018;08;03;10;00;15.31;60.00;1018.90;0.00;0.00;0.00;0.00;0.00;0.00;60.00;303.49;20.19;129.94;29.53;134.01;39.62;70.91;22.32
2018;08;03;11;00;17.30;53.00;1018.80;0.00;0.00;0.00;0.00;0.00;0.00;60.00;446.78;23.47;122.47;32.15;124.05;41.56;72.35;24.12
2018;08;03;12;00;18.91;48.00;1018.10;0.00;0.00;0.00;0.00;0.00;0.00;60.00;546.46;26.73;117.26;33.33;117.67;45.13;68.96;29.16
2018;08;03;13;00;20.19;42.00;1016.80;0.00;0.00;0.00;0.00;0.00;0.00;60.00;596.30;28.28;111.67;34.17;110.34;46.00;67.45;29.16
2018;08;03;14;00;20.89;43.00;1017.20;0.00;0.00;0.00;0.00;0.00;0.00;60.00;588.29;27.56;109.86;32.79;109.23;39.97;72.71;28.80
2018;08;03;15;00;21.18;44.00;1016.70;0.00;0.00;0.00;0.00;0.00;0.00;60.00;527.77;27.44;109.15;32.90;107.84;38.00;80.18;29.16
2018;08;03;16;00;21.12;44.00;1016.10;0.00;0.00;0.00;0.00;0.00;0.00;60.00;417.41;27.90;107.27;34.42;105.78;40.48;84.90;27.36
2018;08;03;17;00;20.23;47.00;1015.60;0.00;0.00;0.00;0.00;0.00;0.00;60.00;267.89;27.68;110.56;36.32;109.69;42.58;86.12;27.00
2018;08;03;18;00;18.54;54.00;1015.60;0.00;0.00;0.00;0.00;0.00;0.00;9.02;97.01;28.02;115.91;39.63;114.70;39.12;79.93;25.92
2018;08;03;19;00;16.85;60.00;1015.60;0.00;0.00;0.00;0.00;0.00;0.00;0.00;0.00;27.29;120.96;39.03;119.88;29.83;72.44;25.20
2018;08;03;20;00;15.58;65.00;1015.20;0.00;0.00;0.00;0.00;0.00;0.00;0.00;0.00;24.85;128.53;35.08;128.75;19.16;84.61;22.32
2018;08;03;21;00;14.80;68.00;1015.00;0.00;0.00;0.00;0.00;0.00;0.00;0.00;0.00;22.45;131.10;33.35;134.56;11.44;102.72;20.16
2018;08;03;22;00;14.25;69.00;1014.70;0.00;0.00;0.00;0.00;0.00;0.00;0.00;0.00;20.11;134.27;32.14;138.63;5.12;129.29;17.28
2018;08;03;23;00;13.67;72.00;1014.40;0.00;0.00;0.00;0.00;0.00;0.00;0.00;0.00;18.44;141.34;31.18;143.92;3.96;180.00;15.12
2018;08;04;00;00;13.31;75.00;1014.20;0.00;0.00;100.00;0.00;100.00;0.00;0.00;0.00;17.17;146.98;31.86;147.93;4.58;225.00;13.32
2018;08;04;01;00;13.56;76.00;1014.70;0.00;0.00;100.00;0.00;100.00;100.00;0.00;0.00;7.99;125.84;19.08;144.21;18.68;332.45;7.20
2018;08;04;02;00;13.48;79.00;1014.90;0.00;0.00;100.00;0.00;100.00;100.00;0.00;0.00;5.77;86.42;10.83;111.45;26.34;21.66;14.04
2018;08;04;03;00;13.43;77.00;1015.40;0.00;0.00;100.00;0.00;100.00;100.00;0.00;0.00;11.92;28.89;19.52;22.78;31.91;23.96;18.72
2018;08;04;04;00;12.72;85.00;1015.80;0.00;0.00;100.00;0.00;100.00;100.00;0.00;0.00;17.32;20.70;21.07;19.98;33.97;15.36;24.48
2018;08;04;05;00;12.73;84.00;1015.60;0.00;0.00;100.00;0.00;100.00;100.00;0.00;0.00;14.34;28.50;17.25;23.36;32.91;30.21;25.56
2018;08;04;06;00;12.86;81.00;1015.60;0.00;0.00;100.00;0.00;100.00;100.00;0.00;0.00;14.77;43.03;18.67;39.52;16.87;50.19;22.32
2018;08;04;07;00;12.77;79.00;1016.00;0.00;0.00;100.00;0.00;100.00;42.00;0.00;0.00;18.16;50.63;23.20;48.14;18.58;81.09;23.76
2018;08;04;08;00;12.83;78.00;1016.50;0.00;0.00;100.00;0.00;100.00;100.00;0.00;4.45;15.82;41.31;17.38;39.96;19.81;70.91;14.40
2018;08;04;09;00;13.71;73.00;1016.60;0.00;0.00;100.00;0.00;100.00;100.00;0.00;107.69;15.14;28.39;14.83;29.05;22.60;59.35;15.84
2018;08;04;10;00;14.60;71.00;1017.30;0.00;0.00;100.00;0.00;100.00;100.00;0.00;232.29;17.31;16.93;17.46;14.32;28.26;44.48;20.52
2018;08;04;11;00;15.14;70.00;1017.70;0.00;0.00;100.00;0.00;100.00;10.00;0.00;262.55;17.16;9.66;17.37;5.95;28.22;29.84;20.88
2018;08;04;12;00;16.33;66.00;1017.50;0.00;0.00;89.00;0.00;89.00;10.00;3.19;485.94;16.95;3.65;18.00;360.00;29.48;28.44;16.20
2018;08;04;13;00;16.90;64.00;1017.10;0.00;0.00;100.00;0.00;28.00;100.00;0.00;553.58;15.84;360.00;17.28;358.81;30.11;26.26;20.16
2018;08;04;14;00;16.69;69.00;1017.00;0.00;0.00;100.00;0.00;100.00;38.00;0.00;171.77;14.80;355.82;16.75;351.35;26.65;1.55;18.72
2018;08;04;15;00;16.52;70.00;1016.90;0.00;0.00;100.00;0.00;100.00;44.00;0.00;121.93;13.40;353.83;15.68;350.75;24.84;360.00;12.96
2018;08;04;16;00;16.75;68.00;1016.80;0.00;0.00;100.00;0.00;100.00;57.00;0.00;116.59;13.00;355.24;16.30;353.66;23.41;1.76;17.64
2018;08;04;17;00;16.71;67.00;1016.90;0.00;0.00;66.00;0.00;46.00;66.00;17.87;109.47;12.65;355.10;16.34;352.41;21.25;1.94;16.92
2018;08;04;18;00;16.41;68.00;1016.80;0.00;0.00;69.00;0.00;28.00;69.00;2.58;48.06;11.17;358.15;15.52;356.01;21.35;5.81;16.20
2018;08;04;19;00;16.11;70.00;1017.20;0.00;0.00;54.00;0.00;0.00;54.00;0.00;0.00;10.09;2.05;15.84;360.00;22.73;10.95;15.84
2018;08;04;20;00;15.62;73.00;1017.80;0.00;0.00;100.00;0.00;0.00;100.00;0.00;0.00;12.02;8.62;16.58;2.49;23.14;15.33;16.56
2018;08;04;21;00;14.96;78.00;1017.90;0.00;0.00;100.00;0.00;0.00;100.00;0.00;0.00;13.01;14.42;16.87;11.07;23.44;10.62;16.56
2018;08;04;22;00;14.42;81.00;1018.10;0.00;0.00;100.00;0.00;0.00;100.00;0.00;0.00;12.10;22.75;14.69;17.10;24.14;357.44;15.12
2018;08;04;23;00;14.40;83.00;1018.30;0.00;0.00;100.00;0.00;0.00;100.00;0.00;0.00;11.44;24.15;14.58;20.22;25.93;358.41;19.08
2018;08;05;00;00;14.30;86.00;1018.40;0.00;0.00;100.00;0.00;0.00;100.00;0.00;0.00;12.86;17.93;16.28;18.03;26.64;359.23;15.48
2018;08;05;01;00;13.97;91.00;1018.30;0.10;0.00;100.00;0.00;0.00;100.00;0.00;0.00;15.19;5.44;17.70;4.67;25.50;341.05;19.08
2018;08;05;02;00;13.63;94.00;1018.50;0.10;0.00;100.00;0.00;0.00;100.00;0.00;0.00;17.77;353.02;21.25;349.26;24.63;333.06;19.80
2018;08;05;03;00;13.10;95.00;1018.70;0.10;0.00;100.00;0.00;0.00;100.00;0.00;0.00;19.00;350.18;24.57;349.02;26.50;323.29;22.68
2018;08;05;04;00;12.71;95.00;1018.60;0.10;0.00;100.00;0.00;0.00;100.00;0.00;0.00;19.11;356.76;24.19;355.73;28.55;318.07;23.76
2018;08;05;05;00;12.34;95.00;1018.40;0.10;0.00;100.00;0.00;0.00;100.00;0.00;0.00;19.08;360.00;24.14;357.44;32.22;320.44;23.76
2018;08;05;06;00;12.29;95.00;1018.50;0.10;0.00;100.00;0.00;0.00;100.00;0.00;0.00;20.16;360.00;25.21;358.36;33.91;322.77;25.20
2018;08;05;07;00;12.32;95.00;1018.80;0.00;0.00;100.00;0.00;0.00;100.00;0.00;0.00;21.99;357.18;27.48;354.74;37.23;322.47;27.72
2018;08;05;08;00;12.35;95.00;1019.00;0.00;0.00;100.00;0.00;0.00;100.00;0.00;1.78;23.50;354.73;28.94;354.29;40.71;321.10;31.32
2018;08;05;09;00;12.59;93.00;1019.30;0.00;0.00;100.00;0.00;0.00;100.00;0.00;53.40;25.81;351.98;30.55;351.87;44.48;320.25;34.20
2018;08;05;10;00;12.76;90.00;1019.50;0.00;0.00;100.00;0.00;0.00;100.00;0.00;87.22;28.47;346.84;31.70;344.86;45.36;317.57;35.64
2018;08;05;11;00;13.06;87.00;1019.90;0.00;0.00;100.00;0.00;0.00;100.00;0.00;122.82;30.42;339.21;35.31;336.57;43.86;311.67;36.36
2018;08;05;12;00;13.50;83.00;1020.00;0.00;0.00;100.00;0.00;0.00;100.00;0.00;154.86;29.65;330.95;36.12;330.11;41.98;306.28;34.20
2018;08;05;13;00;13.97;83.00;1019.60;0.80;0.00;100.00;0.00;0.00;100.00;0.00;166.43;26.83;319.90;34.13;322.28;36.89;298.57;27.72
2018;08;05;14;00;14.34;78.00;1020.00;0.00;0.00;100.00;0.00;0.00;100.00;0.00;166.43;20.46;298.37;23.77;302.01;22.32;270.00;19.80
2018;08;05;15;00;14.41;76.00;1020.10;0.00;0.00;10.00;0.00;0.00;10.00;53.62;169.10;18.21;288.43;20.52;291.61;24.39;261.51;18.36
2018;08;05;16;00;14.93;69.00;1020.10;0.00;0.00;10.00;0.00;0.00;10.00;53.62;260.77;19.01;294.62;21.25;296.13;27.72;270.00;22.32
2018;08;05;17;00;14.71;68.00;1020.10;0.00;0.00;10.00;0.00;0.00;10.00;53.62;256.32;21.27;303.96;25.07;305.06;30.36;280.24;25.20
2018;08;05;18;00;14.38;70.00;1020.20;0.00;0.00;15.00;0.00;0.00;15.00;8.75;42.72;22.04;308.37;28.95;308.44;32.62;292.04;26.28
2018;08;05;19;00;14.17;71.00;1020.40;0.00;0.00;15.00;0.00;0.00;15.00;0.00;0.00;23.69;313.15;30.83;312.63;34.34;299.52;28.44
2018;08;05;20;00;13.99;72.00;1020.40;0.00;0.00;84.00;0.00;0.00;84.00;0.00;0.00;24.70;316.77;33.35;314.56;35.01;300.26;30.96
2018;08;05;21;00;13.77;74.00;1020.30;0.00;0.00;100.00;0.00;0.00;100.00;0.00;0.00;25.58;320.71;33.93;318.87;35.81;300.17;31.32
2018;08;05;22;00;13.60;75.00;1020.30;0.00;0.00;18.00;0.00;0.00;18.00;0.00;0.00;25.49;323.62;34.30;320.96;37.85;302.18;31.68
2018;08;05;23;00;13.17;76.00;1020.20;0.00;0.00;10.00;0.00;0.00;10.00;0.00;0.00;24.16;326.55;34.64;322.18;39.27;301.50;32.40
2018;08;06;00;00;13.03;77.00;1020.20;0.00;0.00;10.00;0.00;0.00;10.00;0.00;0.00;23.77;327.99;33.99;323.62;42.94;303.02;33.48
2018;08;06;01;00;12.87;78.00;1020.10;0.00;0.00;10.00;1.00;0.00;10.00;0.00;0.00;23.09;329.04;32.85;325.27;46.33;304.55;34.92
2018;08;06;02;00;13.06;78.00;1019.90;0.00;0.00;24.00;20.00;0.00;24.00;0.00;0.00;25.01;329.74;32.55;327.19;47.93;304.29;35.64
2018;08;06;03;00;13.07;78.00;1019.50;0.00;0.00;20.00;23.00;0.00;20.00;0.00;0.00;26.61;329.97;35.05;326.31;48.73;304.16;37.44
2018;08;06;04;00;13.07;77.00;1018.70;0.00;0.00;67.00;29.00;0.00;67.00;0.00;0.00;27.73;330.44;36.45;327.09;48.73;304.16;37.44
2018;08;06;05;00;12.97;78.00;1017.70;0.00;0.00;100.00;100.00;33.00;100.00;0.00;0.00;27.21;334.11;36.09;331.39;48.04;305.24;37.44
2018;08;06;06;00;12.96;80.00;1017.30;0.00;0.00;100.00;100.00;100.00;100.00;0.00;0.00;26.81;337.91;34.15;335.06;48.46;305.93;37.80
2018;08;06;07;00;12.72;83.00;1017.00;0.00;0.00;100.00;100.00;100.00;100.00;0.00;0.00;27.45;343.23;33.70;341.95;50.47;306.30;38.16
2018;08;06;08;00;12.51;86.00;1016.80;0.00;0.00;100.00;100.00;100.00;100.00;0.00;5.34;28.47;346.84;33.79;345.82;54.15;307.71;40.32
2018;08;06;09;00;12.67;86.00;1017.00;0.00;0.00;100.00;0.00;47.00;100.00;0.00;75.65;31.90;343.61;37.23;341.39;57.91;308.44;42.12
2018;08;06;10;00;13.08;85.00;1016.90;0.70;0.00;100.00;0.00;14.00;100.00;0.00;99.68;35.03;337.65;42.04;335.19;61.79;308.14;45.00
2018;08;06;11;00;13.37;84.00;1016.60;1.30;0.00;100.00;0.00;0.00;100.00;0.00;127.27;37.38;331.21;46.13;330.03;64.86;310.50;46.80
2018;08;06;12;00;13.58;84.00;1016.30;1.60;0.00;100.00;0.00;0.00;100.00;0.00;139.73;37.96;324.65;48.17;323.82;68.51;313.08;46.44
2018;08;06;13;00;13.40;91.00;1015.90;3.20;0.00;100.00;0.00;3.00;100.00;0.00;100.57;36.15;314.19;48.63;315.90;68.07;311.78;42.12
2018;08;06;14;00;13.51;88.00;1014.50;1.70;0.00;100.00;0.00;0.00;100.00;0.00;109.47;38.70;315.75;50.43;316.74;69.19;306.75;46.44
2018;08;06;15;00;13.52;92.00;1014.50;3.00;0.00;100.00;0.00;100.00;100.00;0.00;72.09;33.85;302.85;44.03;304.34;55.97;293.10;38.52
2018;08;06;16;00;13.51;84.00;1015.20;1.80;0.00;100.00;0.00;0.00;100.00;0.00;86.33;26.34;273.92;30.74;275.38;38.85;262.55;30.24
2018;08;06;17;00;13.24;76.00;1015.60;0.70;0.00;100.00;0.00;0.00;100.00;0.00;97.90;26.28;256.53;29.95;256.80;46.18;261.93;39.24
2018;08;06;18;00;12.39;80.00;1015.90;0.90;0.00;100.00;0.00;2.00;100.00;0.00;35.60;27.68;257.23;33.39;258.81;46.18;259.22;42.84
2018;08;06;19;00;12.01;79.00;1016.80;0.70;0.00;100.00;0.00;0.00;100.00;0.00;0.00;26.24;243.08;30.46;241.01;43.26;247.49;45.36
2018;08;06;20;00;11.51;75.00;1017.50;0.10;0.00;100.00;0.00;0.00;100.00;0.00;0.00;23.78;219.47;24.91;217.37;37.01;217.09;49.68
2018;08;06;21;00;10.97;72.00;1018.40;0.40;0.00;100.00;0.00;0.00;100.00;0.00;0.00;23.74;229.30;24.27;234.66;39.55;235.01;45.36
2018;08;06;22;00;10.56;71.00;1019.10;0.20;0.00;100.00;0.00;0.00;100.00;0.00;0.00;21.31;232.55;20.38;234.34;37.73;232.36;30.96
2018;08;06;23;00;10.13;69.00;1020.00;0.30;0.00;100.00;0.00;0.00;100.00;0.00;0.00;21.92;227.66;22.18;228.29;34.95;228.76;33.12
2018;08;07;00;00;9.72;66.00;1020.70;0.00;0.00;100.00;0.00;0.00;100.00;0.00;0.00;21.03;231.95;20.47;235.75;36.79;233.35;28.44
2018;08;07;01;00;9.48;66.00;1021.10;0.00;0.00;10.00;0.00;0.00;10.00;0.00;0.00;19.59;233.97;18.78;237.53;34.99;233.37;26.64
2018;08;07;02;00;8.95;69.00;1021.80;0.00;0.00;10.00;0.00;0.00;10.00;0.00;0.00;19.47;236.31;22.78;238.57;34.70;233.01;28.44
2018;08;07;03;00;9.27;70.00;1022.10;0.00;0.00;100.00;0.00;0.00;100.00;0.00;0.00;20.12;243.43;24.80;244.18;36.16;234.73;28.08
2018;08;07;04;00;9.57;70.00;1022.10;0.00;0.00;100.00;0.00;0.00;100.00;0.00;0.00;20.52;248.39;24.82;250.51;38.09;239.31;29.52
2018;08;07;05;00;10.03;68.00;1022.30;0.00;0.00;100.00;0.00;10.00;100.00;0.00;0.00;20.52;248.39;24.02;250.75;38.77;238.67;27.00
2018;08;07;06;00;10.40;66.00;1022.50;0.00;0.00;100.00;0.00;10.00;100.00;0.00;0.00;18.71;239.98;20.46;241.63;36.79;233.35;27.36
2018;08;07;07;00;10.60;66.00;1023.40;0.00;0.00;95.00;0.00;0.00;95.00;0.00;0.00;16.87;230.19;17.21;232.65;34.11;225.86;24.12
2018;08;07;08;00;10.82;65.00;1024.20;0.00;0.00;100.00;0.00;0.00;100.00;0.00;2.67;15.78;225.00;16.32;228.58;32.68;220.53;22.68
2018;08;07;09;00;11.22;64.00;1024.90;0.10;0.00;75.00;0.00;0.00;75.00;12.13;44.50;16.99;216.38;16.92;218.09;29.35;213.50;24.12
2018;08;07;10;00;11.67;62.00;1025.90;0.40;0.00;83.00;0.00;0.00;83.00;7.02;103.24;16.61;209.90;15.58;213.69;26.58;208.30;22.32
2018;08;07;11;00;12.06;61.00;1026.70;0.40;0.00;100.00;0.00;0.00;100.00;0.00;156.64;15.65;203.03;14.81;205.94;24.48;199.77;20.52
2018;08;07;12;00;12.22;60.00;1027.30;0.40;0.00;100.00;0.00;0.00;100.00;0.00;163.76;14.24;196.14;12.41;196.86;22.18;193.13;19.44
2018;08;07;13;00;12.39;60.00;1027.40;0.40;0.00;100.00;0.00;0.00;100.00;0.00;186.01;13.56;190.71;10.66;191.69;19.71;189.46;18.36
2018;08;07;14;00;12.86;59.00;1027.20;0.40;0.00;100.00;0.00;0.00;100.00;0.00;201.14;14.33;191.59;11.72;190.62;19.25;187.52;19.80
2018;08;07;15;00;12.76;60.00;1027.60;0.40;0.00;100.00;0.00;0.00;100.00;0.00;182.45;14.44;184.29;11.88;180.00;18.73;182.20;18.36
2018;08;07;16;00;12.47;61.00;1027.80;0.40;0.00;81.00;0.00;0.00;81.00;8.30;147.74;14.76;178.60;13.08;172.09;18.00;178.85;18.72
2018;08;07;17;00;11.99;63.00;1028.30;0.20;0.00;75.00;0.00;0.00;75.00;12.13;94.34;15.19;174.56;14.41;167.01;17.64;178.83;18.00
2018;08;07;18;00;11.48;66.00;1028.60;0.10;0.00;66.00;0.00;0.00;66.00;3.52;37.38;14.21;171.25;14.76;167.32;17.28;180.00;15.12
2018;08;07;19;00;11.10;68.00;1029.00;0.00;0.00;33.00;0.00;0.00;33.00;0.00;0.00;12.85;168.69;14.06;166.68;17.28;180.00;14.40
2018;08;07;20;00;10.89;69.00;1029.50;0.00;0.00;100.00;0.00;0.00;100.00;0.00;0.00;11.62;163.81;13.45;164.48;16.94;177.56;12.60
2018;08;07;21;00;10.78;70.00;1029.60;0.00;0.00;56.00;0.00;0.00;56.00;0.00;0.00;10.37;159.68;12.18;161.03;16.30;173.66;12.24
2018;08;07;22;00;10.69;71.00;1029.70;0.00;0.00;47.00;0.00;0.00;47.00;0.00;0.00;8.89;158.63;11.04;160.97;15.63;172.06;10.08
2018;08;07;23;00;10.62;71.00;1029.90;0.00;0.00;47.00;0.00;0.00;47.00;0.00;0.00;8.09;159.15;10.14;163.50;15.58;173.37;9.72
2018;08;08;00;00;10.50;73.00;1030.10;0.00;0.00;100.00;0.00;0.00;100.00;0.00;0.00;7.75;158.20;9.69;164.93;16.30;173.66;9.00
2018;08;08;01;00;10.48;73.00;1030.00;0.00;0.00;100.00;0.00;0.00;100.00;0.00;0.00;8.09;159.15;9.96;167.47;17.73;174.17;9.36
2018;08;08;02;00;10.44;73.00;1029.80;0.00;0.00;100.00;0.00;0.00;100.00;0.00;0.00;8.23;156.80;10.74;166.43;19.56;173.66;9.36
2018;08;08;03;00;10.01;76.00;1029.90;0.00;0.00;100.00;0.00;0.00;100.00;0.00;0.00;7.20;143.13;10.31;155.22;20.60;174.99;8.28
2018;08;08;04;00;9.88;78.00;1029.60;0.00;0.00;100.00;0.00;0.00;100.00;0.00;0.00;7.15;130.91;9.79;143.97;21.27;177.09;8.64
2018;08;08;05;00;9.77;79.00;1029.40;0.00;0.00;100.00;0.00;0.00;100.00;0.00;0.00;6.30;120.96;9.96;139.40;20.99;174.09;8.28
2018;08;08;06;00;9.73;79.00;1029.60;0.00;0.00;100.00;0.00;0.00;100.00;0.00;0.00;5.96;115.02;9.50;142.70;21.61;169.44;8.28
2018;08;08;07;00;9.68;79.00;1029.80;0.00;0.00;100.00;0.00;0.00;100.00;0.00;0.00;5.32;118.30;9.00;143.13;21.83;166.65;7.92
2018;08;08;08;00;9.74;80.00;1030.10;0.00;0.00;100.00;0.00;0.00;100.00;0.00;6.23;5.80;119.74;8.94;139.90;22.35;165.07;8.64
2018;08;08;09;00;11.25;73.00;1030.10;0.00;0.00;100.00;0.00;0.00;100.00;0.00;108.58;5.90;127.57;8.67;138.37;22.90;163.56;10.44
2018;08;08;10;00;12.12;62.00;1030.20;0.00;0.00;10.00;0.00;0.00;10.00;53.62;229.62;12.78;147.65;13.09;148.50;23.68;160.46;15.12
2018;08;08;11;00;13.15;59.00;1030.10;0.00;0.00;10.00;0.00;0.00;10.00;53.62;367.57;16.12;150.57;16.38;146.66;24.68;156.80;18.72
2018;08;08;12;00;13.71;57.00;1029.70;0.00;0.00;10.00;0.00;0.00;10.00;53.62;527.77;17.87;152.40;17.78;148.24;24.48;151.93;18.72
2018;08;08;13;00;13.96;56.00;1029.30;0.00;0.00;10.00;0.00;0.00;10.00;53.62;402.28;19.34;155.82;19.65;151.56;25.07;147.91;19.80
2018;08;08;14;00;14.98;54.00;1028.20;0.00;0.00;10.00;0.00;0.00;10.00;53.62;567.82;24.40;158.36;25.92;154.50;25.36;145.41;23.40
2018;08;08;15;00;14.75;55.00;1027.80;0.00;0.00;10.00;0.00;0.00;10.00;53.62;510.86;26.81;157.91;29.14;154.38;27.10;140.39;25.20
2018;08;08;16;00;14.30;58.00;1027.80;0.00;0.00;10.00;0.00;0.00;10.00;53.62;410.29;28.55;156.99;32.21;154.87;28.78;136.52;27.00
2018;08;08;17;00;13.57;62.00;1027.70;0.00;0.00;0.00;0.00;0.00;0.00;60.00;280.35;29.32;155.32;34.78;152.90;31.32;133.60;28.80
2018;08;08;18;00;12.54;68.00;1027.70;0.00;0.00;0.00;0.00;0.00;0.00;12.51;109.47;28.02;152.45;36.09;151.39;31.63;131.31;30.24
2018;08;08;19;00;11.73;72.00;1027.80;0.00;0.00;0.00;0.00;0.00;0.00;0.00;0.89;26.30;149.57;36.18;148.84;32.60;133.21;29.52
2018;08;08;20;00;11.32;75.00;1028.10;0.00;0.00;0.00;0.00;0.00;0.00;0.00;0.00;25.46;146.53;35.55;146.15;35.64;134.18;29.52
2018;08;08;21;00;10.98;77.00;1028.20;0.00;0.00;0.00;0.00;0.00;0.00;0.00;0.00;24.86;145.62;35.45;145.34;38.75;131.99;29.88
2018;08;08;22;00;10.70;78.00;1027.90;0.00;0.00;0.00;0.00;0.00;0.00;0.00;0.00;24.57;145.15;35.28;143.71;38.75;131.99;28.80
2018;08;08;23;00;10.45;78.00;1027.90;0.00;0.00;0.00;0.00;0.00;0.00;0.00;0.00;24.19;143.47;34.92;142.54;39.87;129.87;30.24
2018;08;09;00;00;10.21;77.00;1027.90;0.00;0.00;0.00;0.00;0.00;0.00;0.00;0.00;22.90;143.31;34.58;141.34;39.31;127.18;29.88
2018;08;09;01;00;9.98;76.00;1027.60;0.00;0.00;0.00;0.00;0.00;0.00;0.00;0.00;21.82;142.37;34.30;140.96;38.34;124.29;29.52
2018;08;09;02;00;9.69;77.00;1027.20;0.00;0.00;0.00;0.00;0.00;0.00;0.00;0.00;21.60;143.13;33.34;142.02;36.18;121.16;28.80
2018;08;09;03;00;9.45;77.00;1027.10;0.00;0.00;0.00;0.00;0.00;0.00;0.00;0.00;21.31;142.55;32.84;142.13;32.87;118.81;28.44
2018;08;09;04;00;9.17;79.00;1026.90;0.00;0.00;0.00;0.00;0.00;0.00;0.00;0.00;20.81;142.73;32.62;142.62;30.63;119.58;28.44
2018;08;09;05;00;8.86;80.00;1026.20;0.00;0.00;0.00;0.00;0.00;0.00;0.00;0.00;20.59;143.53;32.48;144.02;30.01;120.26;28.44
2018;08;09;06;00;8.69;80.00;1026.00;0.00;0.00;0.00;0.00;0.00;0.00;0.00;0.00;19.80;143.13;32.62;142.62;30.81;120.16;27.72
2018;08;09;07;00;8.58;80.00;1026.10;0.00;0.00;0.00;0.00;0.00;0.00;0.00;0.00;19.23;141.84;32.62;142.62;31.61;120.07;27.72
2018;08;09;08;00;8.73;79.00;1026.10;0.00;0.00;0.00;0.00;0.00;0.00;29.54;9.79;19.96;140.86;32.11;142.74;32.55;119.12;28.44
2018;08;09;09;00;10.21;72.00;1026.00;0.00;0.00;0.00;0.00;0.00;0.00;60.00;152.19;21.71;139.71;30.25;141.77;33.36;119.05;34.56
2018;08;09;10;00;11.67;63.00;1026.00;0.00;0.00;0.00;0.00;0.00;0.00;60.00;327.52;25.21;136.74;31.07;136.88;34.30;115.49;29.88
2018;08;09;11;00;12.91;58.00;1026.00;0.00;0.00;0.00;0.00;0.00;0.00;60.00;472.59;25.98;137.25;30.83;137.37;34.03;113.04;32.04
2018;08;09;12;00;13.85;56.00;1025.50;0.00;0.00;0.00;0.00;0.00;0.00;60.00;573.16;27.00;143.13;31.54;141.95;33.03;110.41;30.96
2018;08;09;13;00;14.33;56.00;1024.60;0.00;0.00;0.00;0.00;0.00;0.00;60.00;622.11;29.35;146.50;34.57;144.32;31.35;111.56;32.04
2018;08;09;14;00;16.23;52.00;1023.80;0.00;0.00;0.00;0.00;0.00;0.00;60.00;615.88;28.12;140.19;33.62;136.74;34.62;115.23;30.60
2018;08;09;15;00;15.79;56.00;1023.70;0.00;0.00;10.00;0.00;0.00;10.00;53.62;526.88;30.95;146.86;36.75;145.38;37.06;119.05;32.04
2018;08;09;16;00;15.16;59.00;1023.70;0.00;0.00;10.00;0.00;0.00;10.00;53.62;413.85;32.91;149.79;39.58;148.77;38.59;120.87;35.28
2018;08;09;17;00;14.39;62.00;1023.60;0.00;0.00;0.00;0.00;0.00;0.00;60.00;282.13;33.22;150.10;41.18;148.95;40.04;123.26;35.64
2018;08;09;18;00;13.38;67.00;1023.90;0.00;0.00;0.00;0.00;0.00;0.00;13.22;113.03;31.61;149.93;41.67;148.78;42.04;123.83;37.08
2018;08;09;19;00;12.68;70.00;1024.60;0.00;0.00;0.00;0.00;0.00;0.00;0.00;1.78;30.26;147.63;41.34;146.73;42.74;124.36;30.96
2018;08;09;20;00;12.37;71.00;1025.30;0.00;0.00;3.00;0.00;0.00;3.00;0.00;0.00;27.66;145.07;38.75;144.83;43.93;123.30;33.12
2018;08;09;21;00;12.67;69.00;1025.60;0.00;0.00;10.00;0.00;0.00;10.00;0.00;0.00;25.78;144.09;35.86;144.40;43.35;122.11;29.16
2018;08;09;22;00;12.52;69.00;1025.80;0.00;0.00;17.00;0.00;0.00;17.00;0.00;0.00;23.98;144.16;34.28;143.97;41.86;121.64;30.60
2018;08;09;23;00;12.31;70.00;1026.10;0.00;0.00;16.00;0.00;0.00;16.00;0.00;0.00;22.27;145.54;33.06;144.75;39.64;124.27;29.16
2018;08;10;00;00;12.27;70.00;1026.10;0.00;0.00;10.00;0.00;0.00;10.00;0.00;0.00;21.57;146.58;31.65;146.13;37.89;128.83;28.08
2018;08;10;01;00;12.28;70.00;1026.00;0.00;0.00;10.00;0.00;0.00;10.00;0.00;0.00;20.99;149.04;31.18;148.70;38.07;130.01;27.36
2018;08;10;02;00;12.30;70.00;1025.90;0.00;0.00;10.00;0.00;0.00;10.00;0.00;0.00;20.14;151.14;29.34;150.60;35.92;137.03;25.56
2018;08;10;03;00;12.30;70.00;1025.90;0.00;0.00;10.00;0.00;0.00;10.00;0.00;0.00;18.19;152.93;26.73;152.74;32.06;145.06;23.04
2018;08;10;04;00;12.31;71.00;1025.80;0.00;0.00;10.00;0.00;0.00;10.00;0.00;0.00;16.45;156.80;24.20;157.25;28.98;153.43;21.24
2018;08;10;05;00;12.38;72.00;1025.90;0.00;0.00;10.00;0.00;0.00;10.00;0.00;0.00;14.00;162.03;20.62;163.78;27.09;156.50;19.08
2018;08;10;06;00;12.48;73.00;1026.00;0.00;0.00;10.00;0.00;0.00;10.00;0.00;0.00;11.37;169.05;15.63;172.06;23.01;159.86;16.20
2018;08;10;07;00;12.24;75.00;1026.40;0.00;0.00;10.00;0.00;0.00;10.00;27.28;0.00;7.42;165.96;9.42;173.42;18.06;156.50;10.44
2018;08;10;08;00;12.03;77.00;1026.90;0.00;0.00;10.00;0.00;0.00;10.00;53.62;9.79;4.07;135.00;5.96;154.98;16.12;150.57;8.28
2018;08;10;09;00;13.05;74.00;1027.10;0.00;0.00;10.00;0.00;0.00;10.00;53.62;114.81;3.83;131.19;5.00;149.74;16.61;150.10;9.72
2018;08;10;10;00;13.83;69.00;1027.50;0.00;0.00;30.00;0.00;0.00;30.00;40.85;152.19;6.49;160.56;5.09;171.87;15.46;152.24;10.44
2018;08;10;11;00;14.50;67.00;1027.80;0.00;0.00;41.00;0.00;0.00;41.00;33.83;208.26;9.00;180.00;6.64;192.53;13.91;158.75;10.80
2018;08;10;12;00;15.57;63.00;1027.70;0.00;0.00;100.00;0.00;0.00;100.00;0.00;438.77;12.29;185.04;9.11;189.09;12.85;168.69;13.68
2018;08;10;13;00;15.85;62.00;1027.20;0.00;0.00;100.00;0.00;0.00;100.00;0.00;535.78;15.88;183.90;13.00;175.24;13.34;176.91;15.12
2018;08;10;14;00;15.75;62.00;1027.40;0.00;0.00;10.00;0.00;0.00;10.00;53.62;347.99;17.41;172.87;17.03;166.55;15.78;145.22;16.20
2018;08;10;15;00;15.92;61.00;1027.00;0.00;0.00;0.00;0.00;0.00;0.00;60.00;449.45;16.70;172.57;16.42;164.74;12.73;151.26;14.40
2018;08;10;16;00;15.88;60.00;1026.80;0.00;0.00;10.00;0.00;0.00;10.00;53.62;423.64;15.63;172.06;15.28;164.98;10.48;164.05;11.52
2018;08;10;17;00;15.46;62.00;1026.70;0.00;0.00;10.00;0.00;0.00;10.00;53.62;273.23;14.87;173.05;14.06;166.68;8.40;170.13;11.52
2018;08;10;18;00;14.56;67.00;1026.50;0.00;0.00;10.00;0.00;0.00;10.00;12.44;108.58;11.37;169.05;13.45;164.48;6.21;169.99;11.52
2018;08;10;19;00;13.55;72.00;1026.60;0.00;0.00;0.00;0.00;0.00;0.00;0.00;1.78;10.04;165.47;14.24;163.86;3.40;147.99;14.40
2018;08;10;20;00;12.78;77.00;1026.90;0.00;0.00;0.00;0.00;0.00;0.00;0.00;0.00;7.52;163.30;11.97;164.29;1.80;90.00;9.00
2018;08;10;21;00;12.52;78.00;1027.00;0.00;0.00;0.00;0.00;0.00;0.00;0.00;0.00;6.16;173.29;9.39;175.60;2.16;360.00;7.92
2018;08;10;22;00;12.19;80.00;1026.80;0.00;0.00;0.00;0.00;0.00;0.00;0.00;0.00;4.32;180.00;6.16;186.71;5.15;335.22;4.68
2018;08;10;23;00;11.98;82.00;1026.80;0.00;0.00;0.00;0.00;0.00;0.00;0.00;0.00;1.44;180.00;3.40;212.01;8.89;328.24;2.16
2018;08;11;00;00;11.86;84.00;1026.50;0.00;0.00;0.00;0.00;0.00;0.00;0.00;0.00;1.84;11.31;2.19;279.46;12.89;324.09;1.80
2018;08;11;01;00;11.53;88.00;1026.00;0.00;0.00;0.00;0.00;0.00;0.00;0.00;0.00;4.74;8.75;4.39;325.01;17.50;323.37;4.32
2018;08;11;02;00;11.25;89.00;1025.60;0.00;0.00;0.00;0.00;0.00;0.00;0.00;0.00;6.57;9.46;6.03;342.65;21.68;324.46;6.84
2018;08;11;03;00;10.37;93.00;1025.20;0.00;0.00;1.20;4.00;0.00;0.00;0.00;0.00;6.76;25.20;6.48;360.00;25.86;325.20;9.00
2018;08;11;04;00;8.84;96.00;1024.60;0.00;0.00;8.40;28.00;0.00;0.00;0.00;0.00;6.99;34.51;7.64;8.13;31.95;326.49;10.80
2018;08;11;05;00;8.04;95.00;1024.10;0.00;0.00;9.00;30.00;0.00;1.00;0.00;0.00;7.42;39.09;9.47;8.75;38.24;326.91;14.04
2018;08;11;06;00;7.67;95.00;1023.70;0.00;0.00;100.00;75.00;100.00;0.00;0.00;0.00;7.99;35.84;12.26;3.37;42.97;328.71;16.56
2018;08;11;07;00;7.83;93.00;1023.40;0.00;0.00;0.00;0.00;0.00;0.00;31.54;0.00;8.40;30.96;16.66;6.20;46.44;330.26;19.44
2018;08;11;08;00;7.98;91.00;1023.00;0.00;0.00;0.00;0.00;0.00;0.00;60.00;12.46;9.34;27.55;21.32;4.84;50.14;330.31;25.20
2018;08;11;09;00;9.90;80.00;1022.50;0.00;0.00;0.00;0.00;0.00;0.00;60.00;158.42;12.41;16.86;23.11;4.47;55.87;332.77;30.60
2018;08;11;10;00;12.00;72.00;1022.00;0.00;0.00;0.00;0.00;0.00;0.00;60.00;337.31;17.28;358.81;20.24;354.90;59.57;332.66;32.76
2018;08;11;11;00;13.63;65.00;1021.30;0.00;0.00;4.80;16.00;0.00;0.00;56.94;479.71;21.97;341.86;24.82;340.51;60.70;332.83;36.72
2018;08;11;12;00;14.94;58.00;1020.50;0.00;0.00;11.40;38.00;7.00;0.00;52.72;582.06;26.09;332.02;28.85;330.88;64.08;334.01;37.08
2018;08;11;13;00;15.88;54.00;1019.10;0.00;0.00;4.00;0.00;4.00;0.00;57.45;627.45;27.37;324.64;30.97;324.46;56.03;334.09;37.44
2018;08;11;14;00;15.69;60.00;1018.60;0.00;0.00;0.00;0.00;0.00;0.00;60.00;620.33;26.04;310.52;28.39;309.34;55.07;328.91;35.64
2018;08;11;15;00;16.01;55.00;1017.90;0.00;0.00;4.00;0.00;4.00;0.00;57.45;563.37;25.77;311.04;29.36;310.53;50.83;327.44;37.80
2018;08;11;16;00;16.18;50.00;1017.00;0.00;0.00;100.00;100.00;100.00;0.00;0.00;447.67;26.43;307.81;31.83;307.65;45.87;323.94;37.08
2018;08;11;17;00;15.44;48.00;1015.60;0.00;0.00;100.00;0.00;100.00;7.00;0.00;94.34;22.15;315.66;29.28;316.49;44.34;336.56;31.68
2018;08;11;18;00;14.80;53.00;1016.10;0.00;0.00;100.00;0.00;100.00;0.00;0.00;104.13;23.33;308.11;32.73;309.64;46.93;325.94;34.92
2018;08;11;19;00;14.40;54.00;1016.10;0.00;0.00;50.00;0.00;50.00;0.00;0.00;2.67;19.62;312.77;30.83;312.63;48.39;316.81;30.60
2018;08;11;20;00;14.11;57.00;1016.00;0.00;0.00;100.00;0.00;100.00;0.00;0.00;0.00;16.06;317.73;27.50;316.06;51.68;314.72;28.08
2018;08;11;21;00;14.06;62.00;1016.10;0.00;0.00;100.00;0.00;100.00;0.00;0.00;0.00;14.84;320.91;25.96;315.00;52.86;305.86;25.92
2018;08;11;22;00;13.74;68.00;1016.10;0.00;0.00;100.00;0.00;100.00;0.00;0.00;0.00;13.78;326.73;22.92;316.27;55.30;306.80;23.40
2018;08;11;23;00;13.34;71.00;1015.80;0.00;0.00;59.00;20.00;59.00;0.00;0.00;0.00;13.83;321.34;22.49;309.81;56.56;309.06;30.60
2018;08;12;00;00;13.29;74.00;1015.60;0.00;0.00;100.00;100.00;100.00;0.00;0.00;0.00;11.75;319.97;19.30;306.66;53.07;306.17;28.44
2018;08;12;01;00;13.34;75.00;1015.50;0.00;0.00;100.00;94.00;100.00;0.00;0.00;0.00;10.30;323.53;16.70;307.12;49.70;308.53;24.84
2018;08;12;02;00;13.35;77.00;1015.10;0.00;0.00;71.00;59.00;71.00;0.00;0.00;0.00;10.38;326.31;16.42;307.87;46.63;304.30;20.16
2018;08;12;03;00;13.24;79.00;1015.10;0.00;0.00;25.00;0.00;25.00;0.00;0.00;0.00;10.69;327.38;16.36;309.64;39.63;294.70;18.72
2018;08;12;04;00;13.21;81.00;1015.10;0.00;0.00;23.00;3.00;23.00;0.00;0.00;0.00;10.32;330.75;15.31;311.19;32.24;276.41;17.28
2018;08;12;05;00;13.20;82.00;1015.00;0.00;0.00;21.00;32.00;21.00;0.00;0.00;0.00;10.16;337.07;14.51;313.99;28.91;265.00;16.56
2018;08;12;06;00;12.89;85.00;1014.80;0.00;0.00;100.00;34.00;1.00;100.00;0.00;0.00;10.18;351.87;13.39;323.75;27.68;257.23;15.12
2018;08;12;07;00;12.11;87.00;1015.30;0.00;0.00;100.00;94.00;24.00;100.00;0.00;0.00;11.25;7.35;13.55;343.01;26.63;260.66;15.48
2018;08;12;08;00;11.36;83.00;1015.70;0.00;0.00;100.00;100.00;28.00;100.00;0.00;8.01;12.30;20.56;15.12;358.64;26.73;265.36;16.20
2018;08;12;09;00;11.52;77.00;1015.80;0.00;0.00;100.00;26.00;0.00;100.00;0.00;63.19;10.16;22.93;16.56;358.75;27.72;270.00;16.20
2018;08;12;10;00;12.66;77.00;1016.10;0.00;0.00;100.00;0.00;29.00;100.00;0.00;95.23;12.98;3.18;14.83;354.43;27.15;276.09;19.80
2018;08;12;11;00;13.56;80.00;1016.30;0.00;0.00;100.00;0.00;0.00;100.00;0.00;107.69;13.57;338.20;16.43;331.19;26.48;281.77;15.12
2018;08;12;12;00;14.47;83.00;1016.10;0.00;0.00;100.00;0.00;0.00;100.00;0.00;164.65;14.51;316.01;17.32;313.32;25.96;286.93;18.36
2018;08;12;13;00;14.74;85.00;1015.80;0.00;0.00;100.00;24.00;0.00;100.00;0.00;169.99;15.08;303.31;17.79;305.94;26.43;294.12;15.84
2018;08;12;14;00;14.83;81.00;1016.40;0.00;0.00;100.00;0.00;100.00;100.00;0.00;245.64;18.71;300.02;22.29;301.12;29.96;305.22;21.96
2018;08;12;15;00;14.72;85.00;1016.70;0.00;0.00;100.00;0.00;100.00;100.00;0.00;147.74;18.12;290.96;21.46;292.69;31.26;302.77;19.80
2018;08;12;16;00;14.42;88.00;1016.80;0.10;0.00;100.00;0.00;100.00;100.00;0.00;84.55;12.32;276.71;14.33;281.59;31.67;301.52;15.48
2018;08;12;17;00;14.09;88.00;1017.00;0.50;0.00;100.00;0.00;99.00;100.00;0.00;48.95;5.69;214.70;2.55;225.00;33.65;304.54;16.56
2018;08;12;18;00;13.47;88.00;1017.60;0.40;0.00;100.00;0.00;100.00;100.00;0.00;14.24;8.56;165.38;7.65;131.19;32.17;301.73;19.08
2018;08;12;19;00;12.86;88.00;1018.50;0.30;0.00;100.00;0.00;100.00;100.00;0.00;0.00;11.04;160.97;9.96;130.60;26.18;301.50;19.80
2018;08;12;20;00;12.37;88.00;1019.40;0.40;0.00;100.00;0.00;100.00;100.00;0.00;0.00;12.02;171.38;7.63;160.71;19.97;297.95;20.88
2018;08;12;21;00;11.98;87.00;1019.90;0.60;0.00;100.00;0.00;100.00;100.00;0.00;0.00;11.16;180.00;6.73;195.52;18.51;296.57;20.16
2018;08;12;22;00;11.86;85.00;1020.40;0.30;0.00;100.00;0.00;49.00;100.00;0.00;0.00;8.64;180.00;4.90;197.10;20.01;300.26;18.72
2018;08;12;23;00;11.77;83.00;1021.10;0.00;0.00;100.00;0.00;10.00;100.00;0.00;0.00;8.35;187.43;5.15;192.09;16.98;291.12;9.00
2018;08;13;00;00;11.61;83.00;1021.20;0.10;0.00;100.00;0.00;0.00;100.00;0.00;0.00;8.35;187.43;5.86;190.62;14.06;272.94;11.16
2018;08;13;01;00;11.54;80.00;1021.50;0.10;0.00;100.00;0.00;0.00;100.00;0.00;0.00;7.28;188.53;5.15;192.09;12.68;263.48;10.44
2018;08;13;02;00;11.57;78.00;1021.90;0.00;0.00;100.00;0.00;0.00;100.00;0.00;0.00;5.15;192.09;4.02;206.57;11.87;255.96;7.92
2018;08;13;03;00;11.64;73.00;1021.80;0.00;0.00;100.00;0.00;0.00;100.00;0.00;0.00;4.35;204.44;4.10;217.87;12.57;246.37;14.76
2018;08;13;04;00;11.72;69.00;1021.90;0.00;0.00;100.00;0.00;0.00;100.00;0.00;0.00;5.15;204.78;5.19;213.69;15.28;235.56;16.92
2018;08;13;05;00;11.70;66.00;1022.10;0.00;0.00;100.00;0.00;0.00;100.00;0.00;0.00;5.35;199.65;5.50;211.61;18.58;238.47;16.92
2018;08;13;06;00;11.63;66.00;1022.40;0.00;0.00;100.00;0.00;0.00;100.00;0.00;0.00;4.33;184.76;5.01;201.04;21.93;246.80;14.04
2018;08;13;07;00;11.56;67.00;1022.60;0.00;0.00;100.00;0.00;0.00;100.00;0.00;0.00;2.52;180.00;3.08;200.56;22.90;253.56;16.92
2018;08;13;08;00;11.65;68.00;1023.00;0.00;0.00;100.00;0.00;0.00;100.00;0.00;5.34;1.08;180.00;2.04;225.00;20.70;256.93;11.52
2018;08;13;09;00;12.01;63.00;1023.20;0.00;0.00;100.00;0.00;0.00;100.00;0.00;63.19;0.80;243.43;1.80;270.00;20.36;261.87;17.64
2018;08;13;10;00;12.49;62.00;1023.50;0.00;0.00;100.00;0.00;0.00;100.00;0.00;144.18;1.94;291.80;3.22;296.57;21.13;261.18;17.64
2018;08;13;11;00;12.95;61.00;1023.80;0.00;0.00;100.00;0.00;0.00;100.00;0.00;266.11;5.80;299.74;7.79;303.69;20.36;261.87;13.68
2018;08;13;12;00;13.17;60.00;1024.00;0.00;0.00;100.00;0.00;0.00;100.00;0.00;291.92;9.50;294.62;11.75;297.35;19.49;265.76;19.80
2018;08;13;13;00;13.36;60.00;1023.70;0.00;0.00;100.00;0.00;0.00;100.00;0.00;364.01;12.41;286.86;14.58;290.22;19.09;272.16;21.24
2018;08;13;14;00;14.77;61.00;1022.20;0.00;0.00;10.00;0.00;0.00;10.00;53.62;471.70;14.24;290.73;16.65;291.57;19.56;282.76;17.64
2018;08;13;15;00;14.59;62.00;1022.40;0.00;0.00;10.00;0.00;0.00;10.00;53.62;439.66;15.63;284.68;17.21;285.78;19.35;288.43;17.64
2018;08;13;16;00;13.97;63.00;1022.60;0.00;0.00;10.00;0.00;0.00;10.00;53.62;250.09;16.04;279.04;18.29;280.20;17.87;288.80;18.00
2018;08;13;17;00;13.54;65.00;1022.50;0.00;0.00;10.00;0.00;0.00;10.00;53.62;196.69;15.86;272.60;18.37;272.25;18.10;287.35;18.36
2018;08;13;18;00;13.04;66.00;1023.10;0.00;0.00;10.00;0.00;0.00;10.00;14.33;72.09;14.15;262.69;17.73;264.17;18.51;283.50;18.00
2018;08;13;19;00;12.71;66.00;1023.70;0.00;0.00;23.00;0.00;0.00;23.00;0.00;1.78;13.10;254.05;16.95;257.74;18.78;282.17;18.72
2018;08;13;20;00;12.48;66.00;1024.10;0.00;0.00;100.00;0.00;0.00;100.00;0.00;0.00;13.32;251.08;15.46;257.91;17.34;274.76;17.64
2018;08;13;21;00;12.29;67.00;1024.50;0.00;0.00;100.00;0.00;0.00;100.00;0.00;0.00;12.43;247.89;14.41;257.01;15.39;259.22;16.20
2018;08;13;22;00;12.08;69.00;1025.00;0.00;0.00;100.00;0.00;0.00;100.00;0.00;0.00;12.07;243.43;13.66;251.57;13.71;246.80;14.76
2018;08;13;23;00;11.78;70.00;1025.50;0.00;0.00;100.00;0.00;0.00;100.00;0.00;0.00;12.07;243.43;13.78;250.14;12.72;244.89;14.04
2018;08;14;00;00;11.55;72.00;1025.60;0.00;0.00;10.00;0.00;0.00;10.00;0.00;0.00;10.16;247.07;12.07;252.65;11.61;240.26;12.96
2018;08;14;01;00;11.00;77.00;1025.70;0.00;0.00;10.00;0.00;0.00;10.00;0.00;0.00;8.09;249.15;9.35;254.36;10.95;223.67;9.72
2018;08;14;02;00;11.07;78.00;1025.70;0.00;0.00;10.00;0.00;0.00;10.00;0.00;0.00;5.82;248.20;7.29;249.78;11.89;215.13;8.64
2018;08;14;03;00;11.18;79.00;1025.30;0.00;0.00;10.00;0.00;0.00;10.00;0.00;0.00;4.21;250.02;5.63;243.43;13.48;214.11;8.28
2018;08;14;04;00;11.25;79.00;1025.10;0.00;0.00;10.00;0.00;0.00;10.00;0.00;0.00;2.19;260.54;3.88;248.20;14.39;211.70;7.20
2018;08;14;05;00;11.17;79.00;1025.00;0.00;0.00;10.00;0.00;0.00;10.00;0.00;0.00;1.14;288.43;3.08;249.44;15.18;202.31;6.84
2018;08;14;06;00;11.45;79.00;1025.00;0.00;0.00;16.00;0.00;0.00;16.00;0.00;0.00;1.02;315.00;2.97;255.96;15.72;200.10;7.20
2018;08;14;07;00;11.58;80.00;1025.30;0.00;0.00;100.00;0.00;0.00;100.00;0.00;0.00;2.16;360.00;2.19;279.46;15.79;204.23;6.12
2018;08;14;08;00;11.58;82.00;1025.80;0.00;0.00;100.00;0.00;0.00;100.00;0.00;7.12;3.55;23.96;1.94;338.20;15.32;209.58;6.48
2018;08;14;09;00;12.04;81.00;1025.90;0.00;0.00;100.00;0.00;0.00;100.00;0.00;71.20;2.41;26.57;2.19;350.54;14.02;209.20;6.48
2018;08;14;10;00;12.51;79.00;1026.20;0.00;0.00;100.00;0.00;0.00;100.00;0.00;122.82;1.30;326.31;2.62;285.95;13.09;211.50;6.12
2018;08;14;11;00;13.02;77.00;1026.60;0.00;0.00;100.00;0.00;0.00;100.00;0.00;192.24;4.10;232.13;5.01;248.96;12.10;210.38;8.64
2018;08;14;12;00;13.82;74.00;1026.60;0.00;0.00;100.00;15.00;0.00;100.00;0.00;263.44;6.62;225.00;6.30;239.04;11.12;209.05;9.00
2018;08;14;13;00;13.85;73.00;1026.00;0.00;0.00;100.00;34.00;33.00;100.00;0.00;291.03;9.00;216.87;7.64;225.00;11.30;210.65;10.80
2018;08;14;14;00;15.32;62.00;1024.60;0.00;0.00;100.00;100.00;100.00;10.00;0.00;493.06;7.64;261.87;8.31;265.03;10.95;223.67;9.00
2018;08;14;15;00;15.31;62.00;1024.30;0.00;0.00;100.00;100.00;100.00;10.00;0.00;383.59;7.75;248.20;8.21;254.74;10.88;214.22;9.00
2018;08;14;16;00;15.64;61.00;1024.10;0.00;0.00;100.00;100.00;100.00;10.00;0.00;325.74;8.44;230.19;8.09;237.72;12.25;204.30;10.80
2018;08;14;17;00;15.48;62.00;1023.80;0.00;0.00;64.00;100.00;64.00;10.00;19.15;272.34;9.51;209.48;7.79;213.69;13.71;193.67;11.88
2018;08;14;18;00;14.82;65.00;1023.60;0.00;0.00;18.00;26.00;18.00;10.00;13.53;128.16;8.76;189.46;9.01;182.29;15.23;186.79;11.88
2018;08;14;19;00;13.86;72.00;1023.90;0.00;0.00;6.60;22.00;0.00;0.00;0.00;3.56;10.24;169.88;11.63;158.20;16.95;183.65;12.24
2018;08;14;20;00;13.06;78.00;1024.30;0.00;0.00;10.00;28.00;0.00;10.00;0.00;0.00;10.37;159.68;15.29;153.43;19.08;181.08;12.24
2018;08;14;21;00;12.46;80.00;1024.60;0.00;0.00;10.50;35.00;0.00;10.00;0.00;0.00;11.30;157.52;19.59;159.57;21.29;176.12;14.04
2018;08;14;22;00;12.09;81.00;1024.80;0.00;0.00;11.70;39.00;0.00;10.00;0.00;0.00;12.43;157.89;21.63;161.57;22.55;171.74;15.48
2018;08;14;23;00;11.63;82.00;1024.80;0.00;0.00;49.00;49.00;49.00;10.00;0.00;0.00;13.38;156.19;22.41;156.32;22.88;167.28;16.20
2018;08;15;00;00;11.34;83.00;1025.00;0.00;0.00;100.00;100.00;100.00;0.00;0.00;0.00;13.53;154.80;22.88;155.85;23.14;164.67;16.92
2018;08;15;01;00;11.41;83.00;1024.60;0.00;0.00;100.00;94.00;100.00;0.00;0.00;0.00;13.85;155.43;23.36;155.41;23.34;162.96;17.28
2018;08;15;02;00;11.36;84.00;1024.30;0.00;0.00;60.00;24.00;60.00;0.00;0.00;0.00;14.18;156.04;23.84;154.98;23.69;163.22;18.36
2018;08;15;03;00;10.90;86.00;1024.40;0.00;0.00;12.00;0.00;12.00;0.00;0.00;0.00;14.24;159.27;24.87;157.89;24.28;164.52;19.08
2018;08;15;04;00;10.64;86.00;1024.30;0.00;0.00;41.00;0.00;41.00;0.00;0.00;0.00;15.04;158.96;26.81;157.91;25.07;164.17;19.80
2018;08;15;05;00;10.51;87.00;1024.00;0.00;0.00;0.00;0.00;0.00;0.00;0.00;0.00;15.04;158.96;27.14;158.20;25.67;165.38;20.16
2018;08;15;06;00;10.57;86.00;1024.20;0.00;0.00;10.00;0.00;0.00;10.00;0.00;0.00;15.38;159.44;27.35;159.18;25.63;169.48;19.44
2018;08;15;07;00;10.76;84.00;1024.90;0.00;0.00;10.00;0.00;0.00;10.00;31.93;0.00;14.92;160.25;26.08;159.81;24.34;172.35;16.56
2018;08;15;08;00;11.19;81.00;1025.30;0.00;0.00;10.00;0.00;0.00;10.00;53.62;16.02;15.84;158.68;24.36;161.03;23.62;172.12;16.92
2018;08;15;09;00;12.83;73.00;1025.20;0.00;0.00;10.00;0.00;0.00;10.00;53.62;129.05;17.65;159.72;20.06;158.96;23.94;167.85;19.08
2018;08;15;10;00;13.47;71.00;1025.60;0.00;0.00;100.00;0.00;38.00;100.00;0.00;183.34;19.47;160.56;21.13;156.93;24.02;160.75;19.80
2018;08;15;11;00;14.03;68.00;1025.90;0.00;0.00;35.00;0.00;35.00;10.00;37.66;258.99;20.06;158.96;20.95;155.64;23.36;155.41;18.72
2018;08;15;12;00;14.77;65.00;1025.70;0.00;0.00;10.00;0.00;0.00;10.00;53.62;369.35;20.83;161.88;21.66;158.55;21.73;153.43;20.52
2018;08;15;13;00;15.49;59.00;1024.90;0.00;0.00;10.00;0.00;0.00;10.00;53.62;609.65;20.73;159.68;21.58;154.29;19.16;151.99;19.08
2018;08;15;14;00;17.36;56.00;1023.40;0.00;0.00;10.00;0.00;0.00;10.00;53.62;603.42;19.69;161.90;20.62;155.22;15.19;143.67;15.48
2018;08;15;15;00;17.30;57.00;1023.00;0.00;0.00;10.00;0.00;0.00;10.00;53.62;545.57;19.65;166.22;20.27;160.28;10.09;145.18;15.12
2018;08;15;16;00;16.87;58.00;1023.00;0.00;0.00;10.00;0.00;0.00;10.00;53.62;438.77;20.12;169.70;20.97;164.05;6.76;154.80;15.12
2018;08;15;17;00;16.12;61.00;1023.10;0.00;0.00;10.00;0.00;0.00;10.00;53.62;292.81;19.60;172.61;20.27;167.69;4.02;169.70;14.04
2018;08;15;18;00;15.01;66.00;1023.00;0.00;0.00;0.00;0.00;0.00;0.00;17.43;126.38;16.24;176.19;19.25;172.48;2.31;231.34;13.32
2018;08;15;19;00;14.01;72.00;1023.30;0.00;0.00;0.00;0.00;0.00;0.00;0.00;3.56;12.96;178.41;18.09;174.29;3.76;253.30;11.88
2018;08;15;20;00;13.31;76.00;1023.80;0.00;0.00;0.00;0.00;0.00;0.00;0.00;0.00;11.17;178.15;16.24;176.19;4.68;247.38;9.72
2018;08;15;21;00;12.60;80.00;1023.70;0.00;0.00;0.00;0.00;0.00;0.00;0.00;0.00;9.37;177.80;14.78;177.21;5.48;246.80;7.92
2018;08;15;22;00;12.43;80.00;1023.60;0.00;0.00;0.00;0.00;0.00;0.00;0.00;0.00;7.56;180.00;11.52;180.00;6.73;254.48;6.84
2018;08;15;23;00;12.15;82.00;1023.70;0.00;0.00;0.00;0.00;0.00;0.00;0.00;0.00;6.12;180.00;8.76;189.46;9.11;260.91;5.76
2018;08;16;00;00;11.94;83.00;1023.60;0.00;0.00;0.00;0.00;0.00;0.00;0.00;0.00;4.68;180.00;6.15;200.56;12.07;259.70;6.84
2018;08;16;01;00;11.73;84.00;1023.10;0.00;0.00;0.00;0.00;0.00;0.00;0.00;0.00;1.08;180.00;3.10;234.46;15.16;265.91;5.04
2018;08;16;02;00;11.46;88.00;1022.80;0.00;0.00;0.00;0.00;0.00;0.00;0.00;0.00;4.69;4.40;5.19;326.31;18.18;277.97;3.96
2018;08;16;03;00;12.38;70.00;1022.40;0.00;0.00;0.00;0.00;0.00;0.00;0.00;0.00;9.83;336.25;12.59;329.04;29.13;309.99;16.92
2018;08;16;04;00;11.86;75.00;1021.20;0.00;0.00;0.00;0.00;0.00;0.00;0.00;0.00;11.97;338.84;17.56;331.86;32.15;304.05;21.60
2018;08;16;05;00;11.21;81.00;1020.70;0.00;0.00;0.00;0.00;0.00;0.00;0.00;0.00;13.44;352.30;21.41;343.39;35.07;301.57;24.84
2018;08;16;06;00;10.55;88.00;1020.40;0.00;0.00;0.00;0.00;0.00;0.00;0.00;0.00;13.68;360.00;22.15;352.53;37.52;298.04;28.44
2018;08;16;07;00;9.73;91.00;1020.40;0.00;0.00;24.00;0.00;0.00;24.00;27.42;0.00;14.08;4.40;23.09;349.22;40.43;298.16;29.88
2018;08;16;08;00;9.44;91.00;1020.10;0.00;0.00;70.00;0.00;0.00;70.00;15.32;20.47;15.91;5.19;24.54;345.56;43.80;297.41;32.76
2018;08;16;09;00;10.82;84.00;1020.40;0.00;0.00;10.00;1.00;0.00;10.00;53.62;120.15;20.24;354.90;26.72;345.96;49.64;293.96;32.40
2018;08;16;10;00;12.58;80.00;1020.10;0.00;0.00;5.10;17.00;0.00;0.00;56.74;318.62;27.55;342.51;31.99;340.95;53.01;291.51;43.56
2018;08;16;11;00;14.00;77.00;1019.40;0.00;0.00;30.00;100.00;0.00;10.00;40.85;480.60;34.97;331.06;41.44;330.32;56.77;293.15;45.72
2018;08;16;12;00;14.77;74.00;1019.60;0.00;0.00;43.00;100.00;0.00;43.00;32.55;520.65;39.60;323.13;48.31;322.87;59.77;294.56;56.16
2018;08;16;13;00;15.05;75.00;1019.10;0.00;0.00;40.00;71.00;0.00;40.00;34.47;337.31;42.22;320.88;51.67;320.65;62.36;294.20;58.68
2018;08;16;14;00;15.27;75.00;1018.20;0.00;0.00;23.00;25.00;0.00;23.00;45.32;606.98;44.71;319.90;54.39;319.56;67.66;294.52;53.64
2018;08;16;15;00;14.73;79.00;1017.90;0.00;0.00;100.00;0.00;0.00;100.00;0.00;335.53;45.41;318.86;56.62;318.61;72.52;294.02;54.72
2018;08;16;16;00;14.41;84.00;1018.00;0.20;0.00;100.00;0.00;0.00;100.00;0.00;72.98;45.34;316.93;57.83;317.27;76.77;290.30;54.72
2018;08;16;17;00;14.39;88.00;1017.70;0.40;0.00;100.00;0.00;0.00;100.00;0.00;39.16;44.30;314.34;56.77;314.23;80.04;287.54;51.48
2018;08;16;18;00;14.47;91.00;1017.90;2.40;0.00;100.00;0.00;0.00;100.00;0.00;21.36;38.99;298.69;50.28;299.13;77.41;279.64;48.96
2018;08;16;19;00;13.90;86.00;1019.60;1.80;0.00;100.00;0.00;0.00;100.00;0.00;0.00;30.82;255.80;35.46;254.69;49.35;246.80;41.76
2018;08;16;20;00;13.34;78.00;1020.70;0.00;0.00;100.00;0.00;0.00;100.00;0.00;0.00;21.44;220.91;20.93;220.82;42.28;231.57;36.36
2018;08;16;21;00;12.84;75.00;1021.30;0.00;0.00;100.00;0.00;0.00;100.00;0.00;0.00;20.62;224.29;21.64;225.67;38.00;221.54;28.80
2018;08;16;22;00;12.51;70.00;1022.30;0.00;0.00;100.00;0.00;0.00;100.00;0.00;0.00;20.39;222.14;23.71;221.92;35.93;217.67;29.52
2018;08;16;23;00;12.32;69.00;1023.20;0.00;0.00;10.00;0.00;0.00;10.00;0.00;0.00;18.22;217.78;21.53;218.21;31.26;215.15;25.20
