LAT;;;;;31.2222;31.2222;31.2222;31.2222;31.2222;31.2222;31.2222;31.2222;31.2222;31.2222;31.2222;31.2222;31.2222;31.2222;31.2222;31.2222;31.2222;31.2222
LON;;;;;121.458;121.458;121.458;121.458;121.458;121.458;121.458;121.458;121.458;121.458;121.458;121.458;121.458;121.458;121.458;121.458;121.458;121.458
ASL;;;;;12.0000;12.0000;12.0000;12.0000;12.0000;12.0000;12.0000;12.0000;12.0000;12.0000;12.0000;12.0000;12.0000;12.0000;12.0000;12.0000;12.0000;12.0000
CITY;;;;;Shanghai;Shanghai;Shanghai;Shanghai;Shanghai;Shanghai;Shanghai;Shanghai;Shanghai;Shanghai;Shanghai;Shanghai;Shanghai;Shanghai;Shanghai;Shanghai;Shanghai;Shanghai
DOMAIN;;;;;NEMSAS02;NEMSAS02;NEMSAS02;NEMSAS02;NEMSAS02;NEMSAS02;NEMSAS02;NEMSAS02;NEMSAS02;NEMSAS02;NEMSAS02;NEMSAS02;NEMSAS02;NEMSAS02;NEMSAS02;NEMSAS02;NEMSAS02;NEMSAS02
LEVEL;;;;;2 m above gnd;2 m above gnd;MSL;sfc;sfc;sfc;high cld lay;mid cld lay;low cld lay;sfc;sfc;10 m above gnd;10 m above gnd;80 m above gnd;80 m above gnd;900 mb;900 mb;sfc
NAME;;;;;Temperature;Relative Humidity;Mean Sea Level Pressure;Total Precipitation;Snowfall amount raw;Total Cloud Cover;High Cloud Cover;Medium Cloud Cover;Low Cloud Cover;Sunshine Duration;Shortwave Radiation;Wind Speed;Wind Direction;Wind Speed;Wind Direction;Wind Speed;Wind Direction;Wind Gust
UNIT;;;;;째C;%;hPa;mm;cm;%;%;%;%;min;W/m2;km/h;째;km/h;째;km/h;째;km/h
AGGREGATION;;;;;;;;;;;;;;;;;;;;;;
UTC_OFFSET;;;;;8;8;8;8;8;8;8;8;8;8;8;8;8;8;8;8;8;8

Year;Month;Day;Hour;Minute;Temperature  [2 m above gnd];Relative Humidity  [2 m above gnd];Mean Sea Level Pressure  [MSL];Total Precipitation  [sfc];Snowfall amount raw  [sfc];Total Cloud Cover  [sfc];High Cloud Cover  [high cld lay];Medium Cloud Cover  [mid cld lay];Low Cloud Cover  [low cld lay];Sunshine Duration  [sfc];Shortwave Radiation  [sfc];Wind Speed  [10 m above gnd];Wind Direction  [10 m above gnd];Wind Speed  [80 m above gnd];Wind Direction  [80 m above gnd];Wind Speed  [900 mb];Wind Direction  [900 mb];Wind Gust  [sfc]
2018;08;17;00;00;27.08;95.00;992.20;1.20;0.00;100.00;0.00;10.00;100.00;0.00;0.00;25.86;51.22;30.25;51.77;44.53;83.97;29.52
2018;08;17;01;00;26.92;95.00;991.70;0.30;0.00;100.00;0.00;0.00;100.00;0.00;0.00;20.57;57.14;24.65;61.19;40.55;83.88;26.28
2018;08;17;02;00;26.81;96.00;990.80;0.40;0.00;100.00;0.00;0.00;100.00;0.00;0.00;19.47;70.56;24.83;73.14;42.38;99.78;23.76
2018;08;17;03;00;26.99;96.00;990.80;0.30;0.00;100.00;0.00;0.00;100.00;0.00;0.00;19.52;95.29;23.68;98.75;44.12;117.19;24.48
2018;08;17;04;00;26.91;96.00;990.80;0.30;0.00;100.00;4.00;10.00;100.00;0.00;0.00;22.18;103.13;28.55;103.86;51.73;124.80;28.08
2018;08;17;05;00;26.78;96.00;991.40;0.20;0.00;100.00;0.00;0.00;100.00;0.00;0.00;26.25;115.16;32.36;117.14;58.05;133.99;32.40
2018;08;17;06;00;26.76;95.00;991.90;0.20;0.00;100.00;0.00;100.00;100.00;0.00;3.56;28.85;119.12;36.37;121.64;62.62;134.53;37.08
2018;08;17;07;00;26.84;93.00;992.70;0.10;0.00;100.00;0.00;100.00;100.00;0.00;38.27;28.98;116.57;33.99;118.47;65.94;134.34;37.08
2018;08;17;08;00;26.60;94.00;993.60;0.30;0.00;100.00;5.00;100.00;100.00;0.00;33.82;28.08;130.84;33.60;135.00;52.72;146.42;34.92
2018;08;17;09;00;26.44;94.00;994.80;0.40;0.00;100.00;14.00;100.00;100.00;0.00;59.63;28.82;138.54;33.51;140.67;54.36;157.00;41.04
2018;08;17;10;00;26.59;94.00;996.40;0.60;0.00;100.00;13.00;100.00;100.00;0.00;57.85;34.46;147.80;42.11;149.71;64.11;169.32;45.00
2018;08;17;11;00;27.04;92.00;997.80;0.60;0.00;100.00;12.00;100.00;100.00;0.00;52.51;33.86;144.96;39.54;146.89;55.35;169.13;39.96
2018;08;17;12;00;27.30;92.00;998.80;0.10;0.00;100.00;12.00;100.00;100.00;0.00;79.21;31.68;143.78;38.05;145.41;57.03;155.38;39.60
2018;08;17;13;00;27.05;91.00;999.50;0.10;0.00;100.00;29.00;22.00;100.00;0.00;128.16;33.05;147.00;39.27;148.50;60.37;157.56;41.40
2018;08;17;14;00;26.92;91.00;999.90;0.10;0.00;100.00;4.00;10.00;100.00;0.00;150.41;32.48;144.02;38.96;144.40;73.48;159.35;42.48
2018;08;17;15;00;27.36;88.00;1000.50;0.00;0.00;100.00;100.00;10.00;100.00;0.00;172.66;31.71;140.53;37.67;141.60;73.07;158.62;44.64
2018;08;17;16;00;27.51;87.00;1000.80;0.00;0.00;100.00;100.00;100.00;100.00;0.00;162.87;29.91;140.37;35.36;141.61;67.16;154.95;40.68
2018;08;17;17;00;27.83;86.00;1001.40;0.00;0.00;100.00;100.00;100.00;100.00;0.00;154.86;28.52;136.02;33.64;137.60;63.59;153.43;39.24
2018;08;17;18;00;27.74;85.00;1002.00;0.00;0.00;100.00;100.00;46.00;100.00;0.00;109.47;28.77;134.49;35.13;135.83;61.89;150.75;39.24
2018;08;17;19;00;27.24;86.00;1002.70;0.00;0.00;100.00;100.00;0.00;100.00;0.00;21.36;28.51;135.00;35.14;136.66;62.35;151.36;39.24
2018;08;17;20;00;27.23;88.00;1002.10;0.00;0.00;100.00;100.00;0.00;100.00;0.00;0.00;26.65;128.42;33.46;130.20;64.21;149.70;38.52
2018;08;17;21;00;26.99;89.00;1002.60;0.00;0.00;39.00;100.00;0.00;39.00;0.00;0.00;25.50;131.57;32.33;134.55;61.86;151.50;37.08
2018;08;17;22;00;26.78;89.00;1003.30;0.00;0.00;37.00;40.00;0.00;37.00;0.00;0.00;25.21;133.26;32.58;135.00;59.74;152.35;36.00
2018;08;17;23;00;26.80;89.00;1003.60;0.00;0.00;100.00;6.00;0.00;100.00;0.00;0.00;25.50;131.57;32.09;133.18;58.12;153.12;35.64
2018;08;18;00;00;26.79;89.00;1003.80;0.00;0.00;100.00;5.00;0.00;100.00;0.00;0.00;26.21;127.18;32.33;127.76;53.79;152.06;35.28
2018;08;18;01;00;26.67;89.00;1003.80;0.00;0.00;100.00;11.00;5.00;100.00;0.00;0.00;24.77;125.54;30.31;127.28;48.65;148.31;32.04
2018;08;18;02;00;26.62;90.00;1003.70;0.00;0.00;100.00;18.00;100.00;100.00;0.00;0.00;23.77;125.13;29.59;126.59;43.94;145.01;30.60
2018;08;18;03;00;26.57;90.00;1003.70;0.00;0.00;100.00;32.00;100.00;100.00;0.00;0.00;24.16;123.45;29.46;125.05;40.15;140.46;28.80
2018;08;18;04;00;26.18;92.00;1003.70;0.00;0.00;100.00;28.00;100.00;100.00;0.00;0.00;24.34;128.40;29.87;130.60;40.78;137.86;28.80
2018;08;18;05;00;25.85;94.00;1004.20;0.00;0.00;100.00;83.00;100.00;100.00;0.00;0.00;22.68;125.96;27.22;127.48;44.85;137.60;28.44
2018;08;18;06;00;25.91;94.00;1004.30;0.00;0.00;100.00;100.00;83.00;100.00;0.00;8.01;22.07;123.69;26.87;125.18;49.10;143.05;28.80
2018;08;18;07;00;26.26;93.00;1004.50;0.10;0.00;100.00;100.00;8.00;100.00;0.00;55.18;22.77;124.70;27.00;126.87;50.52;145.74;29.52
2018;08;18;08;00;26.75;93.00;1004.90;0.10;0.00;100.00;100.00;4.00;100.00;0.00;98.79;22.93;132.46;26.73;134.45;49.89;149.18;29.52
2018;08;18;09;00;27.04;93.00;1005.20;0.10;0.00;100.00;100.00;9.00;100.00;0.00;107.69;20.93;139.18;23.28;140.65;49.92;154.36;28.80
2018;08;18;10;00;26.94;93.00;1005.60;0.20;0.00;100.00;100.00;23.00;100.00;0.00;131.72;21.95;138.99;25.03;139.67;52.21;158.57;31.32
2018;08;18;11;00;26.94;91.00;1006.00;0.10;0.00;100.00;100.00;10.00;100.00;0.00;145.96;23.40;143.13;27.46;145.68;51.58;156.12;32.40
2018;08;18;12;00;26.68;92.00;1006.10;0.00;0.00;100.00;100.00;10.00;100.00;0.00;141.51;22.10;142.94;25.49;143.62;49.28;152.12;31.32
2018;08;18;13;00;27.21;89.00;1005.90;0.00;0.00;100.00;100.00;0.00;100.00;0.00;186.01;21.99;140.31;24.80;140.30;53.95;158.06;32.04
2018;08;18;14;00;27.33;87.00;1005.60;0.00;0.00;100.00;100.00;10.00;100.00;0.00;234.07;22.66;135.64;25.71;135.57;52.68;158.34;32.04
2018;08;18;15;00;28.18;83.00;1005.50;0.00;0.00;100.00;100.00;10.00;100.00;0.00;265.22;24.20;136.81;26.52;138.30;53.89;159.26;33.84
2018;08;18;16;00;28.24;82.00;1005.10;0.00;0.00;100.00;100.00;0.00;100.00;0.00;268.78;24.25;139.21;27.84;139.72;55.22;160.97;35.28
2018;08;18;17;00;28.09;82.00;1005.40;0.00;0.00;100.00;100.00;0.00;100.00;0.00;232.29;23.95;137.44;27.30;138.74;54.88;160.85;34.56
2018;08;18;18;00;27.71;83.00;1005.60;0.00;0.00;40.00;100.00;0.00;40.00;34.47;170.88;22.66;135.64;26.99;136.08;54.54;160.73;33.48
2018;08;18;19;00;26.94;86.00;1005.90;0.00;0.00;30.00;100.00;0.00;23.00;24.52;23.14;19.64;131.28;25.21;133.26;54.28;158.20;30.96
2018;08;18;20;00;27.03;85.00;1005.40;0.00;0.00;100.00;0.00;100.00;100.00;0.00;0.00;21.65;132.98;26.98;135.00;53.48;155.33;31.68
2018;08;18;21;00;26.85;86.00;1005.70;0.00;0.00;100.00;0.00;38.00;100.00;0.00;0.00;20.62;134.29;25.71;135.57;53.23;156.90;31.32
2018;08;18;22;00;26.76;86.00;1006.20;0.00;0.00;100.00;0.00;3.00;100.00;0.00;0.00;19.86;135.00;25.46;136.15;53.28;157.77;30.96
2018;08;18;23;00;26.51;87.00;1006.20;0.00;0.00;100.00;0.00;73.00;100.00;0.00;0.00;18.84;135.00;24.70;136.77;52.55;158.71;29.88
2018;08;19;00;00;26.31;88.00;1006.40;0.00;0.00;100.00;2.00;83.00;100.00;0.00;0.00;18.58;135.78;24.97;137.34;51.49;159.54;29.16
2018;08;19;01;00;26.19;89.00;1006.30;0.00;0.00;55.00;0.00;55.00;5.00;0.00;0.00;17.57;135.83;24.20;136.81;50.23;159.88;28.08
2018;08;19;02;00;25.85;91.00;1006.20;0.00;0.00;2.00;5.00;0.00;2.00;0.00;0.00;15.53;134.06;23.18;136.89;48.39;160.89;26.64
2018;08;19;03;00;25.80;91.00;1006.20;0.00;0.00;0.90;3.00;0.00;0.00;0.00;0.00;15.28;133.09;22.66;135.64;46.91;160.73;26.28
2018;08;19;04;00;25.73;91.00;1006.20;0.00;0.00;0.30;1.00;0.00;0.00;0.00;0.00;14.80;131.05;22.66;134.36;46.11;160.86;25.20
2018;08;19;05;00;25.67;92.00;1006.60;0.00;0.00;0.30;1.00;0.00;0.00;39.71;0.00;14.80;131.05;22.41;133.70;44.97;160.84;24.12
2018;08;19;06;00;26.04;91.00;1006.90;0.00;0.00;100.00;4.00;0.00;100.00;0.00;25.81;15.79;133.15;22.15;135.66;43.83;160.82;23.76
2018;08;19;07;00;27.06;85.00;1007.20;0.00;0.00;100.00;1.00;0.00;100.00;0.00;153.97;20.63;137.12;24.22;138.01;43.26;161.57;27.72
2018;08;19;08;00;27.33;83.00;1007.50;0.00;0.00;100.00;0.00;0.00;100.00;0.00;180.67;20.93;139.18;24.25;139.21;42.58;161.26;28.08
2018;08;19;09;00;27.72;82.00;1007.60;0.00;0.00;10.00;0.00;0.00;10.00;53.62;261.66;21.41;137.73;23.47;138.73;42.02;160.48;28.08
2018;08;19;10;00;28.20;80.00;1007.70;0.00;0.00;66.00;0.00;0.00;66.00;17.87;275.90;22.18;138.29;24.25;139.21;41.68;160.31;28.80
2018;08;19;11;00;28.49;79.00;1007.40;0.00;0.00;10.00;0.00;0.00;10.00;53.62;374.69;22.73;139.50;24.57;140.95;41.78;161.41;29.16
2018;08;19;12;00;29.43;76.00;1007.30;0.00;0.00;68.00;0.00;0.00;68.00;16.60;489.50;24.06;141.07;25.64;141.84;41.90;160.94;29.88
2018;08;19;13;00;29.05;76.00;1007.00;0.00;0.00;13.00;0.00;0.00;13.00;51.70;339.09;22.55;141.48;24.63;142.13;41.90;160.94;29.16
2018;08;19;14;00;29.08;76.00;1006.60;0.00;0.00;100.00;0.00;0.00;100.00;0.00;323.96;22.55;141.48;24.85;141.47;41.32;161.72;28.80
2018;08;19;15;00;29.68;74.00;1006.50;0.00;0.00;10.00;0.00;0.00;10.00;53.62;427.20;23.56;141.20;25.13;141.98;41.78;161.41;29.16
2018;08;19;16;00;29.52;74.00;1006.20;0.00;0.00;10.00;0.00;0.00;10.00;53.62;519.76;24.34;141.60;26.43;142.19;42.81;161.87;29.88
2018;08;19;17;00;29.00;76.00;1006.40;0.00;0.00;10.00;0.00;0.00;10.00;53.62;351.55;23.33;141.89;25.99;143.45;43.15;162.02;30.24
2018;08;19;18;00;28.16;80.00;1006.70;0.00;0.00;10.00;0.00;0.00;10.00;53.62;169.99;20.70;139.94;24.57;140.95;43.49;162.16;28.80
2018;08;19;19;00;27.23;84.00;1007.00;0.00;0.00;0.00;0.00;0.00;0.00;34.94;17.80;18.63;138.92;23.78;140.53;42.03;163.58;27.36
2018;08;19;20;00;26.90;88.00;1005.20;0.00;0.00;0.00;0.00;0.00;0.00;0.00;0.00;21.31;142.55;27.58;144.03;51.34;165.38;31.32
2018;08;19;21;00;26.72;89.00;1005.40;0.00;0.00;0.00;0.00;0.00;0.00;0.00;0.00;20.81;142.73;27.00;143.13;52.65;166.15;30.60
2018;08;19;22;00;26.62;89.00;1005.60;0.00;0.00;0.00;0.00;0.00;0.00;0.00;0.00;20.81;142.73;27.29;143.58;53.27;166.72;30.60
2018;08;19;23;00;26.54;89.00;1005.40;0.00;0.00;0.00;0.00;0.00;0.00;0.00;0.00;20.38;144.34;27.16;145.26;52.46;168.92;30.96
2018;08;20;00;00;26.47;90.00;1005.40;0.00;0.00;13.00;0.00;0.00;13.00;0.00;0.00;20.47;145.75;27.06;146.94;51.37;171.13;29.88
2018;08;20;01;00;26.43;90.00;1005.30;0.00;0.00;94.00;0.00;0.00;94.00;0.00;0.00;20.07;147.45;26.37;147.83;50.10;172.57;29.52
2018;08;20;02;00;26.74;89.00;1005.20;0.00;0.00;100.00;0.00;0.00;100.00;0.00;0.00;20.81;149.89;26.43;150.64;49.18;174.54;29.88
2018;08;20;03;00;26.81;88.00;1005.10;0.00;0.00;100.00;8.00;0.00;100.00;0.00;0.00;20.93;153.43;26.41;154.13;47.95;176.99;29.16
2018;08;20;04;00;26.75;88.00;1005.00;0.00;0.00;100.00;6.00;0.00;100.00;0.00;0.00;21.10;154.75;26.58;155.17;46.45;178.67;28.80
2018;08;20;05;00;26.69;88.00;1005.20;0.00;0.00;100.00;0.00;0.00;100.00;0.00;0.00;20.80;156.54;26.28;156.60;45.36;180.00;28.08
2018;08;20;06;00;26.83;87.00;1005.40;0.00;0.00;100.00;0.00;0.00;100.00;0.00;14.24;20.99;157.83;26.14;157.32;44.64;180.46;27.72
2018;08;20;07;00;27.48;85.00;1005.50;0.00;0.00;100.00;0.00;0.00;100.00;0.00;129.94;23.22;161.00;26.64;161.08;45.00;180.46;29.52
2018;08;20;08;00;27.43;84.00;1005.70;0.00;0.00;100.00;0.00;0.00;100.00;0.00;186.90;23.22;161.00;27.10;160.60;43.93;180.94;29.16
2018;08;20;09;00;28.41;80.00;1005.60;0.00;0.00;13.00;0.00;0.00;13.00;51.70;258.99;24.25;161.83;26.53;161.81;42.88;182.41;29.52
2018;08;20;10;00;28.03;81.00;1005.50;0.00;0.00;38.00;0.00;0.00;38.00;35.74;209.15;23.45;162.12;26.18;161.57;40.76;183.54;28.44
2018;08;20;11;00;28.11;82.00;1005.30;0.00;0.00;100.00;0.00;0.00;100.00;0.00;257.21;23.34;162.96;25.62;162.84;40.09;184.64;28.08
2018;08;20;12;00;28.29;82.00;1005.10;0.00;0.00;100.00;0.00;0.00;100.00;0.00;240.30;23.00;162.70;25.62;162.84;38.05;186.52;28.80
2018;08;20;13;00;28.39;82.00;1004.70;0.10;0.00;100.00;0.00;0.00;100.00;0.00;250.98;23.91;161.57;26.30;160.82;38.01;185.98;27.00
2018;08;20;14;00;28.49;82.00;1004.40;0.00;0.00;100.00;0.00;0.00;100.00;0.00;243.86;24.14;162.65;27.79;163.44;37.02;187.26;29.88
2018;08;20;15;00;28.94;80.00;1003.90;0.00;0.00;100.00;0.00;0.00;100.00;0.00;299.93;24.03;163.47;27.10;163.01;36.62;186.78;29.88
2018;08;20;16;00;28.72;81.00;1003.40;0.00;0.00;10.00;0.00;0.00;10.00;53.62;265.22;24.28;164.52;27.69;164.16;37.02;187.26;27.72
2018;08;20;17;00;29.08;79.00;1003.50;0.00;0.00;10.00;0.00;0.00;10.00;53.62;303.49;24.48;162.90;27.45;163.23;37.23;189.46;28.08
2018;08;20;18;00;28.35;82.00;1003.50;0.00;0.00;0.00;0.00;0.00;0.00;60.00;168.21;22.55;160.41;27.44;160.85;37.52;188.83;28.44
2018;08;20;19;00;27.44;86.00;1003.70;0.00;0.00;0.00;0.00;0.00;0.00;33.86;16.91;20.66;157.46;26.81;157.91;38.59;188.58;29.52
2018;08;20;20;00;27.58;89.00;1002.70;0.00;0.00;16.20;54.00;0.00;0.00;0.00;0.00;16.39;160.77;22.09;160.97;19.93;200.07;22.32
2018;08;20;21;00;27.31;90.00;1002.70;0.00;0.00;3.60;12.00;0.00;0.00;0.00;0.00;14.92;160.25;20.04;162.22;15.95;208.30;20.16
2018;08;20;22;00;27.11;92.00;1003.10;0.00;0.00;3.00;0.00;0.00;3.00;0.00;0.00;13.44;159.62;19.24;162.58;12.89;215.91;18.00
2018;08;20;23;00;26.89;93.00;1003.00;0.00;0.00;1.00;0.00;0.00;1.00;0.00;0.00;12.52;161.57;18.00;163.74;10.70;222.27;13.32
2018;08;21;00;00;26.85;93.00;1003.10;0.00;0.00;100.00;0.00;0.00;100.00;0.00;0.00;12.41;163.14;17.56;164.54;8.71;218.29;11.88
2018;08;21;01;00;27.09;91.00;1003.00;0.10;0.00;100.00;0.00;0.00;100.00;0.00;0.00;13.10;164.05;15.98;165.65;6.61;209.36;14.04
2018;08;21;02;00;27.03;92.00;1002.70;0.20;0.00;100.00;0.00;79.00;100.00;0.00;0.00;11.73;162.12;14.35;162.47;4.80;192.99;12.24
2018;08;21;03;00;26.90;93.00;1002.60;0.00;0.00;100.00;2.00;65.00;100.00;0.00;0.00;11.17;159.23;13.44;159.62;3.62;174.29;10.80
2018;08;21;04;00;26.74;93.00;1002.40;0.00;0.00;100.00;0.00;0.00;100.00;0.00;0.00;10.79;154.29;13.38;156.19;3.83;138.81;10.44
2018;08;21;05;00;26.58;94.00;1002.60;0.00;0.00;100.00;0.00;0.00;100.00;0.00;0.00;10.63;151.70;13.36;152.74;5.80;119.74;11.16
2018;08;21;06;00;26.68;93.00;1002.70;0.00;0.00;100.00;0.00;0.00;100.00;0.00;12.46;10.63;151.70;12.56;152.70;7.10;120.47;11.88
2018;08;21;07;00;27.00;91.00;1003.00;0.20;0.00;100.00;0.00;86.00;100.00;0.00;100.57;10.95;152.59;11.75;152.65;8.21;127.87;12.60
2018;08;21;08;00;27.41;88.00;1003.30;0.10;0.00;100.00;0.00;76.00;100.00;0.00;130.83;10.63;151.70;11.92;151.11;10.20;137.86;12.96
2018;08;21;09;00;28.00;84.00;1003.40;0.00;0.00;19.00;0.00;0.00;19.00;47.87;195.80;10.99;148.39;10.99;148.39;12.60;143.13;12.24
2018;08;21;10;00;28.51;81.00;1003.60;0.00;0.00;25.00;0.00;0.00;25.00;44.04;284.80;9.79;143.97;9.79;143.97;13.90;143.43;11.52
2018;08;21;11;00;29.14;78.00;1003.30;0.00;0.00;10.00;0.00;0.00;10.00;53.62;445.00;8.40;133.26;7.64;135.00;13.28;139.40;10.08
2018;08;21;12;00;29.66;75.00;1003.20;0.00;0.00;100.00;0.00;0.00;100.00;0.00;419.19;7.79;123.69;7.20;126.87;12.74;137.29;9.00
2018;08;21;13;00;29.80;74.00;1002.80;0.00;0.00;17.00;0.00;0.00;17.00;49.15;335.53;7.63;109.29;6.95;111.25;11.97;136.22;9.00
2018;08;21;14;00;29.87;74.00;1002.40;0.00;0.00;10.00;0.00;0.00;10.00;53.62;308.83;8.67;94.76;7.99;97.77;11.25;129.81;9.00
2018;08;21;15;00;29.85;74.00;1002.30;0.00;0.00;10.00;0.00;0.00;10.00;53.62;269.67;11.90;93.47;10.85;95.71;12.07;116.57;11.52
2018;08;21;16;00;29.61;74.00;1002.10;0.00;0.00;18.00;0.00;0.00;18.00;48.51;313.28;14.76;91.40;14.42;92.86;13.90;106.56;13.32
2018;08;21;17;00;28.74;78.00;1002.60;0.00;0.00;19.00;0.00;0.00;19.00;47.87;270.56;15.84;90.00;16.20;91.27;16.24;102.80;16.20
2018;08;21;18;00;27.33;86.00;1002.90;0.00;0.00;100.00;0.00;0.00;100.00;0.00;70.31;14.40;90.00;14.40;90.00;17.23;100.84;18.00
2018;08;21;19;00;26.37;90.00;1003.30;0.00;0.00;100.00;0.00;0.00;100.00;0.00;8.90;11.88;90.00;11.88;90.00;17.11;98.47;14.76
2018;08;21;20;00;27.56;89.00;1002.30;0.00;0.00;31.00;0.00;0.00;31.00;0.00;0.00;7.59;84.56;9.01;87.71;10.09;87.95;8.28
2018;08;21;21;00;27.24;90.00;1002.60;0.00;0.00;100.00;0.00;0.00;100.00;0.00;0.00;9.03;85.43;9.75;85.76;12.96;88.41;10.44
2018;08;21;22;00;26.95;92.00;1003.20;0.00;0.00;100.00;0.00;0.00;100.00;0.00;0.00;9.36;90.00;10.45;88.03;15.86;92.60;11.52
2018;08;21;23;00;26.83;91.00;1003.20;0.00;0.00;100.00;0.00;0.00;100.00;0.00;0.00;9.00;90.00;10.80;90.00;17.65;92.34;12.24
2018;08;22;00;00;26.83;89.00;1003.30;0.00;0.00;100.00;0.00;0.00;100.00;0.00;0.00;7.56;90.00;10.09;92.05;20.16;90.00;13.32
2018;08;22;01;00;26.45;91.00;1003.10;0.00;0.00;69.00;0.00;0.00;69.00;0.00;0.00;5.51;78.69;8.65;87.61;20.52;88.99;10.80
2018;08;22;02;00;26.12;93.00;1002.70;0.00;0.00;16.00;0.00;0.00;16.00;0.00;0.00;3.83;41.19;5.99;57.26;18.84;83.42;7.20
2018;08;22;03;00;25.90;94.00;1002.60;0.00;0.00;11.00;0.00;0.00;11.00;0.00;0.00;5.05;4.09;7.07;14.74;16.42;74.74;7.20
2018;08;22;04;00;25.63;95.00;1002.40;0.00;0.00;23.00;0.00;0.00;23.00;0.00;0.00;7.21;357.14;10.44;360.00;13.85;62.10;10.44
2018;08;22;05;00;25.56;95.00;1002.50;0.00;0.00;100.00;0.00;0.00;100.00;0.00;0.00;9.01;357.71;12.96;360.00;13.25;42.80;12.60
2018;08;22;06;00;25.86;94.00;1002.60;0.00;0.00;100.00;0.00;0.00;100.00;0.00;14.24;11.88;360.00;12.96;360.00;15.18;22.31;12.60
2018;08;22;07;00;26.27;92.00;1002.50;0.00;0.00;100.00;0.00;0.00;100.00;0.00;112.14;13.68;360.00;13.68;360.00;19.35;9.64;15.12
2018;08;22;08;00;26.78;91.00;1002.50;0.00;0.00;100.00;0.00;0.00;100.00;0.00;195.80;14.04;360.00;14.04;1.47;23.89;6.05;16.56
2018;08;22;09;00;27.45;86.00;1002.30;0.00;0.00;10.00;0.00;0.00;10.00;53.62;230.51;15.48;358.67;15.84;358.70;28.94;5.71;18.72
2018;08;22;10;00;29.44;75.00;1002.20;0.00;0.00;10.00;0.00;0.00;10.00;53.62;604.31;18.00;360.00;18.00;358.85;33.40;7.43;21.24
2018;08;22;11;00;30.43;70.00;1001.80;0.00;0.00;10.00;0.00;0.00;10.00;53.62;765.40;21.27;2.91;20.89;1.97;35.81;9.84;23.04
2018;08;22;12;00;30.91;68.00;1001.50;0.00;0.00;10.00;0.00;0.00;10.00;53.62;812.57;22.39;4.61;22.39;4.61;36.46;9.09;24.48
2018;08;22;13;00;31.04;68.00;1001.00;0.00;0.00;10.00;0.00;0.00;10.00;53.62;809.01;22.39;4.61;22.39;4.61;36.87;9.55;25.92
2018;08;22;14;00;30.85;68.00;1000.60;0.00;0.00;10.00;0.00;0.00;10.00;53.62;602.53;22.71;2.73;23.07;2.68;38.24;14.17;25.20
2018;08;22;15;00;30.74;67.00;1000.30;0.00;0.00;10.00;0.00;0.00;10.00;53.62;577.61;22.68;360.00;23.04;360.00;39.76;16.30;26.64
2018;08;22;16;00;30.48;67.00;999.80;0.00;0.00;10.00;0.00;0.00;10.00;53.62;511.75;22.37;356.31;23.44;356.48;41.24;16.22;27.00
2018;08;22;17;00;29.99;69.00;999.80;0.00;0.00;10.00;0.00;0.00;10.00;53.62;341.76;22.51;352.65;24.34;352.35;39.76;16.30;25.56
2018;08;22;18;00;29.05;73.00;1000.00;0.00;0.00;0.00;0.00;0.00;0.00;60.00;162.87;21.43;352.28;25.05;352.57;39.03;14.42;25.56
2018;08;22;19;00;27.95;79.00;1000.40;0.00;0.00;0.00;0.00;0.00;0.00;31.64;14.24;19.60;352.61;23.98;352.23;36.90;17.02;24.48
2018;08;22;20;00;27.47;83.00;1000.30;0.00;0.00;0.00;0.00;0.00;0.00;0.00;0.00;20.19;348.69;25.28;349.33;37.84;27.78;25.20
2018;08;22;21;00;26.91;87.00;1000.20;0.00;0.00;100.00;0.00;0.00;100.00;0.00;0.00;21.07;343.11;24.98;344.96;38.67;28.95;25.56
2018;08;22;22;00;26.78;89.00;1000.40;0.00;0.00;100.00;0.00;0.00;100.00;0.00;0.00;21.53;339.44;25.50;341.05;41.46;23.00;27.00
2018;08;22;23;00;26.62;89.00;1000.00;0.00;0.00;100.00;0.00;0.00;100.00;0.00;0.00;21.73;333.43;25.62;335.96;42.83;16.61;27.36
2018;08;23;00;00;26.57;89.00;999.90;0.00;0.00;100.00;0.00;0.00;100.00;0.00;0.00;22.29;328.88;27.06;331.39;48.47;15.07;29.16
2018;08;23;01;00;26.38;90.00;999.70;0.00;0.00;100.00;0.00;0.00;100.00;0.00;0.00;22.77;325.30;27.17;327.99;51.73;8.81;29.52
2018;08;23;02;00;26.27;90.00;999.40;0.00;0.00;100.00;0.00;0.00;100.00;0.00;0.00;23.05;321.34;28.37;324.29;54.08;3.05;30.60
2018;08;23;03;00;26.05;90.00;999.30;0.00;0.00;100.00;0.00;0.00;100.00;0.00;0.00;22.66;314.36;26.23;316.67;57.24;0.36;32.04
2018;08;23;04;00;25.75;90.00;999.00;0.00;0.00;100.00;0.00;0.00;100.00;0.00;0.00;23.77;305.13;28.73;307.87;55.86;2.59;32.40
2018;08;23;05;00;25.33;90.00;999.20;0.00;0.00;100.00;0.00;0.00;100.00;0.00;0.00;25.14;299.13;29.57;301.56;63.10;356.73;33.84
2018;08;23;06;00;24.93;91.00;999.40;0.00;0.00;100.00;0.00;0.00;100.00;0.00;17.80;25.77;298.35;30.68;301.08;62.79;347.08;35.28
2018;08;23;07;00;25.53;88.00;999.70;0.00;0.00;100.00;0.00;0.00;100.00;0.00;150.41;26.58;298.30;28.89;300.72;61.61;340.19;37.80
2018;08;23;08;00;27.08;82.00;999.80;0.00;0.00;0.00;0.00;0.00;0.00;60.00;370.24;26.37;302.17;28.56;303.69;66.05;335.53;37.08
2018;08;23;09;00;28.94;75.00;999.60;0.00;0.00;0.00;0.00;0.00;0.00;60.00;560.70;27.38;309.13;29.09;310.99;64.91;337.84;38.52
2018;08;23;10;00;30.26;70.00;999.70;0.00;0.00;10.00;0.00;0.00;10.00;53.62;702.21;29.28;316.49;31.85;317.29;67.04;335.91;39.24
2018;08;23;11;00;31.09;64.00;999.50;0.00;0.00;10.00;0.00;0.00;10.00;53.62;760.95;31.49;321.03;34.07;321.43;56.62;329.85;41.76
2018;08;23;12;00;31.20;62.00;999.20;0.00;0.00;62.00;0.00;0.00;62.00;20.43;711.11;31.77;321.44;34.86;321.71;52.65;324.46;40.68
2018;08;23;13;00;31.46;61.00;998.80;0.00;0.00;61.00;0.00;0.00;61.00;21.06;515.31;31.26;321.55;34.64;322.18;49.68;323.55;41.04
2018;08;23;14;00;31.25;61.00;998.70;0.00;0.00;71.00;0.00;0.00;71.00;14.68;469.92;30.31;322.72;34.20;323.13;48.89;323.38;39.96
2018;08;23;15;00;31.08;62.00;998.80;0.00;0.00;63.00;0.00;0.00;63.00;19.79;396.05;29.09;323.56;32.98;323.88;48.55;324.66;39.24
2018;08;23;16;00;30.67;63.00;998.60;0.00;0.00;71.00;0.00;0.00;71.00;14.68;313.28;27.79;323.43;32.19;323.64;47.46;324.26;36.72
2018;08;23;17;00;30.39;64.00;999.10;0.00;0.00;10.00;0.00;0.00;10.00;53.62;223.39;25.99;323.45;30.47;324.62;46.83;325.33;34.92
2018;08;23;18;00;29.64;67.00;999.60;0.00;0.00;10.00;0.00;0.00;10.00;53.62;154.86;23.11;322.59;29.09;323.56;52.24;327.95;31.32
2018;08;23;19;00;28.65;71.00;1000.10;0.00;0.00;0.00;0.00;0.00;0.00;30.52;12.46;18.95;321.17;25.20;323.13;58.45;332.49;26.64
2018;08;23;20;00;27.98;73.00;1001.60;0.00;0.00;0.00;0.00;0.00;0.00;0.00;0.00;12.96;358.41;18.39;356.63;30.15;310.16;17.28
2018;08;23;21;00;27.16;76.00;1002.00;0.00;0.00;0.00;0.00;0.00;0.00;0.00;0.00;11.57;354.64;16.62;355.03;30.85;311.69;15.84
2018;08;23;22;00;26.55;78.00;1002.60;0.00;0.00;0.00;0.00;0.00;0.00;0.00;0.00;10.14;343.50;15.28;344.98;28.67;308.88;16.20
2018;08;23;23;00;25.97;80.00;1002.40;0.00;0.00;0.00;0.00;0.00;0.00;0.00;0.00;8.50;323.62;14.02;330.80;26.16;304.35;14.76
2018;08;24;00;00;25.46;83.00;1002.70;0.00;0.00;0.00;0.00;0.00;0.00;0.00;0.00;7.99;305.84;14.53;318.01;23.47;302.47;18.00
2018;08;24;01;00;24.95;85.00;1002.80;0.00;0.00;0.00;0.00;0.00;0.00;0.00;0.00;8.53;297.65;16.30;313.21;23.36;298.54;14.76
2018;08;24;02;00;24.54;85.00;1002.80;0.00;0.00;0.00;0.00;0.00;0.00;0.00;0.00;9.66;296.57;17.85;311.73;24.16;294.66;15.12
2018;08;24;03;00;24.10;84.00;1002.90;0.00;0.00;0.00;0.00;0.00;0.00;0.00;0.00;9.83;298.44;17.34;311.63;23.21;293.78;14.76
2018;08;24;04;00;23.56;83.00;1002.90;0.00;0.00;0.00;0.00;0.00;0.00;0.00;0.00;9.34;297.55;17.07;312.44;21.10;295.25;14.04
2018;08;24;05;00;22.94;83.00;1003.40;0.00;0.00;0.00;0.00;0.00;0.00;36.72;0.00;9.83;298.44;17.57;314.17;19.83;299.36;14.40
2018;08;24;06;00;22.61;83.00;1003.60;0.00;0.00;0.00;0.00;0.00;0.00;60.00;17.80;10.32;299.25;18.33;315.00;20.88;305.88;17.64
2018;08;24;07;00;23.88;78.00;1004.00;0.00;0.00;0.00;0.00;0.00;0.00;60.00;182.45;11.81;307.57;13.76;312.88;21.20;310.18;15.12
2018;08;24;08;00;25.65;74.00;1004.40;0.00;0.00;0.00;0.00;0.00;0.00;60.00;382.70;11.71;315.00;11.48;318.81;19.60;315.74;15.84
2018;08;24;09;00;27.41;69.00;1004.60;0.00;0.00;0.00;0.00;0.00;0.00;60.00;566.93;11.53;321.34;10.51;321.95;16.38;326.66;13.32
2018;08;24;10;00;28.71;61.00;1004.80;0.00;0.00;0.00;0.00;0.00;0.00;60.00;719.12;10.74;320.44;9.73;321.01;13.22;330.64;11.88
2018;08;24;11;00;29.72;56.00;1004.70;0.00;0.00;0.00;0.00;0.00;0.00;60.00;827.70;9.09;326.31;7.99;324.16;9.20;329.42;11.52
2018;08;24;12;00;30.58;51.00;1004.70;0.00;0.00;0.00;0.00;0.00;0.00;60.00;880.21;7.63;340.71;6.49;340.56;7.24;333.43;9.72
2018;08;24;13;00;31.15;51.00;1004.40;0.00;0.00;0.00;0.00;0.00;0.00;60.00;876.65;7.56;360.00;6.12;360.00;5.45;352.41;8.28
2018;08;24;14;00;31.47;48.00;1004.10;0.00;0.00;0.00;0.00;0.00;0.00;60.00;817.02;8.05;26.57;6.92;27.90;4.90;17.10;7.56
2018;08;24;15;00;31.39;50.00;1004.00;0.00;0.00;0.00;0.00;0.00;0.00;60.00;703.99;9.93;46.47;8.40;46.74;5.40;36.87;8.28
2018;08;24;16;00;30.90;54.00;1003.80;0.00;0.00;0.00;0.00;0.00;0.00;60.00;548.24;13.22;60.64;12.10;59.62;4.84;41.99;9.72
2018;08;24;17;00;29.69;63.00;1004.30;0.00;0.00;0.00;0.00;0.00;0.00;60.00;362.23;16.52;69.59;16.39;70.77;5.12;39.29;12.60
2018;08;24;18;00;28.01;76.00;1004.90;0.00;0.00;0.00;0.00;0.00;0.00;29.38;163.76;16.60;65.66;18.06;66.50;7.59;31.43;15.12
2018;08;24;19;00;27.02;80.00;1005.50;0.00;0.00;0.00;0.00;0.00;0.00;0.00;11.57;14.83;60.95;18.09;58.84;8.71;38.29;12.60
2018;08;24;20;00;26.62;78.00;1005.60;0.00;0.00;100.00;0.00;100.00;0.00;0.00;0.00;11.37;79.05;13.85;81.03;13.44;69.62;14.40
2018;08;24;21;00;26.23;82.00;1005.80;0.00;0.00;7.00;0.00;7.00;4.00;0.00;0.00;10.95;80.54;14.56;81.47;15.03;73.30;14.76
2018;08;24;22;00;26.30;83.00;1006.20;0.00;0.00;100.00;0.00;0.00;100.00;0.00;0.00;10.95;80.54;14.92;81.67;14.80;85.82;12.60
2018;08;24;23;00;26.19;85.00;1006.20;0.00;0.00;20.00;0.00;0.00;20.00;0.00;0.00;10.66;78.31;14.92;81.67;15.04;101.04;12.24
2018;08;25;00;00;26.27;86.00;1006.20;0.00;0.00;100.00;0.00;100.00;100.00;0.00;0.00;12.66;75.17;15.98;75.65;16.42;105.26;12.96
2018;08;25;01;00;26.43;86.00;1006.00;0.00;0.00;100.00;0.00;100.00;100.00;0.00;0.00;13.78;70.14;17.19;70.43;16.95;102.26;14.40
2018;08;25;02;00;26.29;87.00;1005.80;0.00;0.00;100.00;0.00;100.00;100.00;0.00;0.00;14.35;72.47;17.65;73.41;16.98;94.86;15.12
2018;08;25;03;00;25.35;94.00;1005.80;2.80;0.00;100.00;0.00;100.00;100.00;0.00;0.00;15.19;58.57;18.40;59.42;16.70;82.57;15.48
2018;08;25;04;00;24.56;94.00;1005.60;5.70;0.00;100.00;0.00;100.00;100.00;0.00;0.00;17.94;38.48;21.82;37.63;25.92;89.20;20.52
2018;08;25;05;00;23.74;93.00;1006.00;2.80;0.00;100.00;0.00;100.00;100.00;0.00;0.00;21.27;23.96;23.87;23.09;41.91;85.07;27.36
2018;08;25;06;00;22.69;92.00;1006.20;1.60;0.00;100.00;5.00;100.00;100.00;0.00;0.89;23.49;15.10;27.42;13.67;49.79;82.10;30.96
2018;08;25;07;00;21.70;92.00;1006.70;3.00;0.00;100.00;100.00;100.00;100.00;0.00;12.46;23.49;15.10;26.90;15.52;50.45;87.55;30.96
2018;08;25;08;00;21.49;91.00;1007.10;2.20;0.00;100.00;100.00;100.00;100.00;0.00;39.16;23.60;21.48;27.61;22.22;46.91;93.96;28.80
2018;08;25;09;00;21.82;90.00;1007.20;1.10;0.00;100.00;100.00;100.00;100.00;0.00;89.89;25.28;26.20;29.14;27.20;47.11;96.58;29.88
2018;08;25;10;00;22.31;90.00;1007.40;1.10;0.00;100.00;100.00;100.00;100.00;0.00;140.62;25.32;29.85;29.39;30.96;46.70;99.32;31.68
2018;08;25;11;00;23.01;90.00;1007.30;0.60;0.00;100.00;100.00;100.00;100.00;0.00;169.10;26.16;34.35;29.17;35.46;44.13;101.77;30.96
2018;08;25;12;00;23.46;90.00;1007.30;0.20;0.00;100.00;71.00;100.00;100.00;0.00;113.92;26.37;38.90;29.69;39.09;40.69;103.30;27.36
2018;08;25;13;00;23.86;91.00;1007.10;0.10;0.00;100.00;100.00;100.00;100.00;0.00;108.58;26.52;41.70;28.82;41.46;37.72;103.24;26.64
2018;08;25;14;00;24.15;91.00;1006.70;0.10;0.00;100.00;100.00;100.00;100.00;0.00;113.03;26.48;43.90;29.78;44.51;35.38;102.34;26.64
2018;08;25;15;00;24.56;92.00;1006.50;0.10;0.00;100.00;100.00;100.00;100.00;0.00;118.37;26.23;46.67;29.04;47.01;34.75;103.17;26.28
2018;08;25;16;00;25.06;92.00;1006.10;0.10;0.00;100.00;73.00;100.00;100.00;0.00;125.49;25.23;47.89;28.31;48.61;33.89;102.26;25.92
2018;08;25;17;00;25.52;93.00;1006.20;0.00;0.00;100.00;93.00;100.00;100.00;0.00;114.81;24.06;51.07;26.14;51.71;34.25;102.14;25.56
2018;08;25;18;00;25.67;94.00;1006.20;0.00;0.00;100.00;100.00;100.00;100.00;0.00;62.30;22.18;54.25;25.66;55.86;34.62;98.97;24.84
2018;08;25;19;00;25.72;94.00;1006.50;0.00;0.00;100.00;100.00;100.00;100.00;0.00;5.34;20.57;57.14;24.08;58.45;36.22;100.30;24.48
2018;08;25;20;00;26.75;88.00;1006.40;0.00;0.00;100.00;0.00;0.00;100.00;0.00;0.00;22.88;65.85;27.38;65.12;41.82;92.96;27.00
2018;08;25;21;00;26.74;88.00;1006.50;0.00;0.00;100.00;0.00;0.00;100.00;0.00;0.00;22.23;65.10;26.25;64.84;44.30;91.86;27.36
2018;08;25;22;00;26.77;89.00;1006.80;0.00;0.00;79.00;0.00;0.00;79.00;0.00;0.00;22.06;63.85;26.41;64.13;42.89;92.89;27.36
2018;08;25;23;00;26.81;88.00;1006.50;0.00;0.00;100.00;0.00;0.00;100.00;0.00;0.00;21.09;62.56;25.12;62.70;38.60;93.74;25.56
2018;08;26;00;00;26.79;89.00;1006.30;0.00;0.00;100.00;0.00;0.00;100.00;0.00;0.00;20.46;61.63;24.48;61.93;36.39;92.27;24.48
2018;08;26;01;00;26.75;90.00;1006.00;0.00;0.00;100.00;0.00;0.00;100.00;0.00;0.00;19.20;59.59;23.22;60.26;34.94;88.23;23.40
2018;08;26;02;00;26.76;90.00;1005.80;0.00;0.00;100.00;0.00;0.00;100.00;0.00;0.00;18.17;56.31;22.37;56.82;33.71;83.25;21.96
2018;08;26;03;00;26.84;90.00;1005.70;0.00;0.00;100.00;0.00;0.00;100.00;0.00;0.00;17.97;57.26;21.67;57.89;31.85;79.58;21.60
2018;08;26;04;00;26.95;89.00;1005.40;0.00;0.00;100.00;0.00;0.00;100.00;0.00;0.00;17.07;62.35;21.09;62.56;29.44;78.00;21.24
2018;08;26;05;00;26.90;89.00;1005.50;0.00;0.00;100.00;0.00;0.00;100.00;0.00;0.00;17.07;62.35;19.97;62.05;29.72;73.10;19.80
2018;08;26;06;00;26.82;90.00;1005.60;0.00;0.00;100.00;0.00;0.00;100.00;0.00;9.79;16.12;60.57;18.40;59.42;30.85;70.93;20.16
2018;08;26;07;00;27.12;91.00;1005.80;0.00;0.00;100.00;0.00;0.00;100.00;0.00;95.23;14.08;57.53;14.08;57.53;29.25;76.48;17.64
2018;08;26;08;00;27.61;91.00;1005.90;0.00;0.00;100.00;0.00;10.00;100.00;0.00;150.41;12.29;58.17;12.41;60.46;25.26;85.91;15.48
2018;08;26;09;00;27.41;92.00;1006.10;0.10;0.00;100.00;0.00;100.00;100.00;0.00;72.09;10.31;65.22;10.31;65.22;21.63;108.43;13.68
2018;08;26;10;00;27.47;92.00;1006.50;0.20;0.00;100.00;0.00;100.00;100.00;0.00;73.87;9.01;92.29;9.01;92.29;22.66;134.36;12.24
2018;08;26;11;00;27.49;93.00;1006.40;0.20;0.00;100.00;0.00;13.00;100.00;0.00;80.10;12.23;137.39;13.00;138.37;23.40;149.49;14.76
2018;08;26;12;00;27.25;91.00;1006.80;1.20;0.00;100.00;100.00;100.00;100.00;0.00;108.58;17.17;146.98;20.07;147.45;24.95;153.43;20.16
2018;08;26;13;00;27.96;87.00;1006.50;0.00;0.00;100.00;0.00;0.00;100.00;0.00;196.69;14.51;136.01;14.51;136.01;27.60;149.42;18.72
2018;08;26;14;00;27.91;85.00;1005.90;0.00;0.00;100.00;0.00;0.00;100.00;0.00;231.40;15.35;129.29;16.60;130.60;27.96;145.49;19.44
2018;08;26;15;00;27.93;85.00;1005.90;0.00;0.00;100.00;0.00;0.00;100.00;0.00;201.14;16.20;126.87;17.43;128.29;27.33;139.81;19.44
2018;08;26;16;00;27.78;85.00;1005.60;0.00;0.00;100.00;0.00;0.00;100.00;0.00;142.40;16.64;128.85;18.39;130.24;28.53;137.05;20.16
2018;08;26;17;00;27.78;86.00;1006.00;0.00;0.00;100.00;0.00;0.00;100.00;0.00;150.41;16.60;130.60;18.63;131.08;31.32;136.40;21.24
2018;08;26;18;00;27.08;89.00;1006.30;0.00;0.00;100.00;0.00;0.00;100.00;0.00;50.73;16.06;132.27;18.58;134.22;34.64;142.18;22.32
2018;08;26;19;00;26.63;92.00;1006.70;0.00;0.00;100.00;0.00;0.00;100.00;0.00;3.56;14.80;131.05;17.07;132.44;36.88;141.34;21.96
2018;08;26;20;00;27.05;90.00;1006.30;0.00;0.00;100.00;100.00;68.00;100.00;0.00;0.00;16.09;139.54;22.77;140.77;34.85;160.07;23.76
2018;08;26;21;00;26.54;93.00;1006.70;0.00;0.00;100.00;100.00;100.00;34.00;0.00;0.00;16.32;138.58;23.00;140.08;36.50;157.99;31.32
2018;08;26;22;00;26.71;92.00;1007.30;0.00;0.00;100.00;100.00;33.00;100.00;0.00;0.00;16.92;141.91;23.48;144.36;38.32;154.40;29.16
2018;08;26;23;00;26.69;92.00;1007.40;0.00;0.00;100.00;100.00;4.00;100.00;0.00;0.00;16.68;147.34;22.97;147.80;41.80;159.85;25.92
2018;08;27;00;00;26.72;91.00;1007.50;0.00;0.00;100.00;100.00;0.00;100.00;0.00;0.00;16.49;148.39;22.78;148.57;42.72;163.86;25.92
2018;08;27;01;00;26.66;91.00;1007.40;0.00;0.00;100.00;68.00;0.00;100.00;0.00;0.00;15.68;148.13;21.67;147.89;43.86;163.80;24.84
2018;08;27;02;00;26.59;91.00;1007.30;0.00;0.00;100.00;65.00;0.00;100.00;0.00;0.00;14.39;148.30;20.50;149.38;45.85;164.98;24.12
2018;08;27;03;00;26.48;92.00;1007.50;0.00;0.00;100.00;70.00;0.00;100.00;0.00;0.00;11.89;144.87;17.97;147.26;43.92;169.61;21.24
2018;08;27;04;00;25.94;94.00;1007.50;0.00;0.00;20.10;67.00;0.00;6.00;0.00;0.00;10.20;132.14;17.57;135.83;40.25;169.70;22.68
2018;08;27;05;00;25.70;94.00;1007.90;0.00;0.00;15.60;52.00;0.00;0.00;29.11;0.00;10.38;123.69;18.12;130.97;36.71;168.69;20.16
2018;08;27;06;00;25.90;94.00;1008.20;0.00;0.00;15.60;52.00;0.00;14.00;50.04;18.69;11.79;121.26;18.50;127.09;34.42;164.22;18.72
2018;08;27;07;00;27.41;87.00;1008.60;0.00;0.00;100.00;37.00;0.00;100.00;0.00;165.54;17.94;128.48;21.99;129.69;33.53;165.07;23.04
2018;08;27;08;00;27.28;86.00;1009.10;0.00;0.00;100.00;8.00;76.00;100.00;0.00;174.44;19.13;131.19;22.93;132.46;33.03;159.59;25.56
2018;08;27;09;00;28.40;82.00;1009.20;0.20;0.00;81.00;2.00;81.00;81.00;8.30;248.31;20.39;132.14;21.90;133.67;32.86;155.40;24.12
2018;08;27;10;00;28.14;82.00;1009.40;0.20;0.00;86.00;0.00;86.00;86.00;5.11;270.56;19.88;132.06;22.16;133.03;33.85;147.15;23.76
2018;08;27;11;00;28.59;80.00;1009.60;0.20;0.00;74.00;0.00;74.00;74.00;12.77;315.06;21.44;130.91;23.20;131.86;34.65;145.15;25.20
2018;08;27;12;00;28.67;79.00;1009.60;0.10;0.00;78.00;0.00;78.00;78.00;10.21;352.44;22.69;131.78;25.21;133.26;36.75;147.40;28.44
2018;08;27;13;00;28.30;80.00;1009.20;0.10;0.00;57.00;0.00;57.00;57.00;23.62;360.45;22.77;129.23;25.03;130.33;39.31;142.82;28.80
2018;08;27;14;00;29.03;79.00;1008.70;0.00;0.00;10.00;0.00;0.00;10.00;53.62;351.55;22.86;123.44;25.36;124.59;41.71;154.98;29.52
2018;08;27;15;00;29.11;76.00;1008.30;0.00;0.00;10.00;0.00;0.00;10.00;53.62;587.40;25.16;123.92;27.87;125.54;46.53;153.83;31.32
2018;08;27;16;00;29.09;77.00;1007.90;0.00;0.00;10.00;0.00;0.00;10.00;53.62;501.07;26.26;123.25;29.26;124.47;47.87;150.74;32.04
2018;08;27;17;00;28.55;79.00;1008.30;0.00;0.00;10.00;0.00;0.00;10.00;53.62;283.02;25.99;126.55;29.74;128.12;47.52;151.49;29.88
2018;08;27;18;00;27.71;82.00;1008.50;0.00;0.00;10.00;0.00;0.00;10.00;23.15;141.51;23.90;127.04;28.73;127.87;48.67;150.78;30.24
2018;08;27;19;00;27.13;85.00;1008.90;0.00;0.00;51.00;0.00;0.00;51.00;0.00;7.12;22.61;127.23;27.66;128.66;50.46;150.51;32.04
2018;08;27;20;00;27.24;86.00;1008.00;0.00;0.00;0.00;0.00;0.00;0.00;0.00;0.00;23.05;141.34;29.74;141.88;50.35;159.49;33.48
2018;08;27;21;00;27.06;87.00;1008.40;0.00;0.00;0.00;0.00;0.00;0.00;0.00;0.00;22.98;144.57;29.26;145.53;50.69;159.63;31.68
2018;08;27;22;00;26.92;87.00;1009.20;0.00;0.00;1.80;6.00;0.00;0.00;0.00;0.00;22.17;147.60;28.77;148.30;51.49;159.54;31.68
2018;08;27;23;00;26.70;88.00;1009.30;0.00;0.00;13.50;45.00;0.00;0.00;0.00;0.00;20.81;149.89;27.24;150.72;50.90;162.72;30.24
2018;08;28;00;00;26.49;88.00;1009.50;0.00;0.00;11.10;37.00;0.00;0.00;0.00;0.00;19.51;150.12;26.26;151.33;48.52;163.18;28.44
2018;08;28;01;00;26.26;89.00;1009.40;0.00;0.00;9.30;31.00;0.00;0.00;0.00;0.00;18.09;148.84;24.51;150.05;47.38;163.22;27.72
2018;08;28;02;00;26.03;89.00;1009.20;0.00;0.00;30.00;28.00;0.00;30.00;0.00;0.00;17.17;146.98;23.77;147.99;48.03;165.23;27.72
2018;08;28;03;00;25.86;90.00;1009.20;0.00;0.00;15.00;22.00;0.00;15.00;0.00;0.00;17.28;144.32;23.07;145.81;48.67;172.35;27.00
2018;08;28;04;00;25.75;90.00;1009.20;0.00;0.00;35.00;6.00;0.00;35.00;0.00;0.00;17.71;142.43;23.69;143.65;49.66;173.34;27.36
2018;08;28;05;00;25.67;90.00;1009.50;0.00;0.00;0.00;0.00;0.00;0.00;34.31;0.00;17.15;140.96;23.62;142.43;47.68;175.24;27.00
2018;08;28;06;00;25.76;90.00;1009.70;0.00;0.00;33.00;0.00;0.00;33.00;38.94;14.24;17.07;137.56;22.73;139.50;42.50;169.26;24.84
2018;08;28;07;00;27.03;85.00;1010.00;0.00;0.00;10.00;0.00;0.00;10.00;53.62;170.88;20.39;137.86;23.47;138.73;41.04;172.44;27.00
2018;08;28;08;00;28.07;79.00;1010.30;0.00;0.00;10.00;0.00;0.00;10.00;53.62;347.99;22.96;138.81;25.54;139.57;42.32;170.70;30.24
2018;08;28;09;00;28.93;74.00;1010.40;0.00;0.00;10.00;0.00;0.00;10.00;53.62;516.20;24.57;140.95;26.43;142.19;50.62;174.69;32.76
2018;08;28;10;00;29.51;72.00;1010.70;0.00;0.00;10.00;0.00;0.00;10.00;53.62;589.18;25.31;140.19;27.61;140.29;46.10;165.53;33.12
2018;08;28;11;00;29.95;70.00;1010.40;0.00;0.00;10.00;0.00;0.00;10.00;53.62;688.86;26.28;138.89;27.84;139.72;46.44;147.67;34.20
2018;08;28;12;00;30.52;68.00;1010.10;0.00;0.00;10.00;0.00;0.00;10.00;53.62;801.00;26.23;136.67;27.51;137.12;46.47;139.40;33.84
2018;08;28;13;00;30.62;67.00;1009.60;0.00;0.00;10.00;0.00;0.00;10.00;53.62;796.55;27.49;135.00;28.52;136.02;47.35;151.88;34.20
2018;08;28;14;00;30.46;68.00;1009.30;0.00;0.00;10.00;0.00;0.00;10.00;53.62;744.04;28.02;137.08;30.08;137.91;44.86;157.34;33.12
2018;08;28;15;00;29.52;71.00;1009.10;0.00;0.00;10.00;0.00;0.00;10.00;53.62;528.66;27.03;138.24;29.36;139.47;45.32;165.74;33.12
2018;08;28;16;00;29.58;71.00;1008.80;0.00;0.00;10.00;0.00;0.00;10.00;53.62;495.73;26.52;138.30;29.36;139.47;46.11;160.86;30.96
2018;08;28;17;00;28.95;74.00;1009.10;0.00;0.00;10.00;0.00;0.00;10.00;53.62;322.18;24.97;137.34;28.04;138.12;40.73;153.21;30.96
2018;08;28;18;00;28.03;78.00;1009.40;0.00;0.00;10.00;0.00;0.00;10.00;22.10;138.84;22.92;136.27;27.51;137.12;40.41;152.98;28.80
2018;08;28;19;00;27.07;83.00;1009.80;0.00;0.00;0.00;0.00;0.00;0.00;0.00;7.12;21.38;135.00;26.23;136.67;42.50;153.87;29.88
2018;08;28;20;00;27.14;84.00;1009.00;0.00;0.00;0.00;0.00;0.00;0.00;0.00;0.00;22.57;146.06;29.16;147.09;48.03;167.01;32.40
2018;08;28;21;00;26.90;85.00;1009.00;0.00;0.00;0.00;0.00;0.00;0.00;0.00;0.00;21.67;147.89;27.97;148.15;47.42;164.59;31.32
2018;08;28;22;00;26.72;86.00;1009.30;0.00;0.00;0.00;0.00;0.00;0.00;0.00;0.00;20.77;146.31;27.36;147.36;46.56;161.99;30.24
2018;08;28;23;00;26.52;87.00;1009.20;0.00;0.00;0.00;0.00;0.00;0.00;0.00;0.00;19.47;146.31;25.96;146.31;44.63;160.69;28.44
2018;08;29;00;00;26.35;88.00;1009.10;0.00;0.00;0.00;0.00;0.00;0.00;0.00;0.00;18.00;143.13;24.99;143.79;42.85;158.82;27.00
2018;08;29;01;00;26.17;89.00;1009.00;0.00;0.00;0.00;0.00;0.00;0.00;0.00;0.00;16.64;141.15;23.33;141.89;41.00;159.97;29.16
2018;08;29;02;00;25.97;90.00;1008.70;0.00;0.00;0.00;0.00;0.00;0.00;0.00;0.00;15.31;138.81;22.49;140.19;38.14;162.42;27.72
2018;08;29;03;00;25.78;90.00;1008.60;0.00;0.00;0.00;0.00;0.00;0.00;0.00;0.00;14.26;137.05;21.20;139.82;34.96;163.24;22.68
2018;08;29;04;00;25.60;91.00;1008.40;0.00;0.00;0.00;0.00;0.00;0.00;0.00;0.00;14.00;133.96;21.41;137.73;31.76;162.18;21.60
2018;08;29;05;00;25.46;91.00;1008.50;0.00;0.00;0.00;0.00;0.00;0.00;33.71;0.00;14.29;130.91;21.89;135.00;29.83;156.53;21.24
2018;08;29;06;00;25.56;91.00;1008.50;0.00;0.00;0.00;0.00;0.00;0.00;60.00;13.35;14.84;129.09;21.92;132.34;29.02;150.26;23.76
2018;08;29;07;00;27.02;86.00;1008.70;0.00;0.00;2.00;0.00;0.00;2.00;58.72;169.99;18.12;130.97;20.66;131.47;29.66;146.89;22.32
2018;08;29;08;00;28.14;80.00;1008.80;0.00;0.00;100.00;0.00;0.00;100.00;0.00;346.21;20.63;132.88;22.42;132.40;30.26;147.63;24.48
2018;08;29;09;00;28.34;78.00;1008.90;0.00;0.00;10.00;0.00;0.00;10.00;53.62;347.10;21.14;132.93;22.40;135.00;30.57;147.99;24.48
2018;08;29;10;00;29.25;75.00;1009.10;0.00;0.00;10.00;0.00;0.00;10.00;53.62;551.80;22.41;133.70;23.42;135.00;30.87;148.35;25.56
2018;08;29;11;00;28.89;76.00;1008.70;0.00;0.00;100.00;0.00;100.00;10.00;0.00;507.30;22.67;133.07;23.68;134.38;30.56;145.56;25.56
2018;08;29;12;00;28.78;76.00;1008.70;0.00;0.00;100.00;0.00;100.00;23.00;0.00;328.41;22.18;131.71;24.22;131.99;32.48;148.60;25.92
2018;08;29;13;00;30.12;71.00;1008.30;0.00;0.00;10.00;0.00;0.00;10.00;53.62;669.28;21.92;132.34;22.67;133.07;32.17;148.27;25.56
2018;08;29;14;00;30.34;70.00;1007.90;0.00;0.00;15.00;0.00;0.00;15.00;50.43;741.37;22.18;138.29;23.28;140.65;33.01;152.04;26.28
2018;08;29;15;00;29.31;74.00;1007.90;0.00;0.00;10.00;0.00;0.00;10.00;53.62;299.04;21.89;143.70;23.57;145.58;34.51;156.64;26.64
2018;08;29;16;00;28.99;75.00;1007.60;0.00;0.00;16.00;0.00;0.00;16.00;49.79;288.36;22.10;142.94;24.77;144.46;35.31;159.72;27.36
2018;08;29;17;00;28.54;78.00;1007.90;0.00;0.00;15.00;0.00;0.00;15.00;50.43;230.51;21.89;143.70;24.27;144.66;37.77;157.59;27.36
2018;08;29;18;00;27.78;82.00;1008.20;0.00;0.00;100.00;0.00;0.00;100.00;0.00;102.35;20.24;141.50;23.33;141.89;37.64;158.10;25.92
2018;08;29;19;00;27.13;85.00;1008.50;0.00;0.00;100.00;0.00;0.00;100.00;0.00;5.34;19.09;135.76;22.41;136.30;38.82;155.34;25.20
2018;08;29;20;00;28.17;81.00;1007.20;0.00;0.00;0.00;0.00;0.00;0.00;0.00;0.00;22.21;160.10;28.46;161.57;32.50;184.45;24.48
2018;08;29;21;00;27.89;82.00;1007.60;0.00;0.00;0.00;0.00;0.00;0.00;0.00;0.00;22.53;167.07;28.39;167.55;35.46;192.91;26.28
2018;08;29;22;00;27.53;83.00;1008.30;0.00;0.00;0.00;0.00;0.00;0.00;0.00;0.00;21.54;170.38;28.05;171.14;43.32;195.42;29.16
2018;08;29;23;00;27.19;85.00;1008.50;0.00;0.00;0.00;0.00;0.00;0.00;0.00;0.00;20.01;171.72;26.17;172.09;40.16;174.34;28.44
2018;08;30;00;00;26.95;87.00;1008.70;0.00;0.00;0.00;0.00;0.00;0.00;0.00;0.00;17.11;165.38;23.31;166.61;45.31;162.43;29.52
2018;08;30;01;00;26.69;89.00;1008.50;0.00;0.00;0.00;0.00;0.00;0.00;0.00;0.00;15.65;156.97;21.79;157.67;47.33;166.81;26.28
2018;08;30;02;00;26.49;89.00;1008.30;0.00;0.00;0.00;0.00;0.00;0.00;0.00;0.00;17.11;157.75;23.93;158.84;41.07;177.99;24.48
2018;08;30;03;00;26.78;86.00;1008.30;0.00;0.00;100.00;0.00;0.00;100.00;0.00;0.00;18.79;163.30;23.69;163.22;39.32;176.33;24.48
2018;08;30;04;00;26.71;88.00;1008.30;0.00;0.00;100.00;0.00;0.00;100.00;0.00;0.00;17.87;161.20;22.21;160.10;38.22;176.76;25.20
2018;08;30;05;00;26.70;86.00;1008.60;0.00;0.00;100.00;0.00;0.00;100.00;0.00;0.00;16.39;160.77;20.95;160.94;33.53;176.92;22.32
2018;08;30;06;00;26.80;85.00;1009.00;0.00;0.00;100.00;0.00;0.00;100.00;0.00;8.01;14.01;154.09;17.55;154.49;29.60;175.82;19.08
2018;08;30;07;00;27.40;83.00;1009.20;0.40;0.00;100.00;0.00;82.00;100.00;0.00;72.98;14.83;150.95;17.41;150.26;24.61;174.12;18.00
2018;08;30;08;00;27.26;83.00;1009.50;0.20;0.00;100.00;28.00;100.00;90.00;0.00;124.60;15.68;148.13;18.09;148.84;23.38;170.25;17.64
2018;08;30;09;00;27.08;85.00;1009.50;0.80;0.00;100.00;100.00;100.00;92.00;0.00;80.99;16.10;153.43;18.68;152.45;24.39;171.51;21.24
2018;08;30;10;00;27.30;85.00;1009.80;0.00;0.00;100.00;2.00;100.00;5.00;0.00;116.59;16.52;159.59;19.26;159.19;26.76;174.60;20.16
2018;08;30;11;00;28.02;81.00;1009.60;0.00;0.00;100.00;0.00;100.00;100.00;0.00;272.34;18.69;164.36;20.52;164.74;30.27;177.27;20.52
2018;08;30;12;00;27.74;82.00;1009.70;0.50;0.00;100.00;100.00;100.00;98.00;0.00;270.56;19.39;164.93;22.70;165.30;34.63;176.42;21.60
2018;08;30;13;00;27.62;83.00;1009.30;0.00;0.00;100.00;100.00;100.00;11.00;0.00;136.17;21.87;159.78;24.94;159.73;40.40;176.42;25.20
2018;08;30;14;00;27.66;83.00;1008.90;0.00;0.00;100.00;100.00;100.00;10.00;0.00;213.60;22.93;157.86;26.81;157.91;44.07;175.31;27.72
2018;08;30;15;00;27.89;82.00;1008.70;0.00;0.00;100.00;100.00;100.00;10.00;0.00;191.35;22.60;157.52;26.47;157.62;47.63;176.10;29.52
2018;08;30;16;00;27.50;83.00;1008.30;0.00;0.00;100.00;100.00;100.00;13.00;0.00;103.24;22.09;160.97;27.44;160.85;48.40;175.31;31.32
2018;08;30;17;00;27.11;85.00;1008.90;0.00;0.00;100.00;100.00;100.00;6.00;0.00;60.52;20.61;160.62;25.50;161.05;47.21;182.62;28.44
2018;08;30;18;00;27.01;86.00;1009.20;0.00;0.00;100.00;100.00;100.00;100.00;0.00;38.27;18.33;160.50;23.22;161.00;46.12;182.24;25.56
2018;08;30;19;00;26.88;87.00;1009.60;0.00;0.00;100.00;100.00;100.00;100.00;0.00;2.67;18.25;157.99;23.13;159.03;37.88;188.75;23.76
2018;08;30;20;00;27.86;83.00;1009.20;0.00;0.00;28.00;0.00;28.00;7.00;0.00;0.00;19.84;168.49;25.28;169.33;30.30;203.82;23.76
2018;08;30;21;00;27.62;83.00;1009.50;0.00;0.00;100.00;0.00;100.00;0.00;0.00;0.00;22.10;173.45;27.48;174.74;31.31;199.48;30.60
2018;08;30;22;00;27.11;85.00;1010.10;0.00;0.00;100.00;8.00;100.00;0.00;0.00;0.00;22.78;174.56;28.55;174.94;32.93;195.86;30.96
2018;08;30;23;00;26.73;86.00;1010.10;0.00;0.00;26.00;70.00;26.00;0.00;0.00;0.00;22.68;179.09;28.08;179.27;38.38;203.20;32.40
2018;08;31;00;00;26.47;87.00;1010.30;0.00;0.00;34.00;14.00;34.00;9.00;0.00;0.00;22.35;182.77;28.50;183.62;41.44;209.68;28.80
2018;08;31;01;00;26.15;87.00;1010.20;0.00;0.00;24.00;5.00;24.00;0.00;0.00;0.00;19.47;183.18;24.91;184.14;43.20;216.87;27.72
2018;08;31;02;00;25.86;86.00;1009.90;0.00;0.00;100.00;0.00;100.00;0.00;0.00;0.00;16.58;182.49;22.39;184.61;37.11;210.30;23.04
2018;08;31;03;00;25.82;87.00;1009.70;0.00;0.00;100.00;49.00;100.00;0.00;0.00;0.00;14.80;175.82;20.16;178.98;32.38;208.56;19.80
2018;08;31;04;00;25.76;91.00;1009.50;0.00;0.00;100.00;42.00;100.00;0.00;0.00;0.00;14.56;171.47;20.28;173.88;36.12;209.89;22.68
2018;08;31;05;00;25.83;91.00;1009.70;0.00;0.00;100.00;0.00;100.00;0.00;0.00;0.00;14.47;174.29;19.83;176.88;36.75;214.62;21.96
2018;08;31;06;00;25.98;90.00;1010.00;0.00;0.00;100.00;0.00;100.00;67.00;0.00;6.23;14.33;168.41;18.64;169.99;34.30;219.04;25.20
2018;08;31;07;00;26.51;88.00;1010.30;0.00;0.00;100.00;0.00;100.00;100.00;0.00;64.08;17.30;167.99;19.91;167.47;33.60;225.00;23.04
2018;08;31;08;00;26.75;86.00;1010.60;0.60;0.00;100.00;0.00;100.00;100.00;0.00;162.87;19.00;170.18;22.20;171.61;31.09;227.82;22.32
2018;08;31;09;00;30.43;66.00;1009.20;0.00;0.00;0.00;0.00;0.00;0.00;60.00;544.68;16.18;212.28;15.58;213.69;18.68;244.92;16.20
2018;08;31;10;00;31.30;65.00;1008.90;0.00;0.00;0.00;0.00;0.00;0.00;60.00;694.20;15.63;218.45;14.84;219.09;14.00;252.03;14.40
2018;08;31;11;00;32.11;63.00;1008.60;0.00;0.00;10.00;0.00;0.00;10.00;53.62;779.64;14.98;215.22;13.68;215.36;12.56;242.70;12.96
2018;08;31;12;00;32.82;59.00;1008.80;0.00;0.00;59.00;59.00;59.00;59.00;22.34;793.88;15.31;228.81;14.84;230.91;16.87;236.31;14.76
2018;08;31;13;00;32.71;58.00;1008.50;0.00;0.00;10.00;20.00;0.00;10.00;53.62;436.99;14.62;232.00;13.61;232.52;16.12;240.57;12.60
2018;08;31;14;00;31.90;59.00;1008.50;0.00;0.00;41.00;44.00;41.00;41.00;33.83;649.70;14.39;238.30;14.02;240.80;15.84;248.68;11.88
2018;08;31;15;00;32.14;59.00;1008.60;0.00;0.00;66.00;7.00;66.00;10.00;17.87;379.14;13.71;246.80;13.24;247.62;14.93;254.62;12.24
2018;08;31;16;00;31.63;60.00;1008.30;0.00;0.00;100.00;68.00;100.00;10.00;0.00;346.21;15.32;246.45;15.18;247.69;17.31;253.07;11.88
2018;08;31;17;00;30.87;63.00;1008.50;0.00;0.00;100.00;100.00;100.00;10.00;0.00;273.23;14.51;246.61;15.38;249.44;15.75;259.46;14.04
2018;08;31;18;00;30.05;67.00;1008.70;0.00;0.00;100.00;100.00;100.00;10.00;0.00;109.47;13.09;238.50;15.14;241.61;12.73;261.87;11.88
2018;08;31;19;00;29.27;71.00;1009.10;0.00;0.00;100.00;82.00;100.00;0.00;0.00;5.34;11.02;231.63;13.98;235.49;11.30;260.84;15.48
2018;08;31;20;00;28.64;75.00;1009.50;0.00;0.00;100.00;65.00;100.00;0.00;0.00;0.00;9.45;220.36;12.50;228.50;9.83;261.57;15.12
2018;08;31;21;00;28.13;77.00;1009.90;0.00;0.00;95.00;34.00;95.00;0.00;0.00;0.00;7.73;207.76;10.70;222.27;7.57;267.27;12.96
2018;08;31;22;00;27.63;80.00;1010.40;0.00;0.00;6.60;22.00;0.00;0.00;0.00;0.00;8.09;200.85;12.03;218.93;6.64;257.47;12.24
2018;08;31;23;00;27.17;82.00;1010.40;0.00;0.00;6.00;20.00;0.00;0.00;0.00;0.00;8.43;199.98;13.10;217.18;6.95;248.75;13.32
