LAT;;;;;23.1330;23.1330;23.1330;23.1330;23.1330;23.1330;23.1330;23.1330;23.1330;23.1330;23.1330;23.1330;23.1330;23.1330;23.1330;23.1330;23.1330;23.1330
LON;;;;;-82.3830;-82.3830;-82.3830;-82.3830;-82.3830;-82.3830;-82.3830;-82.3830;-82.3830;-82.3830;-82.3830;-82.3830;-82.3830;-82.3830;-82.3830;-82.3830;-82.3830;-82.3830
ASL;;;;;41.0000;41.0000;41.0000;41.0000;41.0000;41.0000;41.0000;41.0000;41.0000;41.0000;41.0000;41.0000;41.0000;41.0000;41.0000;41.0000;41.0000;41.0000
CITY;;;;;Havana;Havana;Havana;Havana;Havana;Havana;Havana;Havana;Havana;Havana;Havana;Havana;Havana;Havana;Havana;Havana;Havana;Havana
DOMAIN;;;;;NEMSGLOBAL;NEMSGLOBAL;NEMSGLOBAL;NEMSGLOBAL;NEMSGLOBAL;NEMSGLOBAL;NEMSGLOBAL;NEMSGLOBAL;NEMSGLOBAL;NEMSGLOBAL;NEMSGLOBAL;NEMSGLOBAL;NEMSGLOBAL;NEMSGLOBAL;NEMSGLOBAL;NEMSGLOBAL;NEMSGLOBAL;NEMSGLOBAL
LEVEL;;;;;2 m above gnd;2 m above gnd;MSL;sfc;sfc;sfc;high cld lay;mid cld lay;low cld lay;sfc;sfc;10 m above gnd;10 m above gnd;80 m above gnd;80 m above gnd;900 mb;900 mb;sfc
NAME;;;;;Temperature;Relative Humidity;Mean Sea Level Pressure;Total Precipitation;Snowfall amount raw;Total Cloud Cover;High Cloud Cover;Medium Cloud Cover;Low Cloud Cover;Sunshine Duration;Shortwave Radiation;Wind Speed;Wind Direction;Wind Speed;Wind Direction;Wind Speed;Wind Direction;Wind Gust
UNIT;;;;;째C;%;hPa;mm;cm;%;%;%;%;min;W/m2;km/h;째;km/h;째;km/h;째;km/h
AGGREGATION;;;;;;;;;;;;;;;;;;;;;;
UTC_OFFSET;;;;;-4;-4;-4;-4;-4;-4;-4;-4;-4;-4;-4;-4;-4;-4;-4;-4;-4;-4

Year;Month;Day;Hour;Minute;Temperature  [2 m above gnd];Relative Humidity  [2 m above gnd];Mean Sea Level Pressure  [MSL];Total Precipitation  [sfc];Snowfall amount raw  [sfc];Total Cloud Cover  [sfc];High Cloud Cover  [high cld lay];Medium Cloud Cover  [mid cld lay];Low Cloud Cover  [low cld lay];Sunshine Duration  [sfc];Shortwave Radiation  [sfc];Wind Speed  [10 m above gnd];Wind Direction  [10 m above gnd];Wind Speed  [80 m above gnd];Wind Direction  [80 m above gnd];Wind Speed  [900 mb];Wind Direction  [900 mb];Wind Gust  [sfc]
2018;08;17;00;00;25.01;92.00;1020.00;0.00;0.00;100.00;100.00;100.00;0.00;0.00;0.00;19.30;81.42;29.66;84.43;22.53;102.93;13.68
2018;08;17;01;00;24.81;92.00;1019.70;0.00;0.00;100.00;100.00;100.00;0.00;0.00;0.00;20.32;82.87;30.70;85.29;23.44;100.62;15.48
2018;08;17;02;00;24.58;93.00;1019.50;0.00;0.00;100.00;100.00;100.00;0.00;0.00;0.00;20.24;84.90;29.91;87.24;23.09;100.78;16.56
2018;08;17;03;00;24.23;94.00;1019.10;0.00;0.00;100.00;100.00;100.00;0.00;0.00;0.00;20.60;84.99;30.27;87.27;25.05;97.43;16.56
2018;08;17;04;00;24.09;92.00;1019.00;0.00;0.00;95.00;100.00;95.00;0.00;0.00;0.00;20.17;87.95;27.76;87.03;25.01;96.61;16.92
2018;08;17;05;00;23.68;93.00;1018.90;0.00;0.00;100.00;100.00;100.00;0.00;0.00;0.00;19.08;90.00;25.92;90.00;25.86;98.81;16.20
2018;08;17;06;00;23.55;94.00;1019.40;0.00;0.00;100.00;100.00;100.00;0.00;0.00;0.00;19.08;91.08;24.48;90.00;26.28;99.46;16.56
2018;08;17;07;00;23.23;94.00;1019.70;0.00;0.00;84.00;56.00;84.00;0.00;5.83;0.00;19.83;93.12;27.74;92.23;30.43;100.91;27.36
2018;08;17;08;00;24.92;91.00;1020.00;0.00;0.00;10.00;17.00;10.00;0.00;53.62;66.75;18.53;97.82;27.60;97.50;30.09;111.04;27.36
2018;08;17;09;00;27.63;80.00;1019.90;0.00;0.00;6.00;10.00;6.00;0.00;56.17;273.23;21.54;99.62;25.05;97.43;29.75;111.29;24.48
2018;08;17;10;00;29.13;71.00;1020.10;0.00;0.00;10.00;0.00;0.00;10.00;53.62;455.68;22.10;102.23;24.92;100.82;28.41;112.34;24.48
2018;08;17;11;00;30.74;61.00;1020.50;0.00;0.00;10.00;0.00;0.00;10.00;53.62;610.54;20.77;98.97;22.10;96.55;27.10;109.40;19.80
2018;08;17;12;00;31.88;55.00;1019.70;0.00;0.00;10.00;0.00;0.00;10.00;53.62;743.15;18.81;95.49;19.44;90.00;24.02;109.25;18.72
2018;08;17;13;00;32.83;50.00;1019.30;0.00;0.00;10.00;0.00;0.00;10.00;53.62;830.37;17.64;90.00;19.20;83.54;19.73;104.80;18.00
2018;08;17;14;00;33.44;48.00;1018.70;0.00;0.00;10.00;0.00;0.00;10.00;53.62;864.19;17.02;83.93;19.48;73.91;17.52;99.46;17.28
2018;08;17;15;00;33.77;47.00;1018.30;0.00;0.00;10.00;0.00;0.00;10.00;53.62;840.16;17.03;76.55;20.99;67.83;15.88;93.90;16.92
2018;08;17;16;00;32.66;48.00;1017.90;0.00;0.00;100.00;0.00;0.00;100.00;0.00;663.94;17.99;70.11;22.70;62.62;15.48;90.00;16.56
2018;08;17;17;00;33.15;48.00;1017.70;0.00;0.00;10.00;0.00;0.00;10.00;53.62;475.26;19.16;64.40;24.02;60.36;15.48;90.00;16.56
2018;08;17;18;00;31.47;53.00;1017.60;0.00;0.00;10.00;0.00;10.00;10.00;53.62;244.75;20.46;61.63;26.67;58.24;16.56;90.00;16.92
2018;08;17;19;00;30.67;56.00;1018.00;0.00;0.00;49.00;49.00;49.00;49.00;28.72;216.27;21.25;63.87;27.70;62.10;17.06;97.28;17.28
2018;08;17;20;00;28.45;68.00;1018.10;0.00;0.00;44.00;44.00;44.00;44.00;0.70;48.95;19.97;64.36;29.16;61.22;16.52;101.31;14.04
2018;08;17;21;00;26.60;78.00;1018.70;0.00;0.00;2.40;8.00;0.00;2.00;0.00;0.00;20.77;64.32;32.52;63.72;17.38;103.17;15.48
2018;08;17;22;00;25.78;84.00;1019.50;0.00;0.00;13.20;44.00;0.00;0.00;0.00;0.00;21.53;69.44;34.63;69.30;18.69;105.64;18.00
2018;08;17;23;00;25.27;87.00;1019.80;0.00;0.00;15.90;53.00;0.00;1.00;0.00;0.00;21.31;74.32;33.72;73.89;18.72;112.62;18.72
2018;08;18;00;00;24.92;90.00;1019.70;0.00;0.00;16.20;54.00;0.00;4.00;0.00;0.00;20.97;78.11;32.34;78.44;18.36;118.07;21.24
2018;08;18;01;00;24.61;92.00;1019.10;0.00;0.00;14.10;47.00;0.00;10.00;0.00;0.00;19.60;82.61;29.78;82.36;17.41;119.74;20.52
2018;08;18;02;00;24.41;94.00;1019.00;0.00;0.00;12.60;42.00;0.00;5.00;0.00;0.00;18.78;85.60;28.86;86.42;16.12;119.43;22.68
2018;08;18;03;00;24.21;95.00;1018.70;0.00;0.00;11.00;13.00;5.00;11.00;0.00;0.00;18.72;90.00;29.53;88.60;16.92;113.84;18.00
2018;08;18;04;00;24.20;95.00;1018.50;0.00;0.00;100.00;8.00;6.00;100.00;0.00;0.00;19.47;93.18;30.34;94.76;19.19;113.20;25.20
2018;08;18;05;00;25.36;87.00;1018.30;0.00;0.00;100.00;4.00;2.00;100.00;0.00;0.00;19.30;98.58;28.88;100.05;20.06;111.04;25.92
2018;08;18;06;00;25.59;83.00;1018.40;0.00;0.00;100.00;1.00;0.00;100.00;0.00;0.00;19.39;105.07;26.65;106.48;21.79;112.33;22.68
2018;08;18;07;00;25.45;81.00;1018.30;0.00;0.00;100.00;13.00;5.00;100.00;0.00;0.00;18.67;109.13;23.93;111.16;23.13;110.97;28.08
2018;08;18;08;00;25.45;83.00;1018.60;0.00;0.00;9.00;10.00;9.00;0.00;54.26;64.97;17.64;90.00;24.48;90.00;28.08;112.62;27.00
2018;08;18;09;00;28.66;71.00;1018.80;0.00;0.00;10.00;7.00;6.00;10.00;53.62;271.45;23.38;99.75;27.47;100.57;32.21;115.13;25.20
2018;08;18;10;00;29.54;65.00;1018.70;0.00;0.00;10.00;9.00;2.00;10.00;53.62;290.14;24.03;106.53;27.61;102.04;32.36;115.71;21.24
2018;08;18;11;00;28.88;65.00;1019.60;0.10;0.00;74.00;75.00;74.00;74.00;12.77;487.72;22.66;107.57;25.07;105.83;32.11;120.30;23.40
2018;08;18;12;00;29.37;59.00;1018.90;0.00;0.00;48.00;48.00;48.00;48.00;29.36;334.64;19.01;108.78;17.65;106.59;22.10;120.32;20.16
2018;08;18;13;00;32.24;51.00;1018.10;0.00;0.00;10.00;14.00;7.00;10.00;53.62;713.78;16.26;95.08;17.29;87.61;18.00;106.26;16.20
2018;08;18;14;00;32.96;48.00;1017.40;0.00;0.00;10.00;8.00;4.00;10.00;53.62;842.83;14.92;81.67;18.33;70.50;14.83;95.57;14.04
2018;08;18;15;00;30.86;53.00;1017.30;0.00;0.00;59.00;100.00;59.00;59.00;22.34;272.34;13.44;82.30;14.81;64.06;10.54;97.85;12.96
2018;08;18;16;00;32.77;47.00;1016.40;0.00;0.00;30.00;100.00;9.00;10.00;40.85;510.86;14.04;91.47;18.13;83.16;15.51;111.80;14.76
2018;08;18;17;00;30.51;55.00;1016.80;0.20;0.00;75.00;100.00;75.00;75.00;12.13;336.42;14.15;97.31;20.55;86.99;16.75;115.46;13.32
2018;08;18;18;00;30.29;59.00;1015.80;0.20;0.00;75.00;75.00;75.00;75.00;12.13;183.34;12.85;101.31;16.04;99.04;15.63;128.45;13.68
2018;08;18;19;00;29.59;64.00;1016.30;0.00;0.00;67.00;23.00;67.00;62.00;17.23;100.57;9.39;94.40;11.16;90.00;11.18;123.18;10.08
2018;08;18;20;00;28.19;69.00;1016.20;0.00;0.00;19.00;9.00;19.00;0.00;0.40;69.42;8.83;78.23;11.75;62.65;10.80;90.00;9.00
2018;08;18;21;00;27.38;72.00;1016.20;0.00;0.00;14.00;5.00;14.00;0.00;0.00;0.00;9.26;76.50;12.90;67.01;11.57;95.36;6.48
2018;08;18;22;00;26.87;74.00;1016.70;0.00;0.00;4.00;1.00;4.00;0.00;0.00;0.00;9.89;79.51;13.71;76.33;11.87;104.04;6.48
2018;08;18;23;00;26.30;76.00;1017.10;0.00;0.00;2.00;2.00;2.00;0.00;0.00;0.00;11.30;80.84;15.33;80.54;11.87;104.04;7.56
2018;08;19;00;00;25.89;78.00;1017.10;0.00;0.00;1.00;3.00;1.00;0.00;0.00;0.00;11.57;84.64;16.30;83.66;11.97;105.71;7.92
2018;08;19;01;00;25.50;80.00;1016.70;0.00;0.00;3.00;4.00;3.00;0.00;0.00;0.00;13.32;90.00;18.73;87.80;14.15;104.74;8.64
2018;08;19;02;00;25.26;81.00;1016.60;0.00;0.00;10.00;2.00;2.00;10.00;0.00;0.00;13.68;90.00;20.89;91.97;17.08;108.43;9.36
2018;08;19;03;00;25.06;82.00;1016.20;0.00;0.00;10.00;3.00;4.00;10.00;0.00;0.00;12.98;93.18;18.81;95.49;16.12;113.70;9.00
2018;08;19;04;00;24.87;83.00;1015.90;0.00;0.00;10.00;2.00;4.00;10.00;0.00;0.00;13.04;96.34;19.47;93.18;15.84;111.32;9.00
2018;08;19;05;00;24.70;83.00;1016.20;0.00;0.00;10.00;2.00;5.00;10.00;0.00;0.00;13.76;96.01;20.91;92.96;15.94;108.43;9.72
2018;08;19;06;00;24.45;84.00;1016.20;0.00;0.00;10.00;1.00;2.00;10.00;0.00;0.00;13.49;99.21;21.84;98.53;15.72;110.10;14.76
2018;08;19;07;00;24.11;86.00;1016.40;0.00;0.00;10.00;1.00;3.00;10.00;48.29;0.00;13.28;102.53;21.48;103.57;14.58;110.22;15.12
2018;08;19;08;00;24.82;93.00;1016.30;0.00;0.00;100.00;100.00;100.00;4.00;0.00;27.59;14.78;145.92;20.97;145.49;17.71;127.57;20.52
2018;08;19;09;00;27.15;82.00;1016.20;0.00;0.00;100.00;100.00;100.00;0.00;0.00;169.99;11.46;133.73;12.68;124.59;15.60;108.85;10.80
2018;08;19;10;00;28.94;67.00;1017.10;0.00;0.00;74.00;85.00;74.00;0.00;12.77;392.49;10.83;105.42;12.43;100.01;15.12;91.36;9.72
2018;08;19;11;00;30.78;58.00;1017.20;0.00;0.00;60.00;14.00;60.00;0.00;21.70;620.33;12.26;86.63;14.11;84.14;16.60;86.27;10.80
2018;08;19;12;00;28.95;67.00;1017.20;0.80;0.00;100.00;8.00;100.00;100.00;0.00;386.26;13.20;79.00;15.73;74.05;17.67;86.50;10.44
2018;08;19;13;00;28.56;69.00;1017.20;1.10;0.00;100.00;64.00;100.00;82.00;0.00;167.32;14.26;79.82;17.65;73.41;17.67;86.50;14.40
2018;08;19;14;00;28.32;70.00;1017.30;0.80;0.00;100.00;74.00;100.00;92.00;0.00;171.77;15.14;87.27;18.37;87.75;18.78;94.40;14.76
2018;08;19;15;00;28.18;69.00;1016.80;0.40;0.00;100.00;34.00;100.00;85.00;0.00;159.31;14.40;91.43;15.84;90.00;16.70;97.43;14.04
2018;08;19;16;00;28.18;67.00;1016.60;0.10;0.00;100.00;0.00;100.00;77.00;0.00;163.76;12.68;96.52;14.21;98.75;15.98;104.35;13.32
2018;08;19;17;00;28.47;64.00;1016.60;0.00;0.00;100.00;0.00;100.00;0.00;0.00;227.84;12.85;101.31;13.98;101.89;16.17;106.82;11.88
2018;08;19;18;00;29.80;58.00;1015.70;0.00;0.00;100.00;0.00;100.00;0.00;0.00;424.53;12.85;101.31;13.80;97.50;16.07;105.59;11.88
2018;08;19;19;00;29.69;58.00;1015.90;0.00;0.00;73.00;0.00;73.00;0.00;13.40;279.46;11.66;98.88;13.00;94.76;14.59;105.75;11.16
2018;08;19;20;00;27.71;65.00;1015.80;0.00;0.00;0.00;0.00;0.00;0.00;0.00;86.33;10.11;94.09;12.25;91.68;13.55;106.99;8.64
2018;08;19;21;00;26.82;68.00;1016.10;0.00;0.00;0.00;0.00;0.00;0.00;0.00;0.00;10.45;91.97;12.25;91.68;14.35;107.53;9.00
2018;08;19;22;00;26.24;71.00;1016.40;0.00;0.00;0.00;0.00;0.00;0.00;0.00;0.00;10.81;91.91;13.32;91.55;15.28;105.02;9.36
2018;08;19;23;00;25.80;73.00;1016.90;0.00;0.00;0.00;0.00;0.00;0.00;0.00;0.00;11.88;90.00;14.76;91.40;16.24;102.80;10.80
2018;08;20;00;00;25.44;75.00;1017.10;0.00;0.00;0.00;0.00;0.00;0.00;0.00;0.00;12.60;90.00;16.56;90.00;17.16;99.66;11.16
2018;08;20;01;00;25.06;76.00;1017.00;0.00;0.00;0.90;3.00;0.00;0.00;0.00;0.00;13.34;86.91;17.64;90.00;17.77;96.98;11.16
2018;08;20;02;00;24.63;78.00;1016.70;0.00;0.00;10.00;12.00;0.00;10.00;0.00;0.00;14.06;87.06;18.72;88.90;18.06;94.57;11.52
2018;08;20;03;00;24.10;81.00;1016.50;0.00;0.00;10.00;10.00;0.00;10.00;0.00;0.00;14.76;90.00;20.52;90.00;18.81;95.49;12.24
2018;08;20;04;00;23.51;84.00;1016.50;0.00;0.00;8.40;28.00;0.00;0.00;0.00;0.00;15.48;91.33;22.37;93.69;19.96;97.25;15.12
2018;08;20;05;00;23.02;86.00;1016.70;0.00;0.00;13.50;45.00;0.00;0.00;0.00;0.00;15.91;95.19;23.22;97.13;20.06;99.29;18.72
2018;08;20;06;00;22.65;88.00;1016.80;0.00;0.00;12.60;42.00;0.00;0.00;0.00;0.00;15.94;96.48;22.96;99.02;19.77;100.49;20.52
2018;08;20;07;00;22.30;89.00;1017.00;0.00;0.00;10.80;36.00;0.00;0.00;47.50;0.00;15.23;96.79;21.90;99.46;19.35;99.64;19.80
2018;08;20;08;00;25.14;85.00;1017.00;0.00;0.00;0.30;1.00;0.00;0.00;59.81;64.08;17.29;121.37;25.57;122.35;17.55;115.51;27.36
2018;08;20;09;00;28.20;71.00;1017.10;0.00;0.00;0.00;0.00;0.00;0.00;60.00;261.66;21.09;117.44;24.02;119.64;19.59;110.43;25.92
2018;08;20;10;00;29.86;63.00;1017.60;0.00;0.00;0.00;0.00;0.00;0.00;60.00;468.14;22.71;115.35;24.97;114.72;21.52;107.53;23.40
2018;08;20;11;00;31.39;56.00;1017.70;0.00;0.00;10.00;0.00;0.00;10.00;53.62;650.59;21.10;115.25;22.80;111.30;22.43;108.73;20.16
2018;08;20;12;00;32.38;51.00;1017.30;0.00;0.00;10.00;0.00;0.00;10.00;53.62;744.04;18.92;111.19;20.52;105.26;22.07;118.24;18.72
2018;08;20;13;00;33.25;48.00;1017.00;0.00;0.00;10.00;0.00;0.00;10.00;53.62;840.16;16.86;106.11;18.49;96.71;18.68;117.55;17.64
2018;08;20;14;00;33.78;45.00;1017.10;0.00;0.00;10.00;0.00;0.00;10.00;53.62;863.30;13.40;96.17;15.88;86.10;14.66;114.68;14.40
2018;08;20;15;00;33.88;44.00;1016.60;0.00;0.00;100.00;0.00;0.00;100.00;0.00;814.35;10.66;78.31;14.51;66.61;10.46;93.95;10.80
2018;08;20;16;00;31.35;55.00;1016.60;0.50;0.00;94.00;0.00;94.00;94.00;0.00;229.62;11.12;60.95;15.41;52.59;10.14;83.88;9.72
2018;08;20;17;00;29.96;65.00;1016.60;0.40;0.00;10.00;0.00;0.00;10.00;53.62;208.26;12.78;57.65;18.22;52.22;11.52;90.00;9.72
2018;08;20;18;00;30.49;65.00;1016.60;0.50;0.00;80.00;80.00;80.00;80.00;8.94;251.87;15.00;59.74;20.27;56.59;11.93;95.19;10.44
2018;08;20;19;00;28.47;78.00;1016.90;0.20;0.00;80.00;100.00;80.00;80.00;8.94;48.95;15.79;65.77;22.38;64.26;12.78;99.73;9.72
2018;08;20;20;00;27.16;84.00;1017.20;0.00;0.00;30.00;100.00;0.00;0.00;0.00;38.27;15.38;69.44;23.81;69.65;12.76;106.39;9.36
2018;08;20;21;00;26.36;87.00;1017.60;0.00;0.00;30.00;100.00;0.00;0.00;0.00;0.00;15.48;72.41;24.83;73.14;12.52;108.43;9.36
2018;08;20;22;00;25.88;90.00;1018.10;0.00;0.00;30.00;100.00;0.00;0.00;0.00;0.00;15.98;75.65;26.20;77.30;12.18;108.97;10.44
2018;08;20;23;00;25.50;91.00;1018.50;0.00;0.00;30.00;100.00;0.00;0.00;0.00;0.00;16.81;80.13;28.11;80.42;12.31;105.26;10.80
2018;08;21;00;00;25.12;93.00;1018.40;0.00;0.00;30.00;100.00;0.00;0.00;0.00;0.00;16.98;85.14;27.78;86.28;11.97;105.71;11.88
2018;08;21;01;00;24.82;94.00;1018.10;0.00;0.00;30.00;100.00;0.00;0.00;0.00;0.00;16.94;87.56;27.72;89.26;11.44;102.72;14.40
2018;08;21;02;00;24.51;95.00;1017.70;0.00;0.00;22.50;75.00;0.00;0.00;0.00;0.00;16.92;90.00;28.48;92.90;11.30;99.16;13.68
2018;08;21;03;00;24.25;96.00;1017.50;0.00;0.00;2.70;9.00;0.00;0.00;0.00;0.00;17.29;92.39;27.06;93.81;10.45;88.03;21.60
2018;08;21;04;00;24.00;96.00;1017.50;0.00;0.00;6.00;14.00;6.00;0.00;0.00;0.00;17.73;95.83;28.82;99.34;12.96;88.41;24.48
2018;08;21;05;00;23.71;97.00;1017.50;0.00;0.00;3.00;10.00;3.00;0.00;0.00;0.00;17.11;98.47;26.34;100.23;13.14;80.54;25.20
2018;08;21;06;00;23.44;97.00;1017.70;0.00;0.00;5.00;11.00;5.00;0.00;0.00;0.00;16.87;101.07;26.46;104.98;15.91;84.81;26.64
2018;08;21;07;00;23.13;97.00;1017.90;0.00;0.00;3.00;10.00;2.00;0.00;51.60;0.00;17.03;103.45;25.93;103.65;19.52;84.71;27.00
2018;08;21;08;00;25.54;82.00;1017.80;0.00;0.00;0.00;0.00;0.00;0.00;60.00;56.96;18.37;92.25;25.58;92.42;26.34;93.92;27.72
2018;08;21;09;00;28.97;68.00;1017.90;0.00;0.00;0.00;0.00;0.00;0.00;60.00;258.99;21.35;95.81;22.73;93.63;25.98;93.97;25.20
2018;08;21;10;00;30.41;61.00;1017.80;0.00;0.00;0.00;0.00;0.00;0.00;60.00;467.25;21.49;98.67;22.46;96.44;25.76;97.22;22.68
2018;08;21;11;00;31.87;56.00;1017.60;0.00;0.00;0.00;0.00;0.00;0.00;60.00;651.48;19.30;98.58;20.21;94.09;25.21;99.87;20.16
2018;08;21;12;00;33.11;51.00;1017.60;0.00;0.00;0.00;0.00;0.00;0.00;60.00;792.99;16.98;94.86;18.00;88.85;21.86;107.24;17.64
2018;08;21;13;00;33.93;48.00;1017.70;0.00;0.00;10.00;0.00;0.00;10.00;53.62;849.95;14.42;87.14;17.16;80.34;16.17;106.82;15.12
2018;08;21;14;00;34.44;46.00;1017.50;0.00;0.00;10.00;0.00;0.00;10.00;53.62;859.74;13.21;72.55;17.23;63.97;13.08;97.91;13.32
2018;08;21;15;00;31.61;58.00;1017.60;0.90;0.00;100.00;100.00;100.00;100.00;0.00;408.51;12.68;55.41;16.06;42.27;7.99;82.23;12.60
2018;08;21;16;00;30.12;73.00;1017.50;0.50;0.00;100.00;100.00;100.00;91.00;0.00;141.51;13.76;47.12;19.88;47.94;12.25;88.32;12.96
2018;08;21;17;00;29.68;72.00;1017.10;0.00;0.00;100.00;100.00;100.00;10.00;0.00;145.07;16.78;54.61;25.42;52.48;15.63;82.06;12.60
2018;08;21;18;00;29.40;72.00;1017.20;0.30;0.00;100.00;100.00;100.00;81.00;0.00;226.95;16.31;67.96;24.68;66.80;15.55;95.31;11.52
2018;08;21;19;00;28.52;82.00;1017.50;0.40;0.00;100.00;100.00;100.00;82.00;0.00;55.18;14.76;77.32;21.32;78.31;15.11;102.38;8.64
2018;08;21;20;00;27.71;84.00;1017.50;0.00;0.00;100.00;100.00;100.00;0.00;0.00;24.92;12.07;72.65;18.00;73.74;11.79;102.34;7.56
2018;08;21;21;00;27.07;86.00;1018.10;0.00;0.00;100.00;100.00;100.00;0.00;0.00;0.00;12.25;65.70;18.12;69.04;10.82;93.81;8.64
2018;08;21;22;00;26.51;88.00;1018.50;0.00;0.00;100.00;100.00;100.00;0.00;0.00;0.00;14.24;69.27;23.11;71.85;12.60;90.00;10.08
2018;08;21;23;00;26.11;89.00;1018.70;0.00;0.00;100.00;100.00;100.00;0.00;0.00;0.00;14.12;70.64;23.05;75.53;10.81;88.09;10.08
2018;08;22;00;00;25.79;90.00;1018.50;0.00;0.00;100.00;100.00;100.00;0.00;0.00;0.00;14.12;70.64;23.40;75.75;10.74;76.43;10.08
2018;08;22;01;00;25.50;91.00;1018.10;0.00;0.00;100.00;100.00;100.00;0.00;0.00;0.00;13.90;73.44;22.45;77.97;10.37;69.68;10.08
2018;08;22;02;00;25.12;92.00;1017.80;0.00;0.00;78.00;100.00;78.00;0.00;0.00;0.00;13.56;79.29;21.35;84.19;10.48;74.05;9.72
2018;08;22;03;00;24.50;92.00;1017.80;0.00;0.00;3.00;10.00;2.00;0.00;0.00;0.00;12.98;86.82;20.89;91.97;9.47;81.25;15.84
2018;08;22;04;00;24.24;91.00;1017.60;0.00;0.00;9.00;12.00;9.00;0.00;0.00;0.00;12.60;90.00;19.80;91.04;9.00;73.74;8.64
2018;08;22;05;00;23.82;93.00;1017.30;0.00;0.00;4.50;15.00;4.00;0.00;0.00;0.00;12.96;90.00;20.93;93.95;10.14;73.50;18.00
2018;08;22;06;00;23.47;94.00;1017.50;0.00;0.00;4.80;16.00;0.00;0.00;0.00;0.00;13.04;96.34;19.91;102.53;9.61;77.01;18.36
2018;08;22;07;00;23.16;94.00;1017.40;0.00;0.00;2.70;9.00;0.00;0.00;51.41;0.00;13.49;99.21;20.35;103.30;11.28;73.30;19.80
2018;08;22;08;00;25.42;85.00;1018.00;0.00;0.00;0.90;3.00;0.00;0.00;59.43;56.96;10.46;86.05;13.68;90.00;11.73;72.12;10.80
2018;08;22;09;00;28.34;73.00;1018.00;0.00;0.00;10.00;8.00;0.00;10.00;53.62;269.67;14.15;82.69;14.87;83.05;14.84;67.17;14.76
2018;08;22;10;00;29.61;65.00;1018.10;0.00;0.00;6.00;20.00;0.00;0.00;56.17;452.12;15.99;82.23;16.87;78.93;17.19;70.43;16.20
2018;08;22;11;00;30.74;59.00;1018.00;0.00;0.00;10.00;4.00;0.00;10.00;53.62;623.89;14.56;81.47;15.54;76.61;16.60;77.47;13.32
2018;08;22;12;00;31.70;55.00;1017.70;0.00;0.00;10.00;0.00;0.00;10.00;53.62;737.81;13.49;80.79;15.03;73.30;14.76;88.60;11.88
2018;08;22;13;00;32.49;51.00;1017.20;0.00;0.00;10.00;0.00;0.00;10.00;53.62;826.81;12.52;71.57;15.46;65.22;11.93;84.81;10.44
2018;08;22;14;00;32.97;50.00;1016.80;0.00;0.00;10.00;0.00;0.00;10.00;53.62;858.85;12.73;61.26;16.38;56.66;10.66;78.31;10.08
2018;08;22;15;00;32.78;50.00;1016.50;0.00;0.00;97.00;38.00;37.00;97.00;0.00;776.08;13.68;54.64;19.88;54.58;11.73;72.12;10.44
2018;08;22;16;00;30.62;56.00;1016.10;0.10;0.00;72.00;100.00;72.00;72.00;14.04;216.27;13.61;52.52;17.37;55.98;10.18;81.87;10.80
2018;08;22;17;00;30.28;56.00;1015.90;0.00;0.00;100.00;100.00;100.00;10.00;0.00;236.74;13.28;49.40;16.32;48.58;9.03;66.50;12.24
2018;08;22;18;00;30.58;56.00;1015.60;0.00;0.00;100.00;100.00;100.00;0.00;0.00;291.92;13.83;51.34;17.37;55.98;10.25;71.57;11.88
2018;08;22;19;00;30.02;59.00;1015.60;0.00;0.00;100.00;100.00;100.00;10.00;0.00;197.58;14.11;52.25;17.97;57.26;9.90;70.91;10.80
2018;08;22;20;00;27.64;69.00;1015.90;0.00;0.00;10.00;4.00;1.00;10.00;0.00;72.09;12.60;53.13;18.47;56.93;9.45;72.26;10.44
2018;08;22;21;00;26.34;75.00;1016.30;0.00;0.00;0.00;0.00;0.00;0.00;0.00;0.00;12.98;56.31;19.51;60.12;9.35;74.36;11.16
2018;08;22;22;00;25.60;79.00;1016.80;0.00;0.00;0.00;0.00;0.00;0.00;0.00;0.00;13.22;60.64;20.80;66.54;10.31;77.91;10.80
2018;08;22;23;00;25.00;83.00;1017.50;0.00;0.00;0.00;0.00;0.00;0.00;0.00;0.00;12.57;66.37;20.08;75.47;9.36;90.00;10.80
2018;08;23;00;00;24.56;86.00;1017.20;0.00;0.00;16.00;0.00;0.00;16.00;0.00;0.00;11.38;71.57;17.58;79.38;6.85;93.01;10.08
2018;08;23;01;00;24.30;87.00;1017.10;0.00;0.00;11.00;0.00;0.00;11.00;0.00;0.00;10.48;74.05;17.23;79.16;6.13;93.37;7.92
2018;08;23;02;00;24.09;88.00;1016.50;0.00;0.00;0.00;0.00;0.00;0.00;0.00;0.00;9.96;77.47;15.63;82.06;4.74;98.75;9.00
2018;08;23;03;00;23.85;89.00;1015.70;0.00;0.00;0.00;0.00;0.00;0.00;0.00;0.00;9.83;81.57;14.44;85.71;3.62;95.71;8.64
2018;08;23;04;00;23.69;89.00;1015.50;0.00;0.00;0.00;0.00;0.00;0.00;0.00;0.00;9.36;90.00;13.34;93.09;2.74;113.20;7.92
2018;08;23;05;00;23.45;90.00;1015.20;0.00;0.00;0.00;0.00;0.00;0.00;0.00;0.00;9.37;92.20;13.72;94.51;2.16;90.00;7.56
2018;08;23;06;00;23.23;91.00;1015.30;0.00;0.00;0.00;0.00;0.00;0.00;0.00;0.00;9.03;94.57;13.40;96.17;1.94;68.20;7.20
2018;08;23;07;00;23.04;91.00;1015.60;0.00;0.00;0.00;0.00;0.00;0.00;52.57;0.00;8.35;97.43;11.61;97.13;1.84;11.31;6.84
2018;08;23;08;00;25.43;82.00;1016.10;0.00;0.00;0.00;0.00;0.00;0.00;60.00;52.51;9.36;90.00;12.98;93.18;13.08;82.09;9.72
2018;08;23;09;00;28.35;71.00;1016.50;0.00;0.00;0.00;0.00;0.00;0.00;60.00;256.32;10.81;91.91;12.24;90.00;13.01;75.58;11.52
2018;08;23;10;00;29.61;62.00;1016.50;0.00;0.00;10.00;0.00;0.00;10.00;53.62;439.66;10.80;90.00;11.53;88.21;12.41;73.14;10.44
2018;08;23;11;00;30.15;59.00;1016.70;0.00;0.00;41.00;41.00;41.00;41.00;33.83;525.99;8.29;87.51;9.26;76.50;10.48;74.05;8.64
2018;08;23;12;00;31.46;53.00;1016.20;0.00;0.00;10.00;0.00;0.00;10.00;53.62;659.49;7.24;84.29;8.77;70.82;7.93;87.40;6.84
2018;08;23;13;00;29.95;57.00;1016.30;0.10;0.00;93.00;0.00;93.00;53.00;0.64;427.20;6.15;69.44;8.09;69.15;6.52;96.34;6.12
2018;08;23;14;00;30.90;54.00;1015.70;0.10;0.00;100.00;0.00;100.00;72.00;0.00;387.15;6.37;47.29;8.65;45.00;4.68;67.38;5.40
2018;08;23;15;00;29.79;58.00;1015.40;0.20;0.00;100.00;0.00;100.00;80.00;0.00;208.26;6.41;38.16;9.42;43.45;4.69;57.53;5.40
2018;08;23;16;00;29.37;60.00;1014.70;0.40;0.00;100.00;0.00;100.00;91.00;0.00;185.12;6.41;38.16;8.91;43.36;4.33;48.37;5.76
2018;08;23;17;00;28.92;63.00;1014.40;0.40;0.00;100.00;0.00;100.00;71.00;0.00;151.30;6.37;42.71;8.44;50.19;4.39;55.01;5.76
2018;08;23;18;00;29.10;65.00;1014.20;0.20;0.00;100.00;0.00;100.00;71.00;0.00;165.54;6.37;47.29;8.21;52.13;4.83;63.43;5.40
2018;08;23;19;00;28.40;72.00;1014.40;0.20;0.00;100.00;85.00;100.00;80.00;0.00;98.79;6.41;51.84;8.89;58.24;5.01;68.96;5.04
2018;08;23;20;00;27.09;76.00;1014.40;0.00;0.00;100.00;7.00;100.00;0.00;0.00;35.60;7.41;60.95;10.46;63.43;5.86;79.38;6.48
2018;08;23;21;00;26.55;78.00;1014.60;0.00;0.00;96.00;3.00;96.00;0.00;0.00;0.00;8.56;67.75;11.97;68.84;6.85;86.99;6.84
2018;08;23;22;00;26.03;79.00;1015.20;0.00;0.00;25.00;1.00;25.00;0.00;0.00;0.00;9.35;74.36;13.71;76.33;8.28;90.00;7.56
2018;08;23;23;00;25.56;81.00;1015.30;0.00;0.00;5.00;0.00;5.00;0.00;0.00;0.00;9.83;81.57;14.15;82.69;8.35;97.43;7.92
2018;08;24;00;00;25.21;82.00;1015.40;0.00;0.00;3.00;0.00;3.00;0.00;0.00;0.00;10.08;90.00;14.40;90.00;8.65;106.93;8.28
2018;08;24;01;00;24.89;83.00;1015.10;0.00;0.00;0.00;0.00;0.00;0.00;0.00;0.00;9.83;98.43;13.76;96.01;7.90;120.07;7.92
2018;08;24;02;00;24.63;83.00;1014.60;0.00;0.00;0.30;1.00;0.00;0.00;0.00;0.00;9.45;107.74;12.92;102.87;7.64;135.00;7.92
2018;08;24;03;00;24.35;84.00;1014.00;0.00;0.00;0.30;1.00;0.00;0.00;0.00;0.00;9.34;117.55;12.77;111.50;7.79;146.31;8.64
2018;08;24;04;00;24.09;85.00;1013.70;0.00;0.00;0.00;0.00;0.00;0.00;0.00;0.00;9.50;127.30;12.90;120.14;8.23;156.80;7.92
2018;08;24;05;00;23.84;85.00;1013.70;0.00;0.00;0.90;3.00;0.00;0.00;0.00;0.00;9.16;135.00;12.31;127.87;8.31;162.35;7.56
2018;08;24;06;00;23.60;85.00;1013.90;0.00;0.00;3.60;12.00;0.00;0.00;0.00;0.00;8.67;138.37;11.72;132.51;7.77;166.61;8.28
2018;08;24;07;00;23.39;86.00;1014.20;0.00;0.00;7.20;24.00;0.00;0.00;48.22;0.00;8.21;142.13;10.95;133.67;7.07;165.26;6.84
2018;08;24;08;00;25.51;85.00;1014.80;0.00;0.00;0.30;1.00;0.00;0.00;59.81;55.18;11.57;95.36;15.91;95.19;10.31;114.78;9.72
2018;08;24;09;00;28.40;72.00;1015.00;0.00;0.00;7.00;3.00;0.00;7.00;55.53;266.11;13.40;96.17;15.52;93.99;10.79;115.71;11.16
2018;08;24;10;00;28.47;68.00;1014.80;0.00;0.00;10.00;3.00;0.00;10.00;53.62;213.60;13.72;94.51;15.14;92.73;9.50;114.62;10.44
2018;08;24;11;00;30.08;61.00;1015.20;0.00;0.00;10.00;0.00;0.00;10.00;53.62;349.77;12.29;95.04;12.98;93.18;8.71;119.74;9.36
2018;08;24;12;00;31.26;56.00;1015.10;0.00;0.00;10.00;0.00;0.00;10.00;53.62;739.59;10.90;97.59;11.89;91.74;9.83;113.75;7.92
2018;08;24;13;00;32.11;52.00;1014.70;0.00;0.00;10.00;0.00;0.00;10.00;53.62;825.92;10.24;100.12;12.61;91.64;10.81;119.98;7.92
2018;08;24;14;00;30.97;55.00;1014.70;0.00;0.00;100.00;0.00;0.00;100.00;0.00;416.52;8.83;101.77;10.80;90.00;9.29;125.54;7.20
2018;08;24;15;00;29.86;61.00;1014.30;0.80;0.00;96.00;1.00;96.00;96.00;0.00;268.78;7.97;108.43;9.06;96.84;8.40;133.26;6.84
2018;08;24;16;00;29.45;64.00;1014.10;0.60;0.00;95.00;3.00;95.00;95.00;0.00;238.52;6.95;111.25;8.35;97.43;7.65;131.19;6.48
2018;08;24;17;00;28.54;68.00;1014.30;0.50;0.00;76.00;0.00;76.00;76.00;11.49;196.69;5.96;115.02;7.42;104.04;7.13;135.00;5.76
2018;08;24;18;00;28.76;69.00;1014.20;0.30;0.00;77.00;77.00;77.00;77.00;10.85;164.65;5.15;114.78;6.15;110.56;5.86;137.49;5.40
2018;08;24;19;00;28.81;71.00;1014.70;0.10;0.00;77.00;77.00;77.00;77.00;10.85;131.72;5.15;114.78;5.82;111.80;5.86;132.51;5.04
2018;08;24;20;00;27.14;76.00;1015.00;0.00;0.00;10.80;36.00;0.00;10.00;0.00;38.27;5.63;116.57;6.44;116.57;6.41;128.16;5.40
2018;08;24;21;00;26.54;78.00;1015.20;0.00;0.00;8.10;27.00;0.00;0.00;0.00;0.00;5.99;122.74;6.79;122.01;6.70;126.25;5.76
2018;08;24;22;00;26.14;79.00;1015.70;0.00;0.00;7.50;25.00;0.00;0.00;0.00;0.00;5.90;127.57;6.41;128.16;6.70;126.25;6.12
2018;08;24;23;00;25.73;80.00;1016.00;0.00;0.00;7.20;24.00;0.00;0.00;0.00;0.00;6.13;130.24;6.64;130.60;6.99;124.51;6.84
2018;08;25;00;00;25.37;81.00;1016.20;0.00;0.00;6.90;23.00;0.00;0.00;0.00;0.00;6.41;141.84;7.20;143.13;7.93;129.47;6.84
2018;08;25;01;00;25.01;83.00;1016.20;0.00;0.00;4.80;16.00;0.00;0.00;0.00;0.00;6.76;154.80;7.42;157.17;8.44;140.19;7.56
2018;08;25;02;00;24.66;84.00;1016.00;0.00;0.00;1.20;4.00;0.00;0.00;0.00;0.00;6.73;164.48;7.99;172.23;8.89;148.24;7.92
2018;08;25;03;00;24.10;86.00;1015.70;0.00;0.00;0.00;0.00;0.00;0.00;0.00;0.00;7.24;174.29;8.64;180.00;9.98;154.36;9.00
2018;08;25;04;00;23.57;88.00;1015.50;0.00;0.00;0.00;0.00;0.00;0.00;0.00;0.00;7.92;180.00;9.03;184.57;10.83;158.55;9.00
2018;08;25;05;00;23.19;89.00;1015.50;0.00;0.00;0.00;0.00;0.00;0.00;0.00;0.00;7.92;180.00;9.47;188.75;11.84;160.46;9.36
2018;08;25;06;00;23.08;89.00;1015.60;0.00;0.00;0.00;0.00;0.00;0.00;0.00;0.00;7.57;182.73;9.18;191.31;12.18;161.03;8.64
2018;08;25;07;00;23.11;88.00;1016.00;0.00;0.00;0.00;0.00;0.00;0.00;51.88;0.00;6.49;183.18;8.05;190.30;11.38;161.57;7.56
2018;08;25;08;00;25.38;86.00;1016.70;0.10;0.00;76.00;12.00;76.00;74.00;11.49;34.71;12.73;118.74;18.86;113.63;16.06;137.73;10.44
2018;08;25;09;00;28.30;75.00;1016.80;0.00;0.00;4.00;12.00;4.00;0.00;57.45;250.09;14.20;120.47;16.42;116.00;15.41;142.59;10.80
2018;08;25;10;00;27.50;78.00;1017.20;0.50;0.00;83.00;100.00;83.00;83.00;7.02;129.94;13.40;120.70;14.69;120.96;13.98;145.49;9.72
2018;08;25;11;00;29.01;66.00;1017.40;0.00;0.00;100.00;100.00;100.00;10.00;0.00;281.24;12.88;116.57;13.38;113.81;13.00;138.37;11.16
2018;08;25;12;00;30.38;60.00;1017.40;0.00;0.00;55.00;100.00;55.00;10.00;24.89;614.10;12.57;113.63;12.98;109.44;13.61;127.48;11.16
2018;08;25;13;00;30.14;58.00;1017.10;0.00;0.00;30.00;100.00;0.00;10.00;40.85;472.59;11.50;110.14;12.31;105.26;13.53;118.61;10.44
2018;08;25;14;00;30.31;58.00;1017.10;0.30;0.00;88.00;100.00;88.00;84.00;3.83;472.59;11.28;106.70;12.43;100.01;13.68;116.57;10.08
2018;08;25;15;00;30.01;59.00;1016.90;0.40;0.00;87.00;100.00;87.00;86.00;4.47;317.73;9.96;102.53;11.61;97.13;12.77;111.50;8.64
2018;08;25;16;00;29.83;60.00;1016.60;0.30;0.00;90.00;27.00;90.00;89.00;2.55;315.06;9.47;98.75;10.85;95.71;13.10;105.95;7.56
2018;08;25;17;00;28.62;68.00;1016.40;0.50;0.00;82.00;11.00;82.00;82.00;7.66;204.70;8.67;94.76;11.17;91.85;13.20;101.00;5.76
2018;08;25;18;00;28.67;76.00;1016.20;0.40;0.00;83.00;7.00;83.00;82.00;7.02;125.49;9.36;90.00;12.24;90.00;14.51;97.13;6.48
2018;08;25;19;00;28.95;70.00;1016.70;0.10;0.00;13.00;2.00;13.00;0.00;51.70;169.99;10.85;95.71;13.04;96.34;16.24;102.80;8.28
2018;08;25;20;00;27.52;75.00;1017.00;0.00;0.00;20.00;0.00;20.00;10.00;0.00;72.98;11.09;103.13;14.41;102.99;16.74;108.82;8.28
2018;08;25;21;00;26.91;79.00;1017.10;0.00;0.00;100.00;0.00;100.00;0.00;0.00;0.00;10.70;109.65;14.46;108.89;16.45;113.20;9.72
2018;08;25;22;00;26.54;81.00;1017.60;0.00;0.00;100.00;0.00;100.00;0.00;0.00;0.00;10.64;113.96;14.04;112.62;15.62;115.97;9.36
2018;08;25;23;00;26.29;82.00;1017.70;0.00;0.00;100.00;0.00;100.00;0.00;0.00;0.00;10.95;117.41;14.66;114.68;16.42;116.00;11.16
2018;08;26;00;00;26.07;83.00;1017.60;0.00;0.00;100.00;0.00;100.00;0.00;0.00;0.00;11.12;119.05;15.29;116.57;16.58;117.12;10.80
2018;08;26;01;00;25.93;83.00;1017.40;0.00;0.00;100.00;0.00;100.00;0.00;0.00;0.00;11.30;120.65;15.95;118.30;16.30;120.53;11.16
2018;08;26;02;00;25.54;85.00;1017.20;0.00;0.00;100.00;0.00;100.00;0.00;0.00;0.00;12.10;120.38;17.24;118.71;16.18;122.28;9.72
2018;08;26;03;00;25.05;87.00;1016.80;0.00;0.00;100.00;0.00;100.00;0.00;0.00;0.00;12.90;120.14;19.34;118.95;16.98;122.01;13.68
2018;08;26;04;00;24.58;89.00;1016.60;0.00;0.00;100.00;0.00;100.00;0.00;0.00;0.00;14.34;118.50;21.58;117.85;18.09;121.16;11.52
2018;08;26;05;00;24.25;91.00;1016.60;0.00;0.00;100.00;0.00;100.00;0.00;0.00;0.00;15.63;118.93;24.16;118.47;19.83;119.36;19.44
2018;08;26;06;00;23.86;92.00;1016.70;0.00;0.00;100.00;0.00;100.00;0.00;0.00;0.00;16.92;119.29;25.77;118.35;21.26;118.30;15.12
2018;08;26;07;00;23.44;94.00;1016.70;0.00;0.00;100.00;0.00;100.00;0.00;0.00;0.00;17.10;120.34;26.30;120.43;21.90;117.41;23.40
2018;08;26;08;00;25.03;87.00;1017.60;0.00;0.00;8.00;6.00;8.00;0.00;54.89;57.85;23.34;109.83;29.04;109.56;33.37;113.52;34.92
2018;08;26;09;00;27.17;80.00;1017.90;0.00;0.00;11.00;20.00;11.00;0.00;52.98;264.33;23.69;114.23;25.20;111.80;30.68;112.05;27.00
2018;08;26;10;00;28.00;78.00;1018.00;0.50;0.00;89.00;89.00;89.00;89.00;3.19;233.18;23.07;112.96;24.07;111.96;27.90;107.27;24.12
2018;08;26;11;00;27.16;75.00;1018.60;0.20;0.00;72.00;78.00;72.00;72.00;14.04;211.82;20.45;116.11;20.63;119.25;27.61;112.22;21.96
2018;08;26;12;00;29.94;63.00;1018.40;0.00;0.00;10.00;4.00;10.00;10.00;53.62;527.77;18.84;116.08;18.68;117.55;25.60;115.84;19.44
2018;08;26;13;00;31.72;53.00;1017.40;0.00;0.00;13.00;0.00;13.00;10.00;51.70;810.79;16.75;115.46;16.18;110.85;20.07;122.55;18.00
2018;08;26;14;00;32.57;49.00;1017.00;0.00;0.00;10.00;0.00;0.00;10.00;53.62;841.05;14.59;105.75;14.87;96.95;16.92;119.29;15.84
2018;08;26;15;00;33.05;46.00;1016.40;0.00;0.00;10.00;0.00;0.00;10.00;53.62;830.37;14.40;91.43;16.04;80.96;14.49;104.38;14.40
2018;08;26;16;00;31.13;53.00;1016.30;0.30;0.00;91.00;0.00;91.00;91.00;1.91;460.13;14.56;81.47;17.99;70.11;15.84;90.00;13.32
2018;08;26;17;00;29.49;66.00;1016.10;0.60;0.00;71.00;0.00;71.00;71.00;14.68;194.02;14.41;77.01;19.26;69.19;16.20;91.27;10.44
2018;08;26;18;00;30.42;62.00;1015.80;0.30;0.00;85.00;85.00;85.00;85.00;5.74;254.54;15.54;76.61;19.81;70.91;15.16;94.09;13.32
2018;08;26;19;00;28.78;75.00;1016.30;0.20;0.00;78.00;78.00;78.00;78.00;10.21;85.44;14.62;80.07;19.30;75.96;15.27;98.13;12.60
2018;08;26;20;00;27.61;76.00;1016.50;0.00;0.00;0.00;0.00;0.00;0.00;0.00;34.71;14.56;81.47;19.91;77.47;16.60;102.53;11.16
2018;08;26;21;00;26.91;78.00;1016.60;0.00;0.00;0.00;0.00;0.00;0.00;0.00;0.00;15.68;80.75;21.75;77.57;18.00;106.26;11.52
2018;08;26;22;00;25.96;81.00;1016.90;0.00;0.00;0.00;0.00;0.00;0.00;0.00;0.00;16.70;82.57;24.09;80.54;20.39;110.67;12.24
2018;08;26;23;00;25.19;85.00;1017.00;0.00;0.00;10.00;2.00;0.00;10.00;0.00;0.00;17.37;84.05;25.01;83.39;21.79;112.33;11.88
2018;08;27;00;00;24.67;87.00;1017.10;0.00;0.00;10.00;4.00;2.00;10.00;0.00;0.00;17.67;86.50;26.73;85.36;23.26;111.80;11.88
2018;08;27;01;00;24.35;88.00;1016.90;0.00;0.00;20.70;69.00;14.00;10.00;0.00;0.00;17.28;90.00;25.92;89.20;22.55;114.52;11.88
2018;08;27;02;00;24.74;88.00;1016.50;0.00;0.00;100.00;100.00;100.00;10.00;0.00;0.00;17.28;91.19;27.72;90.00;22.93;112.14;12.24
2018;08;27;03;00;24.43;90.00;1016.20;0.00;0.00;100.00;100.00;100.00;10.00;0.00;0.00;17.37;95.95;28.27;96.58;23.21;113.78;12.24
2018;08;27;04;00;24.67;89.00;1016.10;0.00;0.00;100.00;30.00;100.00;10.00;0.00;0.00;17.16;99.66;26.34;100.23;22.74;113.32;12.96
2018;08;27;05;00;24.30;91.00;1016.00;0.00;0.00;100.00;0.00;100.00;10.00;0.00;0.00;17.03;103.45;26.55;102.53;22.55;109.59;15.12
2018;08;27;06;00;24.01;92.00;1016.00;0.00;0.00;100.00;0.00;100.00;100.00;0.00;0.00;17.08;108.43;27.66;108.20;23.22;109.00;15.84
2018;08;27;07;00;24.12;93.00;1016.30;0.00;0.00;100.00;0.00;53.00;100.00;0.00;0.00;16.98;111.12;27.14;111.80;22.90;106.44;22.68
2018;08;27;08;00;24.86;86.00;1017.10;0.00;0.00;9.00;30.00;6.00;0.00;54.26;58.74;18.13;96.84;25.46;98.13;33.23;112.95;20.16
2018;08;27;09;00;28.09;70.00;1017.20;0.00;0.00;18.00;5.00;18.00;10.00;48.51;265.22;20.48;100.12;23.18;96.24;32.29;112.28;25.56
2018;08;27;10;00;29.39;60.00;1017.60;0.00;0.00;10.00;0.00;10.00;10.00;53.62;442.33;21.83;103.35;26.28;99.46;29.83;113.47;22.68
2018;08;27;11;00;30.59;56.00;1017.50;0.00;0.00;27.00;0.00;27.00;10.00;42.77;619.44;21.76;106.34;24.80;103.43;27.69;116.23;22.68
2018;08;27;12;00;31.37;53.00;1017.00;0.00;0.00;36.00;0.00;36.00;10.00;37.02;733.36;20.78;104.04;23.51;101.48;25.54;111.50;21.96
2018;08;27;13;00;30.40;54.00;1016.60;0.00;0.00;34.00;0.00;34.00;10.00;38.30;529.55;19.56;102.76;22.67;100.06;23.40;112.62;20.52
2018;08;27;14;00;32.17;49.00;1016.10;0.00;0.00;100.00;0.00;100.00;59.00;0.00;836.60;19.30;104.04;23.44;100.62;21.93;113.20;20.16
2018;08;27;15;00;29.10;62.00;1015.90;0.40;0.00;100.00;0.00;100.00;90.00;0.00;181.56;17.31;106.93;21.57;104.50;20.66;112.54;18.36
2018;08;27;16;00;28.16;70.00;1015.80;0.40;0.00;100.00;0.00;100.00;92.00;0.00;131.72;15.60;108.85;18.90;107.74;19.72;111.41;16.92
2018;08;27;17;00;27.74;76.00;1015.90;0.10;0.00;100.00;0.00;100.00;0.00;0.00;98.79;13.91;111.25;15.84;111.32;17.99;109.89;15.48
2018;08;27;18;00;28.16;72.00;1016.20;0.00;0.00;100.00;0.00;100.00;0.00;0.00;145.96;12.98;109.44;14.24;110.73;17.76;107.70;13.32
2018;08;27;19;00;27.94;73.00;1016.20;0.00;0.00;100.00;0.00;100.00;0.00;0.00;113.92;12.52;108.43;12.98;109.44;17.90;105.15;11.52
2018;08;27;20;00;26.76;78.00;1016.20;0.00;0.00;100.00;2.00;100.00;0.00;0.00;38.27;11.87;104.04;12.57;103.24;17.87;99.27;9.72
2018;08;27;21;00;26.16;79.00;1016.30;0.00;0.00;6.00;16.00;6.00;0.00;0.00;0.00;12.02;98.62;13.04;96.34;18.39;93.37;11.88
2018;08;27;22;00;25.78;80.00;1016.50;0.00;0.00;5.00;3.00;5.00;0.00;0.00;0.00;12.62;93.27;14.40;91.43;19.80;91.04;11.88
2018;08;27;23;00;25.47;81.00;1016.60;0.00;0.00;15.00;0.00;15.00;0.00;0.00;0.00;13.70;93.01;16.92;90.00;21.61;91.91;12.60
2018;08;28;00;00;25.42;83.00;1016.60;0.00;0.00;100.00;4.00;12.00;100.00;0.00;0.00;14.80;94.18;19.81;92.08;23.14;95.36;11.88
2018;08;28;01;00;25.52;83.00;1016.40;0.00;0.00;100.00;41.00;70.00;100.00;0.00;0.00;15.39;100.78;21.49;98.67;23.86;101.31;13.32
2018;08;28;02;00;24.49;87.00;1016.20;0.00;0.00;86.00;77.00;86.00;10.00;0.00;0.00;15.26;109.29;21.41;106.61;23.57;108.71;12.60
2018;08;28;03;00;23.97;90.00;1016.00;0.00;0.00;71.00;83.00;71.00;10.00;0.00;0.00;14.99;114.10;21.13;113.07;22.88;114.15;17.28
2018;08;28;04;00;23.44;91.00;1015.60;0.00;0.00;22.00;56.00;22.00;0.00;0.00;0.00;14.49;116.57;21.27;113.96;22.23;114.90;17.64
2018;08;28;05;00;23.04;92.00;1015.50;0.00;0.00;14.70;49.00;0.00;0.00;0.00;0.00;14.33;115.28;21.60;113.57;21.60;113.57;12.96
2018;08;28;06;00;22.70;93.00;1015.60;0.00;0.00;9.60;32.00;0.00;0.00;0.00;0.00;14.51;113.39;22.41;113.68;21.79;112.33;17.64
2018;08;28;07;00;22.43;94.00;1015.70;0.00;0.00;4.50;15.00;0.00;0.00;48.44;0.00;14.71;111.54;22.93;112.14;21.87;110.22;18.72
2018;08;28;08;00;23.77;92.00;1017.00;0.00;0.00;4.00;7.00;4.00;0.00;57.45;57.85;16.39;98.84;23.68;98.75;31.35;111.56;27.36
2018;08;28;09;00;26.84;78.00;1017.20;0.00;0.00;3.60;12.00;0.00;0.00;57.70;265.22;20.43;104.28;22.53;102.93;34.03;113.04;23.40
2018;08;28;10;00;28.37;68.00;1017.70;0.00;0.00;10.00;26.00;0.00;10.00;53.62;454.79;23.01;110.14;25.50;108.95;34.61;116.57;23.76
2018;08;28;11;00;29.83;58.00;1017.70;0.00;0.00;10.00;17.00;0.00;10.00;53.62;604.31;21.29;108.74;22.90;106.44;31.24;117.45;23.04
2018;08;28;12;00;30.86;54.00;1017.30;0.00;0.00;10.00;13.00;0.00;10.00;53.62;729.80;19.24;107.42;19.91;102.53;24.49;114.30;20.88
2018;08;28;13;00;31.67;51.00;1016.90;0.00;0.00;10.00;10.00;0.00;10.00;53.62;809.90;17.46;104.32;18.53;97.82;19.26;110.81;18.72
2018;08;28;14;00;32.01;50.00;1016.30;0.00;0.00;59.00;7.00;59.00;59.00;22.34;837.49;16.10;100.30;17.64;91.17;16.74;108.82;17.28
2018;08;28;15;00;30.52;55.00;1016.30;0.20;0.00;84.00;3.00;84.00;84.00;6.38;443.22;14.47;95.71;16.92;88.78;14.49;104.38;15.12
2018;08;28;16;00;29.96;59.00;1016.30;0.40;0.00;91.00;3.00;91.00;91.00;1.91;324.85;13.68;90.00;15.55;84.69;13.85;98.97;12.96
2018;08;28;17;00;29.02;67.00;1016.30;0.80;0.00;78.00;3.00;78.00;78.00;10.21;222.50;12.96;90.00;15.55;84.69;14.11;95.86;11.88
2018;08;28;18;00;28.61;74.00;1016.30;0.60;0.00;76.00;6.00;76.00;76.00;11.49;144.18;12.96;90.00;15.12;88.64;14.83;95.57;11.16
2018;08;28;19;00;28.00;77.00;1016.10;0.30;0.00;82.00;82.00;82.00;82.00;7.66;109.47;12.98;93.18;15.16;94.09;16.52;101.31;10.44
2018;08;28;20;00;26.75;81.00;1016.30;0.00;0.00;10.00;28.00;0.00;10.00;0.00;25.81;12.78;99.73;15.11;102.38;17.31;106.93;10.80
2018;08;28;21;00;25.91;84.00;1016.50;0.00;0.00;2.10;7.00;0.00;0.00;0.00;0.00;13.21;107.45;15.84;111.32;18.39;113.05;11.16
2018;08;28;22;00;25.27;86.00;1016.90;0.00;0.00;0.00;0.00;0.00;0.00;0.00;0.00;13.53;115.20;16.92;119.29;19.16;118.01;11.52
2018;08;28;23;00;24.71;89.00;1017.10;0.00;0.00;0.00;0.00;0.00;0.00;0.00;0.00;13.89;121.22;17.58;124.99;19.58;122.23;14.04
2018;08;29;00;00;24.16;91.00;1017.10;0.00;0.00;0.00;0.00;0.00;0.00;0.00;0.00;14.19;125.71;18.39;130.24;19.51;127.50;15.48
2018;08;29;01;00;23.74;93.00;1016.80;0.00;0.00;0.00;0.00;0.00;0.00;0.00;0.00;14.80;131.05;19.86;133.53;19.88;132.06;16.92
2018;08;29;02;00;23.36;94.00;1016.50;0.00;0.00;0.00;0.00;0.00;0.00;0.00;0.00;15.27;135.00;20.87;135.00;20.37;136.43;14.04
2018;08;29;03;00;23.01;95.00;1016.20;0.00;0.00;0.00;0.00;0.00;0.00;0.00;0.00;15.53;135.94;21.89;135.00;20.42;139.29;14.76
2018;08;29;04;00;22.73;96.00;1016.10;0.00;0.00;1.20;4.00;0.00;0.00;0.00;0.00;15.53;135.94;22.15;134.34;20.30;142.93;15.12
2018;08;29;05;00;22.48;96.00;1016.00;0.00;0.00;6.60;22.00;0.00;0.00;0.00;0.00;15.27;135.00;22.42;132.40;19.59;143.97;20.16
2018;08;29;06;00;22.28;96.00;1016.10;0.00;0.00;17.40;58.00;4.00;0.00;0.00;0.00;15.04;132.09;22.26;129.09;19.08;144.21;19.80
2018;08;29;07;00;22.24;96.00;1016.20;0.00;0.00;30.00;100.00;7.00;0.00;34.41;0.00;14.84;129.09;22.39;126.50;18.29;143.81;19.80
2018;08;29;08;00;25.12;92.00;1017.00;0.00;0.00;14.00;22.00;14.00;0.00;51.06;56.07;18.67;109.13;27.69;105.84;26.43;114.12;25.92
2018;08;29;09;00;27.20;82.00;1017.30;0.30;0.00;83.00;83.00;83.00;83.00;7.02;247.42;20.28;106.50;24.80;103.43;24.54;112.43;22.32
2018;08;29;10;00;27.60;82.00;1017.50;0.60;0.00;99.00;95.00;99.00;99.00;0.00;168.21;20.00;103.54;23.66;103.19;23.34;109.83;21.60
2018;08;29;11;00;26.41;82.00;1018.30;0.80;0.00;100.00;100.00;100.00;88.00;0.00;105.91;20.18;105.52;23.01;110.14;22.46;111.63;21.24
2018;08;29;12;00;26.86;76.00;1018.40;0.10;0.00;100.00;100.00;100.00;76.00;0.00;249.20;18.69;105.64;19.93;110.07;21.79;112.33;17.28
2018;08;29;13;00;28.05;70.00;1018.20;0.10;0.00;68.00;69.00;68.00;55.00;16.60;368.46;16.60;102.53;16.68;103.74;20.33;112.93;15.48
2018;08;29;14;00;28.03;69.00;1017.70;0.10;0.00;71.00;2.00;71.00;71.00;14.68;299.04;14.92;98.33;14.44;94.29;17.31;106.93;12.96
2018;08;29;15;00;28.18;68.00;1017.50;0.20;0.00;84.00;2.00;84.00;84.00;6.38;200.25;14.15;97.31;13.70;93.01;16.77;104.93;12.60
2018;08;29;16;00;28.24;68.00;1017.20;0.20;0.00;84.00;3.00;84.00;84.00;6.38;184.23;13.36;94.64;13.32;90.00;16.60;102.53;11.52
2018;08;29;17;00;28.07;71.00;1016.50;0.30;0.00;70.00;3.00;70.00;70.00;15.32;155.75;12.62;93.27;13.70;86.99;16.75;98.65;10.44
2018;08;29;18;00;28.00;73.00;1015.80;0.50;0.00;89.00;20.00;89.00;89.00;3.19;137.06;13.36;94.64;14.76;88.60;17.82;98.13;10.44
2018;08;29;19;00;28.00;75.00;1015.90;0.10;0.00;3.60;12.00;0.00;0.00;57.70;127.27;14.62;99.93;15.88;93.90;20.08;104.53;11.16
2018;08;29;20;00;26.63;78.00;1015.90;0.00;0.00;8.40;28.00;0.00;0.00;0.00;64.08;15.19;103.71;17.58;100.62;21.63;108.43;11.16
2018;08;29;21;00;26.03;80.00;1016.20;0.00;0.00;9.60;32.00;0.00;0.00;0.00;0.00;15.03;106.70;18.35;105.95;22.08;114.06;11.16
2018;08;29;22;00;25.44;83.00;1016.60;0.00;0.00;6.30;21.00;0.00;0.00;0.00;0.00;15.60;108.85;19.47;109.44;21.58;117.85;11.52
2018;08;29;23;00;25.02;85.00;1016.80;0.00;0.00;5.70;19.00;0.00;0.00;0.00;0.00;15.51;111.80;20.06;111.04;20.32;119.74;11.52
2018;08;30;00;00;24.78;88.00;1016.80;0.00;0.00;100.00;17.00;0.00;100.00;0.00;0.00;15.79;114.23;21.42;114.84;20.19;121.14;11.88
2018;08;30;01;00;24.86;89.00;1016.90;0.00;0.00;100.00;24.00;0.00;100.00;0.00;0.00;16.42;116.00;23.19;117.76;20.07;122.55;11.88
2018;08;30;02;00;24.62;91.00;1016.70;0.00;0.00;100.00;27.00;0.00;100.00;0.00;0.00;16.61;119.90;24.70;120.68;19.67;124.56;19.44
2018;08;30;03;00;24.34;93.00;1016.50;0.00;0.00;100.00;27.00;0.00;100.00;0.00;0.00;17.37;124.02;25.66;124.14;19.30;126.66;13.32
2018;08;30;04;00;24.15;95.00;1016.40;0.00;0.00;100.00;17.00;0.00;100.00;0.00;0.00;17.71;127.57;26.50;126.71;19.73;128.33;22.32
2018;08;30;05;00;24.12;93.00;1016.10;0.00;0.00;100.00;8.00;0.00;100.00;0.00;0.00;18.16;129.37;26.14;128.29;19.64;131.28;14.76
2018;08;30;06;00;23.46;95.00;1016.10;0.00;0.00;0.90;3.00;0.00;0.00;0.00;0.00;17.61;130.86;25.36;128.66;19.11;132.71;24.12
2018;08;30;07;00;22.57;97.00;1016.00;0.00;0.00;0.00;0.00;0.00;0.00;50.21;0.00;16.83;131.53;25.36;128.66;18.08;135.81;23.40
2018;08;30;08;00;24.35;94.00;1015.90;0.00;0.00;100.00;100.00;100.00;11.00;0.00;24.03;17.25;113.36;25.28;107.40;31.30;120.40;21.96
2018;08;30;09;00;25.64;88.00;1016.20;0.00;0.00;100.00;100.00;100.00;6.00;0.00;84.55;18.79;110.17;24.80;103.43;29.14;117.20;16.92
2018;08;30;10;00;26.62;83.00;1016.50;0.00;0.00;100.00;100.00;100.00;2.00;0.00;153.97;20.15;108.76;25.58;103.84;29.35;113.11;18.36
2018;08;30;11;00;26.77;82.00;1016.70;0.40;0.00;100.00;68.00;100.00;93.00;0.00;184.23;20.04;107.78;25.28;107.40;29.37;109.32;19.08
2018;08;30;12;00;26.89;81.00;1016.40;1.50;0.00;100.00;91.00;100.00;100.00;0.00;194.02;21.05;102.85;26.55;105.73;31.09;103.39;19.80
2018;08;30;13;00;26.80;80.00;1016.50;1.40;0.00;100.00;94.00;100.00;84.00;0.00;161.09;21.25;100.74;25.42;105.61;32.49;102.80;20.88
2018;08;30;14;00;26.87;78.00;1016.10;1.00;0.00;100.00;72.00;100.00;94.00;0.00;175.33;20.52;105.26;22.55;109.59;32.34;106.82;20.52
2018;08;30;15;00;26.85;78.00;1016.10;1.00;0.00;100.00;36.00;100.00;99.00;0.00;179.78;18.86;113.63;21.10;115.25;31.29;113.03;19.44
2018;08;30;16;00;26.76;77.00;1015.70;0.80;0.00;100.00;13.00;100.00;100.00;0.00;160.20;16.61;119.90;18.28;122.12;28.85;119.12;17.64
2018;08;30;17;00;26.63;78.00;1015.10;0.60;0.00;100.00;15.00;100.00;73.00;0.00;141.51;14.78;124.08;15.70;126.61;26.16;124.35;14.76
2018;08;30;18;00;27.24;76.00;1014.90;0.20;0.00;100.00;22.00;100.00;80.00;0.00;153.08;13.61;127.48;13.25;132.80;25.08;129.17;13.32
2018;08;30;19;00;26.28;81.00;1014.90;0.10;0.00;100.00;17.00;100.00;66.00;0.00;90.78;11.30;127.23;12.50;131.50;24.25;130.79;11.16
2018;08;30;20;00;25.10;86.00;1014.90;0.00;0.00;100.00;14.00;100.00;0.00;0.00;25.81;11.25;129.81;12.23;132.61;24.22;131.99;11.88
2018;08;30;21;00;25.51;88.00;1015.10;0.00;0.00;100.00;100.00;100.00;4.00;0.00;0.00;15.14;87.27;19.13;85.68;16.75;98.65;14.76
2018;08;30;22;00;25.23;90.00;1015.50;0.00;0.00;100.00;29.00;100.00;2.00;0.00;0.00;15.12;90.00;20.53;87.99;18.35;105.95;12.24
2018;08;30;23;00;24.79;92.00;1014.70;0.00;0.00;46.00;100.00;46.00;0.00;0.00;0.00;16.56;91.25;23.78;87.40;23.24;106.19;14.04
2018;08;31;00;00;24.91;92.00;1014.80;0.20;0.00;100.00;100.00;100.00;84.00;0.00;0.00;17.06;97.28;24.50;92.53;26.43;114.12;22.32
2018;08;31;01;00;25.09;94.00;1015.00;2.40;0.00;100.00;100.00;100.00;93.00;0.00;0.00;17.16;99.66;26.08;96.34;30.43;115.96;20.88
2018;08;31;02;00;25.21;95.00;1014.80;2.40;0.00;100.00;100.00;100.00;100.00;0.00;0.00;18.08;102.65;25.81;98.02;33.82;117.93;15.12
2018;08;31;03;00;25.25;94.00;1014.50;2.60;0.00;100.00;100.00;100.00;100.00;0.00;0.00;18.67;109.13;26.20;102.70;38.04;119.48;16.92
2018;08;31;04;00;25.17;95.00;1014.40;1.90;0.00;100.00;82.00;100.00;100.00;0.00;0.00;19.52;112.78;26.53;108.19;40.26;121.84;22.68
2018;08;31;05;00;25.05;95.00;1014.30;1.20;0.00;100.00;100.00;100.00;0.00;0.00;0.00;20.62;114.78;27.42;113.20;40.85;124.95;28.44
2018;08;31;06;00;24.56;96.00;1014.50;0.00;0.00;100.00;100.00;100.00;0.00;0.00;0.00;20.12;116.57;26.76;113.81;36.88;128.66;29.16
2018;08;31;07;00;24.33;96.00;1014.50;0.00;0.00;100.00;100.00;100.00;0.00;0.00;0.00;19.26;110.81;26.21;105.95;32.27;125.46;23.40
2018;08;31;08;00;24.61;95.00;1015.00;0.00;0.00;100.00;100.00;100.00;0.00;0.00;14.24;19.93;106.80;26.76;100.86;31.61;120.07;20.88
2018;08;31;09;00;25.36;92.00;1015.50;0.00;0.00;100.00;100.00;100.00;0.00;0.00;67.64;22.80;105.57;28.95;100.75;36.71;115.56;28.08
2018;08;31;10;00;26.11;87.00;1015.70;0.00;0.00;100.00;100.00;100.00;0.00;0.00;124.60;26.18;108.43;31.80;105.77;43.31;116.14;25.92
2018;08;31;11;00;26.40;84.00;1016.00;0.30;0.00;100.00;100.00;100.00;91.00;0.00;170.88;26.67;111.37;32.79;109.23;46.53;117.16;27.72
2018;08;31;12;00;26.59;83.00;1016.90;0.00;0.00;100.00;100.00;100.00;82.00;0.00;145.07;25.29;114.38;31.08;115.38;47.24;122.24;27.72
2018;08;31;13;00;26.56;82.00;1016.40;1.30;0.00;100.00;100.00;100.00;85.00;0.00;180.67;24.34;119.22;29.08;121.33;46.51;127.14;26.64
2018;08;31;14;00;26.49;82.00;1015.90;0.90;0.00;100.00;100.00;100.00;88.00;0.00;142.40;22.27;124.46;25.54;130.43;43.81;133.00;25.92
2018;08;31;15;00;26.64;80.00;1015.30;0.50;0.00;100.00;84.00;100.00;91.00;0.00;179.78;19.80;126.87;22.18;131.71;39.21;134.26;22.68
2018;08;31;16;00;26.54;81.00;1014.90;0.40;0.00;100.00;58.00;100.00;90.00;0.00;161.98;17.50;126.63;19.11;132.71;35.64;135.00;21.60
2018;08;31;17;00;26.40;81.00;1014.10;0.30;0.00;100.00;37.00;100.00;69.00;0.00;138.84;15.99;121.18;16.70;127.12;31.60;132.23;17.64
2018;08;31;18;00;27.14;78.00;1014.20;0.20;0.00;100.00;9.00;100.00;77.00;0.00;157.53;15.29;116.57;14.51;119.74;28.12;129.81;18.00
2018;08;31;19;00;26.13;82.00;1014.30;0.00;0.00;72.00;4.00;72.00;71.00;14.04;93.45;13.91;111.25;14.37;112.07;26.79;126.25;14.76
2018;08;31;20;00;24.51;89.00;1014.40;0.00;0.00;13.00;9.00;13.00;0.00;0.00;25.81;13.21;107.45;15.14;108.00;26.06;122.59;13.32
2018;08;31;21;00;23.98;91.00;1014.60;0.00;0.00;6.00;17.00;6.00;0.00;0.00;0.00;13.45;105.52;15.03;106.70;25.46;118.74;15.48
2018;08;31;22;00;23.74;91.00;1015.20;0.00;0.00;6.90;23.00;0.00;0.00;0.00;0.00;13.45;105.52;15.38;106.31;25.60;115.84;15.12
2018;08;31;23;00;23.56;91.00;1015.20;0.00;0.00;6.90;23.00;0.00;0.00;0.00;0.00;13.90;106.56;15.94;108.43;25.77;114.78;15.12
